date,product_id,product_name,category,units_sold,selling_price,promotion,discount,holiday,store_location,stock_available
2022-01-01,9,Notebook A4,Stationery,217,4.99,False,0,True,Los Angeles,569
2022-01-01,12,Markers Pack,Stationery,73,6.99,False,0,False,Houston,175
2022-01-01,3,USB-C Hub,Electronics,23,49.99,False,0,False,Houston,34
2022-01-01,8,Bookshelf,Furniture,13,199.99,False,0,False,Phoenix,51
2022-01-02,7,Standing Desk,Furniture,9,599.99,False,0,False,Houston,39
2022-01-03,10,Pen Set,Stationery,111,12.99,False,0,False,New York,244
2022-01-03,1,Laptop Pro 15,Electronics,24,974.99,True,25,False,Los Angeles,49
2022-01-03,5,Monitor 27inch,Electronics,12,399.99,False,0,False,Houston,33
2022-01-05,12,Markers Pack,Stationery,78,6.99,False,0,False,Houston,139
2022-01-05,1,Laptop Pro 15,Electronics,6,1299.99,False,0,False,Los Angeles,16
2022-01-06,15,Desk Lamp,Accessories,24,34.99,False,0,False,Houston,36
2022-01-07,12,Markers Pack,Stationery,81,6.99,False,0,False,Houston,328
2022-01-07,10,Pen Set,Stationery,108,12.99,False,0,True,Chicago,370
2022-01-07,2,Wireless Mouse,Electronics,64,29.99,False,0,False,Phoenix,154
2022-01-07,4,Mechanical Keyboard,Electronics,29,149.99,False,0,False,New York,136
2022-01-08,8,Bookshelf,Furniture,22,199.99,False,0,True,New York,71
2022-01-08,12,Markers Pack,Stationery,62,6.99,False,0,False,Chicago,223
2022-01-09,2,Wireless Mouse,Electronics,86,29.99,False,0,True,Los Angeles,137
2022-01-09,1,Laptop Pro 15,Electronics,11,1299.99,False,0,False,New York,53
2022-01-09,8,Bookshelf,Furniture,6,199.99,False,0,False,Los Angeles,28
2022-01-09,6,Office Chair,Furniture,12,299.99,False,0,False,Phoenix,23
2022-01-10,13,Backpack Pro,Accessories,18,79.99,False,0,False,New York,88
2022-01-10,10,Pen Set,Stationery,98,12.99,False,0,False,Los Angeles,177
2022-01-10,11,Printer Paper,Stationery,221,8.99,False,0,True,Phoenix,846
2022-01-10,1,Laptop Pro 15,Electronics,8,1299.99,False,0,False,New York,25
2022-01-10,7,Standing Desk,Furniture,8,599.99,False,0,False,Houston,29
2022-01-10,10,Pen Set,Stationery,84,12.99,False,0,False,Houston,406
2022-01-10,2,Wireless Mouse,Electronics,43,29.99,False,0,False,New York,87
2022-01-11,11,Printer Paper,Stationery,111,8.99,False,0,False,Chicago,535
2022-01-11,1,Laptop Pro 15,Electronics,22,1299.99,True,0,False,Houston,51
2022-01-11,10,Pen Set,Stationery,93,12.99,False,0,False,Chicago,446
2022-01-11,2,Wireless Mouse,Electronics,127,26.99,True,10,False,Chicago,634
2022-01-11,9,Notebook A4,Stationery,171,4.99,False,0,False,Chicago,438
2022-01-11,7,Standing Desk,Furniture,10,599.99,False,0,False,Phoenix,20
2022-01-11,11,Printer Paper,Stationery,276,8.99,True,0,False,Los Angeles,652
2022-01-12,9,Notebook A4,Stationery,186,4.49,True,10,False,Phoenix,913
2022-01-12,10,Pen Set,Stationery,81,12.99,False,0,False,Houston,326
2022-01-12,1,Laptop Pro 15,Electronics,5,1299.99,False,0,False,New York,19
2022-01-12,8,Bookshelf,Furniture,11,199.99,False,0,False,New York,41
2022-01-12,10,Pen Set,Stationery,143,12.99,False,0,False,Chicago,287
2022-01-13,1,Laptop Pro 15,Electronics,12,1299.99,False,0,False,Chicago,43
2022-01-13,1,Laptop Pro 15,Electronics,12,1299.99,False,0,False,Phoenix,45
2022-01-13,15,Desk Lamp,Accessories,25,34.99,False,0,False,New York,117
2022-01-13,6,Office Chair,Furniture,9,299.99,False,0,False,Los Angeles,14
2022-01-14,5,Monitor 27inch,Electronics,21,399.99,True,0,False,Phoenix,68
2022-01-14,1,Laptop Pro 15,Electronics,12,1299.99,False,0,False,Houston,48
2022-01-15,5,Monitor 27inch,Electronics,20,399.99,False,0,False,Phoenix,81
2022-01-15,11,Printer Paper,Stationery,202,8.99,False,0,False,Phoenix,753
2022-01-15,14,Water Bottle,Accessories,56,19.99,False,0,False,Houston,193
2022-01-16,10,Pen Set,Stationery,289,9.74,True,25,False,Phoenix,977
2022-01-16,12,Markers Pack,Stationery,124,6.99,False,0,False,New York,338
2022-01-16,13,Backpack Pro,Accessories,21,79.99,False,0,False,Phoenix,33
2022-01-16,1,Laptop Pro 15,Electronics,10,1299.99,False,0,True,Houston,30
2022-01-16,8,Bookshelf,Furniture,12,199.99,False,0,False,Phoenix,30
2022-01-16,4,Mechanical Keyboard,Electronics,37,149.99,False,0,False,Houston,169
2022-01-16,6,Office Chair,Furniture,16,299.99,False,0,False,Chicago,63
2022-01-16,4,Mechanical Keyboard,Electronics,26,149.99,False,0,False,Los Angeles,68
2022-01-16,13,Backpack Pro,Accessories,38,79.99,False,0,False,Phoenix,177
2022-01-17,1,Laptop Pro 15,Electronics,26,1234.99,True,5,False,Chicago,108
2022-01-17,14,Water Bottle,Accessories,102,19.99,False,0,False,Houston,444
2022-01-17,5,Monitor 27inch,Electronics,16,399.99,False,0,False,Chicago,29
2022-01-17,6,Office Chair,Furniture,19,239.99,True,20,False,Phoenix,59
2022-01-17,7,Standing Desk,Furniture,5,599.99,False,0,False,Chicago,24
2022-01-17,11,Printer Paper,Stationery,152,8.99,False,0,False,Los Angeles,612
2022-01-18,11,Printer Paper,Stationery,264,8.54,True,5,False,New York,513
2022-01-18,6,Office Chair,Furniture,6,299.99,False,0,False,Los Angeles,13
2022-01-18,2,Wireless Mouse,Electronics,30,29.99,False,0,False,Chicago,120
2022-01-18,1,Laptop Pro 15,Electronics,16,1299.99,False,0,False,Phoenix,77
2022-01-19,5,Monitor 27inch,Electronics,9,399.99,False,0,False,Chicago,28
2022-01-19,6,Office Chair,Furniture,4,299.99,False,0,False,Phoenix,18
2022-01-19,4,Mechanical Keyboard,Electronics,26,149.99,False,0,False,Los Angeles,129
2022-01-19,2,Wireless Mouse,Electronics,83,26.99,True,10,False,Phoenix,154
2022-01-19,2,Wireless Mouse,Electronics,79,29.99,False,0,False,Houston,301
2022-01-19,10,Pen Set,Stationery,140,12.99,False,0,False,Chicago,561
2022-01-20,6,Office Chair,Furniture,10,299.99,False,0,False,Houston,31
2022-01-20,14,Water Bottle,Accessories,98,19.99,False,0,False,Houston,450
2022-01-20,15,Desk Lamp,Accessories,47,34.99,False,0,True,Phoenix,139
2022-01-21,7,Standing Desk,Furniture,8,599.99,False,0,True,New York,39
2022-01-21,15,Desk Lamp,Accessories,32,34.99,False,0,False,Los Angeles,102
2022-01-22,1,Laptop Pro 15,Electronics,12,1299.99,False,0,True,Los Angeles,59
2022-01-22,7,Standing Desk,Furniture,11,599.99,False,0,False,Los Angeles,43
2022-01-22,13,Backpack Pro,Accessories,24,79.99,False,0,False,Los Angeles,37
2022-01-22,15,Desk Lamp,Accessories,73,26.24,True,25,False,Houston,341
2022-01-23,4,Mechanical Keyboard,Electronics,23,149.99,False,0,False,Phoenix,74
2022-01-23,3,USB-C Hub,Electronics,34,49.99,False,0,False,Los Angeles,109
2022-01-23,6,Office Chair,Furniture,12,299.99,False,0,False,Los Angeles,42
2022-01-24,4,Mechanical Keyboard,Electronics,27,149.99,False,0,False,Phoenix,64
2022-01-24,10,Pen Set,Stationery,97,12.99,False,0,False,Phoenix,319
2022-01-24,8,Bookshelf,Furniture,17,169.99,True,15,False,Chicago,49
2022-01-24,3,USB-C Hub,Electronics,53,49.99,False,0,False,New York,224
2022-01-25,12,Markers Pack,Stationery,89,6.99,False,0,False,New York,278
2022-01-25,10,Pen Set,Stationery,147,12.34,True,5,False,Phoenix,590
2022-01-25,13,Backpack Pro,Accessories,36,79.99,True,0,False,Chicago,56
2022-01-25,2,Wireless Mouse,Electronics,33,29.99,False,0,False,Los Angeles,102
2022-01-25,11,Printer Paper,Stationery,135,8.99,False,0,False,Los Angeles,326
2022-01-26,9,Notebook A4,Stationery,203,4.99,False,0,False,Houston,761
2022-01-26,8,Bookshelf,Furniture,14,199.99,False,0,False,Houston,56
2022-01-26,7,Standing Desk,Furniture,1,599.99,False,0,False,Phoenix,3
2022-01-26,4,Mechanical Keyboard,Electronics,30,149.99,False,0,False,Chicago,126
2022-01-26,8,Bookshelf,Furniture,12,199.99,False,0,False,Los Angeles,52
2022-01-26,7,Standing Desk,Furniture,7,599.99,False,0,False,Chicago,17
2022-01-27,8,Bookshelf,Furniture,11,199.99,False,0,False,Phoenix,25
2022-01-27,2,Wireless Mouse,Electronics,44,29.99,False,0,False,Phoenix,144
2022-01-27,15,Desk Lamp,Accessories,45,34.99,False,0,False,Chicago,137
2022-01-27,4,Mechanical Keyboard,Electronics,12,149.99,False,0,True,Los Angeles,22
2022-01-27,13,Backpack Pro,Accessories,26,79.99,False,0,False,Houston,84
2022-01-27,5,Monitor 27inch,Electronics,25,299.99,True,25,True,New York,104
2022-01-27,11,Printer Paper,Stationery,164,8.99,False,0,False,Phoenix,356
2022-01-27,12,Markers Pack,Stationery,91,6.99,False,0,False,Chicago,285
2022-01-28,8,Bookshelf,Furniture,9,199.99,False,0,False,Chicago,19
2022-01-28,6,Office Chair,Furniture,14,299.99,False,0,False,Houston,38
2022-01-28,9,Notebook A4,Stationery,158,4.99,False,0,False,Chicago,663
2022-01-29,14,Water Bottle,Accessories,137,19.99,False,0,False,Phoenix,435
2022-01-29,11,Printer Paper,Stationery,106,8.99,False,0,False,Chicago,294
2022-01-29,6,Office Chair,Furniture,5,299.99,False,0,False,New York,24
2022-01-29,4,Mechanical Keyboard,Electronics,33,149.99,False,0,False,New York,126
2022-01-29,3,USB-C Hub,Electronics,48,49.99,False,0,False,Chicago,82
2022-01-29,1,Laptop Pro 15,Electronics,12,1299.99,False,0,False,Phoenix,22
2022-01-30,7,Standing Desk,Furniture,5,599.99,False,0,False,New York,21
2022-01-30,6,Office Chair,Furniture,9,299.99,False,0,False,Los Angeles,42
2022-01-30,4,Mechanical Keyboard,Electronics,32,149.99,False,0,False,New York,154
2022-01-30,11,Printer Paper,Stationery,248,8.99,False,0,False,Houston,947
2022-01-30,14,Water Bottle,Accessories,95,19.99,False,0,False,Phoenix,327
2022-01-30,10,Pen Set,Stationery,161,12.99,False,0,False,Houston,793
2022-01-30,4,Mechanical Keyboard,Electronics,43,134.99,True,10,False,Los Angeles,150
2022-01-30,9,Notebook A4,Stationery,213,4.99,False,0,False,Houston,589
2022-01-30,3,USB-C Hub,Electronics,72,49.99,False,0,False,Chicago,262
2022-01-30,1,Laptop Pro 15,Electronics,10,1299.99,False,0,False,New York,36
2022-01-31,2,Wireless Mouse,Electronics,78,23.99,True,20,False,Houston,352
2022-01-31,8,Bookshelf,Furniture,13,199.99,False,0,False,New York,64
2022-01-31,7,Standing Desk,Furniture,8,599.99,False,0,False,Chicago,14
2022-01-31,5,Monitor 27inch,Electronics,22,399.99,False,0,True,Los Angeles,96
2022-01-31,15,Desk Lamp,Accessories,24,34.99,False,0,False,Houston,77
2022-01-31,11,Printer Paper,Stationery,148,8.99,False,0,False,Phoenix,344
2022-01-31,13,Backpack Pro,Accessories,19,79.99,False,0,False,Chicago,49
2022-02-01,3,USB-C Hub,Electronics,47,49.99,False,0,False,Chicago,81
2022-02-01,10,Pen Set,Stationery,102,12.99,False,0,False,Houston,504
2022-02-01,12,Markers Pack,Stationery,62,5.94,True,15,False,Phoenix,184
2022-02-01,12,Markers Pack,Stationery,113,6.99,False,0,False,Los Angeles,553
2022-02-01,14,Water Bottle,Accessories,43,19.99,False,0,False,Phoenix,78
2022-02-01,3,USB-C Hub,Electronics,91,47.49,True,5,False,Chicago,391
2022-02-02,15,Desk Lamp,Accessories,54,29.74,True,15,False,Chicago,145
2022-02-02,5,Monitor 27inch,Electronics,13,399.99,False,0,False,New York,41
2022-02-02,8,Bookshelf,Furniture,9,199.99,False,0,False,Houston,37
2022-02-02,8,Bookshelf,Furniture,10,199.99,False,0,True,Phoenix,43
2022-02-02,4,Mechanical Keyboard,Electronics,26,149.99,False,0,False,Los Angeles,67
2022-02-02,3,USB-C Hub,Electronics,61,47.49,True,5,True,Los Angeles,162
2022-02-03,15,Desk Lamp,Accessories,19,34.99,False,0,False,Houston,36
2022-02-03,1,Laptop Pro 15,Electronics,15,1299.99,False,0,True,Houston,41
2022-02-03,9,Notebook A4,Stationery,150,4.99,False,0,False,Houston,435
2022-02-03,4,Mechanical Keyboard,Electronics,27,149.99,False,0,False,Phoenix,95
2022-02-04,2,Wireless Mouse,Electronics,93,29.99,False,0,False,Los Angeles,224
2022-02-04,7,Standing Desk,Furniture,4,599.99,False,0,False,New York,9
2022-02-04,5,Monitor 27inch,Electronics,8,399.99,False,0,False,Phoenix,23
2022-02-05,9,Notebook A4,Stationery,348,4.99,False,0,False,Los Angeles,1145
2022-02-05,12,Markers Pack,Stationery,64,6.99,False,0,False,Chicago,312
2022-02-05,12,Markers Pack,Stationery,107,6.99,False,0,False,Chicago,530
2022-02-05,14,Water Bottle,Accessories,112,19.99,False,0,False,New York,193
2022-02-05,15,Desk Lamp,Accessories,43,34.99,True,0,False,Los Angeles,189
2022-02-06,5,Monitor 27inch,Electronics,19,399.99,False,0,False,Houston,28
2022-02-06,11,Printer Paper,Stationery,241,8.99,False,0,False,New York,931
2022-02-06,6,Office Chair,Furniture,38,224.99,True,25,False,Los Angeles,184
2022-02-06,9,Notebook A4,Stationery,229,4.99,False,0,False,Phoenix,818
2022-02-06,6,Office Chair,Furniture,13,254.99,True,15,False,Phoenix,32
2022-02-07,8,Bookshelf,Furniture,4,199.99,False,0,False,Los Angeles,8
2022-02-07,13,Backpack Pro,Accessories,14,79.99,False,0,False,Houston,61
2022-02-07,2,Wireless Mouse,Electronics,132,22.49,True,25,False,Houston,623
2022-02-07,10,Pen Set,Stationery,78,12.99,False,0,False,New York,314
2022-02-08,8,Bookshelf,Furniture,3,199.99,False,0,False,Houston,4
2022-02-08,14,Water Bottle,Accessories,77,18.99,True,5,False,Chicago,196
2022-02-08,5,Monitor 27inch,Electronics,21,399.99,False,0,False,Chicago,76
2022-02-08,9,Notebook A4,Stationery,187,4.99,False,0,False,Chicago,335
2022-02-08,8,Bookshelf,Furniture,14,199.99,False,0,False,Phoenix,52
2022-02-08,10,Pen Set,Stationery,45,12.99,False,0,False,Phoenix,152
2022-02-08,10,Pen Set,Stationery,81,12.99,False,0,False,Los Angeles,160
2022-02-09,2,Wireless Mouse,Electronics,64,29.99,False,0,False,Chicago,290
2022-02-09,8,Bookshelf,Furniture,16,169.99,True,15,False,Los Angeles,70
2022-02-09,9,Notebook A4,Stationery,241,4.99,False,0,False,Houston,769
2022-02-09,2,Wireless Mouse,Electronics,56,29.99,False,0,False,Houston,270
2022-02-09,5,Monitor 27inch,Electronics,6,399.99,False,0,False,New York,22
2022-02-09,1,Laptop Pro 15,Electronics,11,1299.99,False,0,False,Phoenix,23
2022-02-10,13,Backpack Pro,Accessories,33,79.99,False,0,True,New York,86
2022-02-10,9,Notebook A4,Stationery,380,4.24,True,15,False,Houston,1472
2022-02-10,5,Monitor 27inch,Electronics,14,399.99,False,0,False,Phoenix,45
2022-02-10,5,Monitor 27inch,Electronics,18,399.99,False,0,False,Houston,74
2022-02-10,7,Standing Desk,Furniture,9,569.99,True,5,False,Phoenix,38
2022-02-10,15,Desk Lamp,Accessories,29,34.99,False,0,False,New York,74
2022-02-11,5,Monitor 27inch,Electronics,12,399.99,False,0,False,New York,35
2022-02-11,1,Laptop Pro 15,Electronics,10,1299.99,False,0,False,Houston,42
2022-02-11,1,Laptop Pro 15,Electronics,6,1299.99,False,0,False,New York,27
2022-02-11,6,Office Chair,Furniture,6,299.99,False,0,False,Los Angeles,12
2022-02-11,5,Monitor 27inch,Electronics,37,399.99,False,0,True,New York,55
2022-02-12,2,Wireless Mouse,Electronics,105,29.99,False,0,False,Houston,458
2022-02-12,3,USB-C Hub,Electronics,73,49.99,False,0,False,Los Angeles,236
2022-02-12,9,Notebook A4,Stationery,222,4.99,False,0,False,Houston,851
2022-02-12,15,Desk Lamp,Accessories,41,34.99,False,0,False,Phoenix,147
2022-02-13,14,Water Bottle,Accessories,51,19.99,False,0,False,New York,225
2022-02-13,9,Notebook A4,Stationery,332,4.49,True,10,False,Houston,1262
2022-02-13,2,Wireless Mouse,Electronics,83,29.99,False,0,False,Chicago,283
2022-02-13,15,Desk Lamp,Accessories,38,34.99,False,0,False,New York,153
2022-02-14,13,Backpack Pro,Accessories,16,79.99,False,0,False,Los Angeles,28
2022-02-14,14,Water Bottle,Accessories,18,19.99,False,0,False,Houston,72
2022-02-14,5,Monitor 27inch,Electronics,20,399.99,False,0,False,Chicago,83
2022-02-15,3,USB-C Hub,Electronics,35,49.99,False,0,False,Chicago,161
2022-02-15,1,Laptop Pro 15,Electronics,8,1299.99,False,0,False,New York,18
2022-02-15,7,Standing Desk,Furniture,6,599.99,False,0,False,Phoenix,12
2022-02-15,5,Monitor 27inch,Electronics,15,399.99,True,0,False,New York,74
2022-02-15,14,Water Bottle,Accessories,61,19.99,False,0,False,Phoenix,127
2022-02-15,8,Bookshelf,Furniture,11,199.99,False,0,False,Chicago,23
2022-02-15,7,Standing Desk,Furniture,8,599.99,False,0,False,Phoenix,17
2022-02-15,13,Backpack Pro,Accessories,30,79.99,False,0,False,New York,120
2022-02-16,14,Water Bottle,Accessories,48,19.99,False,0,False,Los Angeles,85
2022-02-16,9,Notebook A4,Stationery,120,4.99,False,0,False,Chicago,566
2022-02-16,13,Backpack Pro,Accessories,20,79.99,False,0,False,Houston,67
2022-02-16,10,Pen Set,Stationery,176,12.99,True,0,False,Phoenix,555
2022-02-16,12,Markers Pack,Stationery,116,6.99,False,0,False,Houston,426
2022-02-17,13,Backpack Pro,Accessories,27,79.99,False,0,False,Phoenix,40
2022-02-17,6,Office Chair,Furniture,11,299.99,False,0,False,Houston,26
2022-02-18,4,Mechanical Keyboard,Electronics,30,149.99,False,0,False,Los Angeles,140
2022-02-18,3,USB-C Hub,Electronics,58,47.49,True,5,False,Phoenix,163
2022-02-18,7,Standing Desk,Furniture,5,599.99,False,0,False,New York,20
2022-02-18,4,Mechanical Keyboard,Electronics,19,149.99,False,0,False,Houston,43
2022-02-18,4,Mechanical Keyboard,Electronics,19,149.99,False,0,False,Chicago,85
2022-02-18,15,Desk Lamp,Accessories,27,34.99,False,0,False,Houston,71
2022-02-19,5,Monitor 27inch,Electronics,18,399.99,False,0,False,Los Angeles,78
2022-02-19,10,Pen Set,Stationery,148,12.99,False,0,False,Chicago,672
2022-02-19,13,Backpack Pro,Accessories,43,63.99,True,20,False,Los Angeles,137
2022-02-20,10,Pen Set,Stationery,263,11.04,True,15,False,Chicago,957
2022-02-20,10,Pen Set,Stationery,268,12.99,False,0,True,New York,1192
2022-02-21,12,Markers Pack,Stationery,74,6.99,False,0,False,Los Angeles,246
2022-02-21,3,USB-C Hub,Electronics,26,49.99,False,0,False,Phoenix,56
2022-02-21,14,Water Bottle,Accessories,41,19.99,False,0,False,Phoenix,78
2022-02-21,7,Standing Desk,Furniture,8,599.99,False,0,False,New York,21
2022-02-21,2,Wireless Mouse,Electronics,98,29.99,False,0,False,Los Angeles,451
2022-02-22,7,Standing Desk,Furniture,5,599.99,False,0,False,Houston,13
2022-02-22,5,Monitor 27inch,Electronics,14,399.99,False,0,False,New York,25
2022-02-22,11,Printer Paper,Stationery,114,8.99,False,0,True,Phoenix,317
2022-02-22,14,Water Bottle,Accessories,72,16.99,True,15,False,Phoenix,289
2022-02-23,2,Wireless Mouse,Electronics,82,29.99,False,0,False,Chicago,323
2022-02-23,3,USB-C Hub,Electronics,41,49.99,False,0,False,Houston,68
2022-02-24,8,Bookshelf,Furniture,19,149.99,True,25,False,Los Angeles,86
2022-02-24,12,Markers Pack,Stationery,101,6.99,False,0,False,Phoenix,409
2022-02-25,3,USB-C Hub,Electronics,44,49.99,False,0,False,Chicago,189
2022-02-25,8,Bookshelf,Furniture,11,179.99,True,10,False,New York,22
2022-02-25,6,Office Chair,Furniture,11,299.99,False,0,False,Houston,49
2022-02-26,5,Monitor 27inch,Electronics,24,399.99,False,0,False,Houston,107
2022-02-26,8,Bookshelf,Furniture,13,199.99,False,0,False,Phoenix,63
2022-02-26,12,Markers Pack,Stationery,157,6.99,False,0,False,Phoenix,471
2022-02-26,13,Backpack Pro,Accessories,26,79.99,False,0,False,New York,47
2022-02-27,13,Backpack Pro,Accessories,33,75.99,True,5,False,Phoenix,107
2022-02-27,5,Monitor 27inch,Electronics,33,359.99,True,10,False,Los Angeles,97
2022-02-27,6,Office Chair,Furniture,11,299.99,False,0,False,Chicago,48
2022-02-28,8,Bookshelf,Furniture,9,199.99,False,0,False,Houston,36
2022-02-28,9,Notebook A4,Stationery,191,3.74,True,25,False,Houston,422
2022-02-28,4,Mechanical Keyboard,Electronics,34,149.99,False,0,False,New York,119
2022-02-28,13,Backpack Pro,Accessories,24,79.99,False,0,False,New York,64
2022-02-28,6,Office Chair,Furniture,18,299.99,True,0,False,Los Angeles,43
2022-03-01,12,Markers Pack,Stationery,96,6.99,False,0,False,Chicago,163
2022-03-01,4,Mechanical Keyboard,Electronics,10,149.99,False,0,False,New York,46
2022-03-01,5,Monitor 27inch,Electronics,29,399.99,False,0,True,New York,105
2022-03-01,14,Water Bottle,Accessories,102,19.99,False,0,False,Houston,440
2022-03-02,5,Monitor 27inch,Electronics,14,399.99,False,0,False,Chicago,65
2022-03-02,5,Monitor 27inch,Electronics,15,399.99,False,0,False,Phoenix,39
2022-03-02,6,Office Chair,Furniture,14,299.99,False,0,False,Phoenix,53
2022-03-02,10,Pen Set,Stationery,86,12.99,False,0,False,New York,185
2022-03-02,12,Markers Pack,Stationery,168,6.99,False,0,False,New York,591
2022-03-02,11,Printer Paper,Stationery,199,8.99,False,0,True,Houston,752
2022-03-03,2,Wireless Mouse,Electronics,80,29.99,False,0,False,Chicago,123
2022-03-04,10,Pen Set,Stationery,218,12.99,False,0,False,New York,966
2022-03-04,2,Wireless Mouse,Electronics,63,29.99,False,0,False,Houston,140
2022-03-04,14,Water Bottle,Accessories,131,19.99,True,0,False,New York,362
2022-03-05,1,Laptop Pro 15,Electronics,16,1299.99,False,0,False,Los Angeles,62
2022-03-05,2,Wireless Mouse,Electronics,103,29.99,False,0,False,New York,265
2022-03-05,11,Printer Paper,Stationery,187,8.99,False,0,False,Los Angeles,831
2022-03-05,1,Laptop Pro 15,Electronics,15,1299.99,False,0,False,Los Angeles,70
2022-03-05,5,Monitor 27inch,Electronics,23,339.99,True,15,True,Chicago,65
2022-03-06,5,Monitor 27inch,Electronics,33,399.99,False,0,False,Phoenix,118
2022-03-06,7,Standing Desk,Furniture,10,599.99,False,0,False,Houston,33
2022-03-06,15,Desk Lamp,Accessories,59,34.99,False,0,False,Los Angeles,237
2022-03-07,5,Monitor 27inch,Electronics,35,339.99,True,15,False,New York,127
2022-03-07,6,Office Chair,Furniture,13,299.99,False,0,False,Houston,38
2022-03-08,5,Monitor 27inch,Electronics,25,399.99,False,0,False,Phoenix,66
2022-03-08,6,Office Chair,Furniture,11,299.99,False,0,False,Chicago,29
2022-03-08,14,Water Bottle,Accessories,158,19.99,False,0,False,Chicago,759
2022-03-09,9,Notebook A4,Stationery,246,4.99,False,0,False,Phoenix,879
2022-03-09,2,Wireless Mouse,Electronics,131,29.99,False,0,False,Los Angeles,501
2022-03-09,3,USB-C Hub,Electronics,32,49.99,False,0,False,Houston,156
2022-03-09,2,Wireless Mouse,Electronics,122,26.99,True,10,False,Los Angeles,370
2022-03-09,6,Office Chair,Furniture,11,299.99,False,0,False,Los Angeles,21
2022-03-10,11,Printer Paper,Stationery,172,8.99,False,0,False,Los Angeles,828
2022-03-10,1,Laptop Pro 15,Electronics,25,974.99,True,25,False,Phoenix,119
2022-03-10,3,USB-C Hub,Electronics,75,44.99,True,10,False,Phoenix,196
2022-03-10,1,Laptop Pro 15,Electronics,25,1299.99,False,0,False,New York,101
2022-03-10,9,Notebook A4,Stationery,203,4.99,False,0,False,New York,664
2022-03-10,7,Standing Desk,Furniture,13,479.99,True,20,False,Chicago,25
2022-03-10,11,Printer Paper,Stationery,181,8.99,False,0,False,New York,359
2022-03-11,14,Water Bottle,Accessories,122,19.99,False,0,False,Chicago,238
2022-03-11,6,Office Chair,Furniture,25,269.99,True,10,False,Chicago,124
2022-03-11,4,Mechanical Keyboard,Electronics,30,149.99,False,0,False,Chicago,127
2022-03-11,6,Office Chair,Furniture,14,299.99,False,0,False,Los Angeles,49
2022-03-11,3,USB-C Hub,Electronics,55,49.99,False,0,False,Chicago,139
2022-03-11,12,Markers Pack,Stationery,129,5.24,True,25,False,Chicago,344
2022-03-12,14,Water Bottle,Accessories,102,19.99,False,0,False,Phoenix,508
2022-03-12,4,Mechanical Keyboard,Electronics,70,149.99,False,0,False,Chicago,330
2022-03-12,6,Office Chair,Furniture,33,239.99,True,20,False,Los Angeles,53
2022-03-13,7,Standing Desk,Furniture,8,599.99,False,0,False,Houston,12
2022-03-13,12,Markers Pack,Stationery,257,6.64,True,5,False,New York,456
2022-03-13,5,Monitor 27inch,Electronics,29,399.99,False,0,False,Houston,94
2022-03-13,14,Water Bottle,Accessories,198,19.99,False,0,False,Chicago,827
2022-03-13,9,Notebook A4,Stationery,557,4.49,True,10,False,Chicago,1177
2022-03-13,2,Wireless Mouse,Electronics,80,29.99,False,0,False,Houston,370
2022-03-13,5,Monitor 27inch,Electronics,26,399.99,False,0,False,Los Angeles,123
2022-03-13,9,Notebook A4,Stationery,308,4.99,False,0,False,Houston,1406
2022-03-14,5,Monitor 27inch,Electronics,36,399.99,True,0,False,New York,85
2022-03-14,4,Mechanical Keyboard,Electronics,57,149.99,False,0,True,Chicago,224
2022-03-14,10,Pen Set,Stationery,89,12.99,False,0,False,Phoenix,424
2022-03-14,2,Wireless Mouse,Electronics,80,29.99,False,0,False,Chicago,135
2022-03-14,14,Water Bottle,Accessories,161,19.99,False,0,False,Phoenix,506
2022-03-14,8,Bookshelf,Furniture,4,199.99,False,0,False,Los Angeles,13
2022-03-14,3,USB-C Hub,Electronics,35,49.99,False,0,False,Los Angeles,136
2022-03-14,11,Printer Paper,Stationery,153,8.99,False,0,False,Chicago,293
2022-03-14,14,Water Bottle,Accessories,117,19.99,False,0,False,Houston,357
2022-03-15,5,Monitor 27inch,Electronics,18,379.99,True,5,False,Houston,44
2022-03-15,4,Mechanical Keyboard,Electronics,16,149.99,False,0,False,New York,30
2022-03-15,11,Printer Paper,Stationery,285,8.54,True,5,True,Chicago,1290
2022-03-16,10,Pen Set,Stationery,168,12.99,False,0,False,Los Angeles,813
2022-03-16,7,Standing Desk,Furniture,8,479.99,True,20,False,Los Angeles,18
2022-03-17,10,Pen Set,Stationery,169,12.99,False,0,False,Phoenix,435
2022-03-17,7,Standing Desk,Furniture,4,599.99,False,0,False,New York,17
2022-03-18,9,Notebook A4,Stationery,209,4.99,False,0,False,Los Angeles,407
2022-03-18,13,Backpack Pro,Accessories,40,59.99,True,25,False,Chicago,72
2022-03-18,9,Notebook A4,Stationery,195,4.99,False,0,False,Phoenix,517
2022-03-18,15,Desk Lamp,Accessories,35,34.99,False,0,False,Los Angeles,73
2022-03-18,14,Water Bottle,Accessories,61,19.99,False,0,False,Los Angeles,158
2022-03-18,13,Backpack Pro,Accessories,25,79.99,False,0,False,Los Angeles,69
2022-03-19,13,Backpack Pro,Accessories,25,79.99,False,0,False,Chicago,108
2022-03-19,8,Bookshelf,Furniture,22,199.99,False,0,False,Phoenix,72
2022-03-19,6,Office Chair,Furniture,14,299.99,False,0,False,New York,35
2022-03-19,7,Standing Desk,Furniture,12,599.99,False,0,False,Houston,35
2022-03-20,11,Printer Paper,Stationery,213,8.99,False,0,False,Los Angeles,1053
2022-03-20,4,Mechanical Keyboard,Electronics,27,149.99,False,0,False,New York,81
2022-03-20,9,Notebook A4,Stationery,357,4.99,False,0,False,Chicago,1685
2022-03-20,12,Markers Pack,Stationery,136,6.99,False,0,False,Chicago,550
2022-03-20,6,Office Chair,Furniture,18,299.99,False,0,False,New York,52
2022-03-20,1,Laptop Pro 15,Electronics,20,1299.99,False,0,False,Phoenix,40
2022-03-20,15,Desk Lamp,Accessories,49,34.99,False,0,False,Chicago,146
2022-03-20,6,Office Chair,Furniture,13,299.99,False,0,False,Chicago,44
2022-03-20,10,Pen Set,Stationery,186,12.99,False,0,False,Los Angeles,474
2022-03-20,1,Laptop Pro 15,Electronics,17,1299.99,False,0,False,Phoenix,78
2022-03-20,8,Bookshelf,Furniture,15,189.99,True,5,False,Phoenix,26
2022-03-21,13,Backpack Pro,Accessories,28,79.99,False,0,False,New York,61
2022-03-21,12,Markers Pack,Stationery,207,6.99,False,0,False,Los Angeles,796
2022-03-21,14,Water Bottle,Accessories,142,18.99,True,5,False,New York,311
2022-03-21,10,Pen Set,Stationery,224,12.99,False,0,False,Phoenix,650
2022-03-21,7,Standing Desk,Furniture,8,599.99,False,0,False,Los Angeles,28
2022-03-22,10,Pen Set,Stationery,153,12.99,False,0,False,New York,493
2022-03-22,5,Monitor 27inch,Electronics,24,399.99,False,0,False,Los Angeles,39
2022-03-23,12,Markers Pack,Stationery,75,6.99,False,0,False,Los Angeles,207
2022-03-23,6,Office Chair,Furniture,20,299.99,False,0,False,Los Angeles,54
2022-03-23,6,Office Chair,Furniture,8,299.99,True,0,False,New York,33
2022-03-23,14,Water Bottle,Accessories,132,19.99,False,0,False,New York,644
2022-03-24,10,Pen Set,Stationery,152,12.99,False,0,False,New York,735
2022-03-24,10,Pen Set,Stationery,157,12.99,False,0,False,Chicago,756
2022-03-24,2,Wireless Mouse,Electronics,55,29.99,False,0,False,Phoenix,121
2022-03-24,7,Standing Desk,Furniture,6,599.99,False,0,False,Los Angeles,11
2022-03-24,15,Desk Lamp,Accessories,74,31.49,True,10,False,Houston,194
2022-03-24,4,Mechanical Keyboard,Electronics,38,149.99,False,0,False,Houston,162
2022-03-24,15,Desk Lamp,Accessories,29,34.99,False,0,False,Houston,76
2022-03-25,13,Backpack Pro,Accessories,30,79.99,False,0,False,Phoenix,74
2022-03-25,12,Markers Pack,Stationery,37,6.99,False,0,False,New York,105
2022-03-26,7,Standing Desk,Furniture,12,599.99,False,0,False,Chicago,28
2022-03-26,4,Mechanical Keyboard,Electronics,30,149.99,False,0,False,Chicago,142
2022-03-27,6,Office Chair,Furniture,15,299.99,False,0,False,Los Angeles,25
2022-03-27,4,Mechanical Keyboard,Electronics,73,119.99,True,20,False,Chicago,364
2022-03-27,15,Desk Lamp,Accessories,100,27.99,True,20,False,Phoenix,409
2022-03-27,1,Laptop Pro 15,Electronics,24,1299.99,False,0,False,Phoenix,40
2022-03-27,5,Monitor 27inch,Electronics,28,399.99,False,0,False,Los Angeles,139
2022-03-27,15,Desk Lamp,Accessories,37,34.99,False,0,False,Houston,117
2022-03-27,4,Mechanical Keyboard,Electronics,87,112.49,True,25,False,New York,242
2022-03-27,8,Bookshelf,Furniture,29,169.99,True,15,False,Houston,113
2022-03-27,6,Office Chair,Furniture,10,299.99,False,0,False,Phoenix,23
2022-03-28,12,Markers Pack,Stationery,153,6.99,False,0,False,Phoenix,447
2022-03-28,1,Laptop Pro 15,Electronics,17,1299.99,False,0,True,New York,69
2022-03-28,3,USB-C Hub,Electronics,31,49.99,False,0,False,Chicago,105
2022-03-28,13,Backpack Pro,Accessories,27,79.99,False,0,False,Houston,103
2022-03-28,10,Pen Set,Stationery,85,12.99,False,0,False,Phoenix,272
2022-03-28,8,Bookshelf,Furniture,17,179.99,True,10,False,Chicago,55
2022-03-28,3,USB-C Hub,Electronics,9,49.99,False,0,False,Houston,36
2022-03-29,15,Desk Lamp,Accessories,32,34.99,False,0,False,Phoenix,114
2022-03-29,8,Bookshelf,Furniture,9,199.99,False,0,False,Phoenix,32
2022-03-29,7,Standing Desk,Furniture,6,599.99,False,0,False,Los Angeles,27
2022-03-29,8,Bookshelf,Furniture,14,199.99,False,0,False,Los Angeles,24
2022-03-29,1,Laptop Pro 15,Electronics,21,1299.99,False,0,False,New York,75
2022-03-30,6,Office Chair,Furniture,21,239.99,True,20,False,Phoenix,56
2022-03-30,10,Pen Set,Stationery,315,10.39,True,20,False,New York,1047
2022-03-30,11,Printer Paper,Stationery,202,8.99,False,0,False,New York,512
2022-03-30,13,Backpack Pro,Accessories,8,79.99,False,0,False,Houston,16
2022-03-31,4,Mechanical Keyboard,Electronics,38,134.99,True,10,False,Houston,81
2022-03-31,3,USB-C Hub,Electronics,51,49.99,False,0,False,Phoenix,225
2022-03-31,5,Monitor 27inch,Electronics,17,339.99,True,15,False,Los Angeles,64
2022-03-31,3,USB-C Hub,Electronics,37,49.99,False,0,False,Chicago,128
2022-03-31,5,Monitor 27inch,Electronics,20,399.99,False,0,False,Los Angeles,36
2022-03-31,8,Bookshelf,Furniture,27,159.99,True,20,False,New York,109
2022-03-31,8,Bookshelf,Furniture,14,199.99,False,0,False,Chicago,36
2022-04-01,14,Water Bottle,Accessories,84,19.99,False,0,False,New York,394
2022-04-01,9,Notebook A4,Stationery,277,4.99,False,0,False,Houston,776
2022-04-01,7,Standing Desk,Furniture,11,599.99,False,0,False,Chicago,38
2022-04-01,10,Pen Set,Stationery,113,12.99,False,0,False,Phoenix,386
2022-04-02,4,Mechanical Keyboard,Electronics,44,119.99,True,20,False,Houston,193
2022-04-02,12,Markers Pack,Stationery,188,5.59,True,20,False,Houston,478
2022-04-02,14,Water Bottle,Accessories,237,19.99,False,0,False,Chicago,1120
2022-04-03,11,Printer Paper,Stationery,171,8.99,False,0,False,New York,649
2022-04-03,15,Desk Lamp,Accessories,108,34.99,False,0,True,Phoenix,502
2022-04-03,5,Monitor 27inch,Electronics,25,399.99,False,0,False,Phoenix,80
2022-04-04,12,Markers Pack,Stationery,90,6.99,False,0,False,Houston,353
2022-04-04,15,Desk Lamp,Accessories,44,34.99,False,0,False,Phoenix,160
2022-04-05,4,Mechanical Keyboard,Electronics,32,149.99,False,0,False,Los Angeles,102
2022-04-05,14,Water Bottle,Accessories,74,19.99,False,0,False,New York,294
2022-04-05,10,Pen Set,Stationery,109,12.99,False,0,False,Los Angeles,425
2022-04-05,13,Backpack Pro,Accessories,29,79.99,False,0,False,Los Angeles,55
2022-04-05,12,Markers Pack,Stationery,91,6.99,False,0,False,Phoenix,406
2022-04-05,13,Backpack Pro,Accessories,36,79.99,False,0,False,Chicago,148
2022-04-05,2,Wireless Mouse,Electronics,99,29.99,False,0,False,Phoenix,402
2022-04-05,1,Laptop Pro 15,Electronics,10,1299.99,False,0,False,Los Angeles,49
2022-04-06,2,Wireless Mouse,Electronics,37,29.99,False,0,False,Chicago,88
2022-04-06,5,Monitor 27inch,Electronics,25,399.99,False,0,False,Phoenix,68
2022-04-06,12,Markers Pack,Stationery,197,5.24,True,25,False,Chicago,568
2022-04-06,10,Pen Set,Stationery,83,12.99,False,0,False,Chicago,240
2022-04-07,4,Mechanical Keyboard,Electronics,24,149.99,False,0,False,Houston,56
2022-04-07,6,Office Chair,Furniture,4,299.99,False,0,False,Los Angeles,10
2022-04-07,2,Wireless Mouse,Electronics,132,23.99,True,20,False,Houston,274
2022-04-08,13,Backpack Pro,Accessories,28,79.99,False,0,False,Los Angeles,106
2022-04-08,3,USB-C Hub,Electronics,48,49.99,False,0,False,Chicago,91
2022-04-08,8,Bookshelf,Furniture,19,199.99,False,0,False,Los Angeles,80
2022-04-08,9,Notebook A4,Stationery,200,4.99,False,0,False,Phoenix,854
2022-04-08,12,Markers Pack,Stationery,169,6.29,True,10,False,Phoenix,477
2022-04-09,8,Bookshelf,Furniture,30,149.99,True,25,False,Los Angeles,96
2022-04-09,6,Office Chair,Furniture,22,224.99,True,25,False,New York,94
2022-04-09,15,Desk Lamp,Accessories,60,34.99,False,0,False,New York,269
2022-04-09,14,Water Bottle,Accessories,163,19.99,False,0,False,Los Angeles,390
2022-04-09,11,Printer Paper,Stationery,310,8.99,False,0,False,Phoenix,752
2022-04-09,3,USB-C Hub,Electronics,76,49.99,False,0,False,Houston,300
2022-04-09,10,Pen Set,Stationery,251,12.99,False,0,False,Phoenix,678
2022-04-09,6,Office Chair,Furniture,15,299.99,False,0,False,Houston,47
2022-04-10,5,Monitor 27inch,Electronics,25,399.99,False,0,False,Los Angeles,50
2022-04-10,4,Mechanical Keyboard,Electronics,69,127.49,True,15,False,Houston,323
2022-04-10,1,Laptop Pro 15,Electronics,15,1299.99,False,0,False,New York,46
2022-04-11,4,Mechanical Keyboard,Electronics,37,149.99,False,0,False,Phoenix,117
2022-04-11,4,Mechanical Keyboard,Electronics,21,149.99,False,0,False,Los Angeles,31
2022-04-11,2,Wireless Mouse,Electronics,101,29.99,False,0,False,Los Angeles,413
2022-04-11,15,Desk Lamp,Accessories,42,34.99,False,0,False,Houston,79
2022-04-11,2,Wireless Mouse,Electronics,154,23.99,True,20,True,Chicago,480
2022-04-11,5,Monitor 27inch,Electronics,32,399.99,False,0,False,Chicago,144
2022-04-12,1,Laptop Pro 15,Electronics,4,1299.99,False,0,False,Chicago,7
2022-04-12,14,Water Bottle,Accessories,125,19.99,False,0,False,Phoenix,283
2022-04-12,10,Pen Set,Stationery,201,10.39,True,20,False,Chicago,363
2022-04-13,4,Mechanical Keyboard,Electronics,30,149.99,False,0,False,Phoenix,80
2022-04-14,8,Bookshelf,Furniture,19,199.99,False,0,True,Phoenix,47
2022-04-14,1,Laptop Pro 15,Electronics,22,1299.99,False,0,False,Houston,98
2022-04-14,11,Printer Paper,Stationery,234,8.99,False,0,False,New York,658
2022-04-14,15,Desk Lamp,Accessories,28,34.99,False,0,False,Phoenix,73
2022-04-14,2,Wireless Mouse,Electronics,125,29.99,False,0,False,Chicago,618
2022-04-15,2,Wireless Mouse,Electronics,80,29.99,False,0,False,Phoenix,323
2022-04-15,9,Notebook A4,Stationery,226,4.99,False,0,False,New York,1090
2022-04-15,4,Mechanical Keyboard,Electronics,45,149.99,False,0,False,Houston,109
2022-04-15,15,Desk Lamp,Accessories,38,34.99,False,0,False,New York,60
2022-04-15,7,Standing Desk,Furniture,6,599.99,False,0,False,Los Angeles,24
2022-04-15,8,Bookshelf,Furniture,18,199.99,False,0,False,Phoenix,89
2022-04-15,11,Printer Paper,Stationery,127,8.99,False,0,False,Los Angeles,534
2022-04-16,8,Bookshelf,Furniture,10,199.99,False,0,False,Phoenix,16
2022-04-16,6,Office Chair,Furniture,19,299.99,False,0,False,Chicago,61
2022-04-16,3,USB-C Hub,Electronics,73,44.99,True,10,False,Chicago,342
2022-04-16,9,Notebook A4,Stationery,275,4.99,False,0,False,Los Angeles,1014
2022-04-16,7,Standing Desk,Furniture,13,599.99,False,0,False,Chicago,33
2022-04-16,5,Monitor 27inch,Electronics,29,399.99,False,0,False,Houston,130
2022-04-16,8,Bookshelf,Furniture,26,169.99,True,15,False,Phoenix,71
2022-04-16,14,Water Bottle,Accessories,79,19.99,False,0,False,Chicago,135
2022-04-17,1,Laptop Pro 15,Electronics,16,1299.99,False,0,False,New York,35
2022-04-17,13,Backpack Pro,Accessories,33,79.99,False,0,False,Chicago,152
2022-04-17,13,Backpack Pro,Accessories,37,79.99,False,0,False,Phoenix,178
2022-04-18,3,USB-C Hub,Electronics,66,49.99,False,0,False,Los Angeles,122
2022-04-18,1,Laptop Pro 15,Electronics,17,1299.99,False,0,False,Los Angeles,28
2022-04-18,5,Monitor 27inch,Electronics,17,399.99,False,0,False,Chicago,27
2022-04-18,6,Office Chair,Furniture,17,284.99,True,5,False,Houston,72
2022-04-19,12,Markers Pack,Stationery,124,6.99,False,0,False,Chicago,202
2022-04-20,1,Laptop Pro 15,Electronics,14,1299.99,False,0,False,Los Angeles,61
2022-04-20,7,Standing Desk,Furniture,3,599.99,False,0,True,Chicago,9
2022-04-20,10,Pen Set,Stationery,219,12.99,False,0,True,Chicago,510
2022-04-21,6,Office Chair,Furniture,11,299.99,False,0,False,Los Angeles,38
2022-04-21,8,Bookshelf,Furniture,12,199.99,False,0,False,Phoenix,30
2022-04-21,4,Mechanical Keyboard,Electronics,33,149.99,False,0,False,Phoenix,57
2022-04-21,8,Bookshelf,Furniture,15,199.99,False,0,False,Phoenix,23
2022-04-22,14,Water Bottle,Accessories,72,19.99,False,0,False,New York,113
2022-04-22,4,Mechanical Keyboard,Electronics,25,149.99,False,0,False,Phoenix,92
2022-04-22,7,Standing Desk,Furniture,2,599.99,False,0,False,Los Angeles,7
2022-04-22,12,Markers Pack,Stationery,154,6.99,False,0,False,Houston,285
2022-04-23,11,Printer Paper,Stationery,232,8.99,False,0,False,Phoenix,628
2022-04-23,14,Water Bottle,Accessories,141,19.99,False,0,False,New York,339
2022-04-23,7,Standing Desk,Furniture,14,599.99,False,0,False,Houston,24
2022-04-23,8,Bookshelf,Furniture,20,199.99,False,0,True,Houston,98
2022-04-23,7,Standing Desk,Furniture,12,599.99,False,0,False,Chicago,22
2022-04-23,8,Bookshelf,Furniture,13,199.99,False,0,False,Houston,20
2022-04-23,6,Office Chair,Furniture,15,299.99,False,0,False,Houston,55
2022-04-24,14,Water Bottle,Accessories,122,19.99,False,0,False,New York,294
2022-04-24,15,Desk Lamp,Accessories,60,34.99,False,0,False,New York,137
2022-04-24,15,Desk Lamp,Accessories,61,34.99,False,0,False,Los Angeles,203
2022-04-24,2,Wireless Mouse,Electronics,46,29.99,False,0,False,Los Angeles,221
2022-04-25,1,Laptop Pro 15,Electronics,7,1299.99,False,0,False,New York,32
2022-04-25,14,Water Bottle,Accessories,146,19.99,False,0,True,Phoenix,639
2022-04-25,8,Bookshelf,Furniture,17,199.99,False,0,False,New York,50
2022-04-25,15,Desk Lamp,Accessories,42,34.99,False,0,False,Phoenix,166
2022-04-25,9,Notebook A4,Stationery,210,4.99,False,0,False,Houston,322
2022-04-25,14,Water Bottle,Accessories,86,19.99,False,0,False,New York,173
2022-04-26,6,Office Chair,Furniture,18,299.99,False,0,False,Houston,52
2022-04-26,2,Wireless Mouse,Electronics,70,29.99,False,0,False,Phoenix,282
2022-04-27,5,Monitor 27inch,Electronics,12,399.99,True,0,False,New York,25
2022-04-27,11,Printer Paper,Stationery,331,6.74,True,25,False,Chicago,1321
2022-04-27,14,Water Bottle,Accessories,74,19.99,False,0,False,Phoenix,278
2022-04-27,14,Water Bottle,Accessories,49,19.99,False,0,False,Los Angeles,171
2022-04-27,1,Laptop Pro 15,Electronics,20,1299.99,False,0,False,Houston,79
2022-04-27,10,Pen Set,Stationery,240,12.99,False,0,False,Los Angeles,1056
2022-04-27,6,Office Chair,Furniture,18,299.99,False,0,False,Houston,71
2022-04-27,11,Printer Paper,Stationery,214,8.99,False,0,False,Phoenix,695
2022-04-27,13,Backpack Pro,Accessories,36,79.99,False,0,False,New York,114
2022-04-28,6,Office Chair,Furniture,10,299.99,False,0,False,New York,34
2022-04-28,13,Backpack Pro,Accessories,24,79.99,False,0,False,New York,54
2022-04-29,10,Pen Set,Stationery,220,12.34,True,5,False,Los Angeles,793
2022-04-29,7,Standing Desk,Furniture,9,569.99,True,5,False,Houston,35
2022-04-29,14,Water Bottle,Accessories,96,15.99,True,20,False,Los Angeles,159
2022-04-29,3,USB-C Hub,Electronics,80,39.99,True,20,False,Phoenix,322
2022-04-29,6,Office Chair,Furniture,12,299.99,False,0,False,Phoenix,38
2022-04-29,3,USB-C Hub,Electronics,76,49.99,False,0,False,Chicago,235
2022-04-30,8,Bookshelf,Furniture,17,199.99,False,0,False,Houston,52
2022-04-30,13,Backpack Pro,Accessories,40,75.99,True,5,False,Phoenix,81
2022-04-30,8,Bookshelf,Furniture,22,199.99,False,0,False,Chicago,77
2022-05-01,14,Water Bottle,Accessories,104,19.99,False,0,False,Los Angeles,353
2022-05-01,11,Printer Paper,Stationery,250,8.99,False,0,False,Chicago,1191
2022-05-01,12,Markers Pack,Stationery,123,6.99,False,0,False,Los Angeles,601
2022-05-02,13,Backpack Pro,Accessories,36,79.99,False,0,False,Phoenix,76
2022-05-02,7,Standing Desk,Furniture,14,509.99,True,15,True,Phoenix,69
2022-05-02,2,Wireless Mouse,Electronics,116,29.99,False,0,False,Los Angeles,483
2022-05-02,14,Water Bottle,Accessories,107,19.99,False,0,False,Chicago,527
2022-05-02,2,Wireless Mouse,Electronics,94,29.99,False,0,False,Chicago,173
2022-05-02,7,Standing Desk,Furniture,13,599.99,False,0,False,Houston,56
2022-05-03,14,Water Bottle,Accessories,66,19.99,False,0,False,Houston,279
2022-05-04,1,Laptop Pro 15,Electronics,10,1299.99,False,0,False,Los Angeles,41
2022-05-04,9,Notebook A4,Stationery,328,4.49,True,10,False,Houston,537
2022-05-04,14,Water Bottle,Accessories,80,19.99,False,0,False,Chicago,399
2022-05-05,2,Wireless Mouse,Electronics,41,29.99,False,0,False,New York,154
2022-05-05,2,Wireless Mouse,Electronics,61,29.99,False,0,False,Los Angeles,274
2022-05-06,14,Water Bottle,Accessories,113,15.99,True,20,False,Chicago,431
2022-05-06,7,Standing Desk,Furniture,7,599.99,False,0,False,Los Angeles,25
2022-05-06,11,Printer Paper,Stationery,105,8.99,False,0,False,Chicago,266
2022-05-06,7,Standing Desk,Furniture,8,599.99,False,0,False,Houston,21
2022-05-07,3,USB-C Hub,Electronics,67,49.99,False,0,False,Houston,258
2022-05-07,12,Markers Pack,Stationery,111,5.24,True,25,False,Houston,268
2022-05-07,13,Backpack Pro,Accessories,35,71.99,True,10,False,New York,151
2022-05-07,5,Monitor 27inch,Electronics,32,399.99,False,0,False,New York,124
2022-05-07,15,Desk Lamp,Accessories,60,34.99,False,0,False,Los Angeles,150
2022-05-08,2,Wireless Mouse,Electronics,116,29.99,False,0,False,Chicago,293
2022-05-08,3,USB-C Hub,Electronics,58,49.99,False,0,False,Houston,142
2022-05-09,12,Markers Pack,Stationery,104,6.99,False,0,False,Houston,436
2022-05-09,13,Backpack Pro,Accessories,22,79.99,False,0,False,Chicago,87
2022-05-09,7,Standing Desk,Furniture,7,599.99,False,0,False,Houston,10
2022-05-10,10,Pen Set,Stationery,158,12.99,False,0,False,Los Angeles,274
2022-05-10,2,Wireless Mouse,Electronics,96,26.99,True,10,False,New York,339
2022-05-10,8,Bookshelf,Furniture,14,199.99,False,0,True,New York,26
2022-05-10,4,Mechanical Keyboard,Electronics,50,149.99,False,0,False,New York,103
2022-05-10,12,Markers Pack,Stationery,176,6.99,False,0,False,Phoenix,800
2022-05-10,3,USB-C Hub,Electronics,58,47.49,True,5,False,Los Angeles,288
2022-05-10,7,Standing Desk,Furniture,9,599.99,False,0,False,Phoenix,39
2022-05-11,8,Bookshelf,Furniture,10,199.99,False,0,True,Los Angeles,27
2022-05-11,7,Standing Desk,Furniture,7,599.99,False,0,False,Phoenix,12
2022-05-12,13,Backpack Pro,Accessories,9,79.99,False,0,False,New York,36
2022-05-12,9,Notebook A4,Stationery,134,4.99,False,0,False,Phoenix,449
2022-05-12,3,USB-C Hub,Electronics,34,49.99,False,0,False,Chicago,135
2022-05-13,9,Notebook A4,Stationery,123,4.99,False,0,False,New York,293
2022-05-13,2,Wireless Mouse,Electronics,119,22.49,True,25,False,Los Angeles,288
2022-05-13,9,Notebook A4,Stationery,228,4.99,False,0,False,Houston,832
2022-05-13,12,Markers Pack,Stationery,252,5.24,True,25,True,Los Angeles,1203
2022-05-13,6,Office Chair,Furniture,12,299.99,False,0,False,Phoenix,40
2022-05-13,6,Office Chair,Furniture,16,299.99,False,0,False,New York,61
2022-05-13,2,Wireless Mouse,Electronics,142,22.49,True,25,True,Los Angeles,243
2022-05-13,1,Laptop Pro 15,Electronics,15,1299.99,False,0,False,Los Angeles,42
2022-05-13,1,Laptop Pro 15,Electronics,16,1299.99,False,0,True,Houston,63
2022-05-14,10,Pen Set,Stationery,218,12.99,False,0,False,New York,853
2022-05-14,14,Water Bottle,Accessories,220,14.99,True,25,False,New York,885
2022-05-14,1,Laptop Pro 15,Electronics,31,1169.99,True,10,False,Los Angeles,147
2022-05-14,11,Printer Paper,Stationery,225,8.99,False,0,False,Los Angeles,782
2022-05-14,11,Printer Paper,Stationery,289,8.99,False,0,False,Phoenix,866
2022-05-15,14,Water Bottle,Accessories,97,19.99,False,0,False,Los Angeles,406
2022-05-15,14,Water Bottle,Accessories,59,19.99,False,0,False,Phoenix,228
2022-05-15,5,Monitor 27inch,Electronics,21,399.99,False,0,False,Los Angeles,54
2022-05-15,13,Backpack Pro,Accessories,27,59.99,True,25,False,Chicago,61
2022-05-15,12,Markers Pack,Stationery,163,6.99,False,0,False,Houston,267
2022-05-15,7,Standing Desk,Furniture,13,599.99,False,0,True,Chicago,54
2022-05-16,15,Desk Lamp,Accessories,53,34.99,False,0,True,New York,217
2022-05-16,6,Office Chair,Furniture,12,299.99,False,0,False,New York,29
2022-05-16,2,Wireless Mouse,Electronics,71,29.99,False,0,False,Phoenix,319
2022-05-16,9,Notebook A4,Stationery,213,4.99,False,0,False,Phoenix,663
2022-05-16,4,Mechanical Keyboard,Electronics,40,119.99,True,20,False,Chicago,130
2022-05-16,11,Printer Paper,Stationery,220,8.99,False,0,False,Los Angeles,508
2022-05-16,11,Printer Paper,Stationery,218,8.99,False,0,False,Los Angeles,872
2022-05-16,1,Laptop Pro 15,Electronics,21,1299.99,False,0,False,Los Angeles,37
2022-05-16,15,Desk Lamp,Accessories,67,34.99,False,0,False,Los Angeles,192
2022-05-17,11,Printer Paper,Stationery,117,8.99,False,0,False,Phoenix,358
2022-05-17,3,USB-C Hub,Electronics,46,49.99,False,0,False,Houston,220
2022-05-17,1,Laptop Pro 15,Electronics,3,1299.99,False,0,False,Houston,7
2022-05-18,14,Water Bottle,Accessories,92,19.99,False,0,False,Chicago,268
2022-05-18,1,Laptop Pro 15,Electronics,17,1299.99,False,0,False,Chicago,80
2022-05-18,2,Wireless Mouse,Electronics,90,29.99,False,0,False,Phoenix,420
2022-05-19,2,Wireless Mouse,Electronics,144,23.99,True,20,True,Los Angeles,436
2022-05-19,13,Backpack Pro,Accessories,33,79.99,False,0,False,Los Angeles,147
2022-05-19,7,Standing Desk,Furniture,8,599.99,False,0,False,Houston,21
2022-05-19,10,Pen Set,Stationery,218,12.34,True,5,False,Phoenix,412
2022-05-20,11,Printer Paper,Stationery,187,8.99,False,0,False,Los Angeles,893
2022-05-20,4,Mechanical Keyboard,Electronics,33,149.99,False,0,False,Los Angeles,79
2022-05-20,12,Markers Pack,Stationery,113,6.99,False,0,False,Chicago,500
2022-05-20,3,USB-C Hub,Electronics,42,49.99,False,0,False,New York,187
2022-05-20,4,Mechanical Keyboard,Electronics,34,149.99,False,0,False,Phoenix,84
2022-05-20,10,Pen Set,Stationery,78,12.99,False,0,False,New York,288
2022-05-21,1,Laptop Pro 15,Electronics,31,1234.99,True,5,False,New York,95
2022-05-21,10,Pen Set,Stationery,107,12.99,False,0,False,Chicago,249
2022-05-21,5,Monitor 27inch,Electronics,33,399.99,False,0,False,New York,153
2022-05-21,8,Bookshelf,Furniture,18,199.99,False,0,True,Phoenix,44
2022-05-21,14,Water Bottle,Accessories,143,19.99,False,0,False,Houston,654
2022-05-21,7,Standing Desk,Furniture,7,599.99,False,0,False,Chicago,21
2022-05-22,4,Mechanical Keyboard,Electronics,27,149.99,False,0,False,Phoenix,66
2022-05-22,4,Mechanical Keyboard,Electronics,64,127.49,True,15,False,New York,275
2022-05-22,12,Markers Pack,Stationery,232,6.99,True,0,False,Los Angeles,605
2022-05-23,9,Notebook A4,Stationery,314,4.99,False,0,True,Houston,1428
2022-05-23,6,Office Chair,Furniture,20,299.99,False,0,False,Houston,96
2022-05-23,13,Backpack Pro,Accessories,19,79.99,False,0,False,New York,38
2022-05-23,14,Water Bottle,Accessories,127,19.99,False,0,False,New York,424
2022-05-23,2,Wireless Mouse,Electronics,94,29.99,False,0,False,Phoenix,208
2022-05-23,3,USB-C Hub,Electronics,47,49.99,False,0,False,Los Angeles,196
2022-05-24,12,Markers Pack,Stationery,108,6.99,False,0,False,Houston,260
2022-05-24,12,Markers Pack,Stationery,208,6.99,False,0,True,Chicago,515
2022-05-24,11,Printer Paper,Stationery,167,8.99,False,0,False,New York,584
2022-05-24,14,Water Bottle,Accessories,81,19.99,False,0,False,Chicago,361
2022-05-25,9,Notebook A4,Stationery,280,4.99,False,0,False,Los Angeles,505
2022-05-25,5,Monitor 27inch,Electronics,20,399.99,False,0,False,New York,78
2022-05-25,4,Mechanical Keyboard,Electronics,27,149.99,False,0,False,Los Angeles,103
2022-05-25,4,Mechanical Keyboard,Electronics,43,149.99,False,0,False,Phoenix,110
2022-05-25,6,Office Chair,Furniture,7,299.99,False,0,False,Phoenix,23
2022-05-26,12,Markers Pack,Stationery,92,6.99,False,0,False,Los Angeles,148
2022-05-26,2,Wireless Mouse,Electronics,76,29.99,False,0,False,New York,300
2022-05-26,7,Standing Desk,Furniture,8,599.99,False,0,False,Los Angeles,25
2022-05-27,11,Printer Paper,Stationery,241,8.99,False,0,True,Phoenix,1029
2022-05-27,3,USB-C Hub,Electronics,47,49.99,False,0,False,New York,136
2022-05-27,15,Desk Lamp,Accessories,35,34.99,False,0,False,Houston,172
2022-05-27,7,Standing Desk,Furniture,7,599.99,False,0,False,Houston,30
2022-05-27,6,Office Chair,Furniture,17,254.99,True,15,False,New York,47
2022-05-27,8,Bookshelf,Furniture,17,199.99,False,0,False,Houston,68
2022-05-27,12,Markers Pack,Stationery,218,6.99,False,0,True,New York,545
2022-05-28,6,Office Chair,Furniture,20,284.99,True,5,False,New York,84
2022-05-29,15,Desk Lamp,Accessories,56,34.99,False,0,False,Houston,94
2022-05-29,7,Standing Desk,Furniture,8,599.99,False,0,False,New York,30
2022-05-29,12,Markers Pack,Stationery,73,6.99,False,0,False,Houston,237
2022-05-29,13,Backpack Pro,Accessories,30,79.99,False,0,False,Houston,115
2022-05-30,15,Desk Lamp,Accessories,35,34.99,False,0,True,New York,153
2022-05-30,6,Office Chair,Furniture,15,299.99,False,0,False,New York,72
2022-05-30,2,Wireless Mouse,Electronics,100,29.99,True,0,False,Houston,188
2022-05-30,2,Wireless Mouse,Electronics,66,29.99,False,0,False,Chicago,113
2022-05-30,8,Bookshelf,Furniture,18,199.99,False,0,False,Phoenix,60
2022-05-31,7,Standing Desk,Furniture,9,599.99,False,0,False,Chicago,31
2022-05-31,6,Office Chair,Furniture,2,239.99,True,20,False,Los Angeles,4
2022-05-31,6,Office Chair,Furniture,16,269.99,True,10,False,Chicago,55
2022-05-31,10,Pen Set,Stationery,204,12.99,False,0,True,Chicago,587
2022-05-31,6,Office Chair,Furniture,16,299.99,False,0,False,Los Angeles,64
2022-06-01,13,Backpack Pro,Accessories,28,79.99,True,0,False,Houston,131
2022-06-01,5,Monitor 27inch,Electronics,20,399.99,False,0,False,Chicago,43
2022-06-01,2,Wireless Mouse,Electronics,48,29.99,False,0,False,Houston,196
2022-06-01,8,Bookshelf,Furniture,16,199.99,False,0,False,New York,44
2022-06-01,12,Markers Pack,Stationery,156,6.99,False,0,False,Los Angeles,578
2022-06-02,2,Wireless Mouse,Electronics,125,28.49,True,5,False,Los Angeles,360
2022-06-02,4,Mechanical Keyboard,Electronics,33,149.99,False,0,False,Houston,71
2022-06-02,10,Pen Set,Stationery,154,12.99,False,0,False,New York,454
2022-06-02,1,Laptop Pro 15,Electronics,9,1299.99,False,0,False,Los Angeles,25
2022-06-03,7,Standing Desk,Furniture,13,599.99,False,0,False,New York,35
2022-06-04,13,Backpack Pro,Accessories,30,79.99,False,0,False,Chicago,54
2022-06-04,6,Office Chair,Furniture,21,299.99,False,0,False,Chicago,57
2022-06-04,5,Monitor 27inch,Electronics,47,399.99,False,0,True,Los Angeles,123
2022-06-04,7,Standing Desk,Furniture,9,599.99,False,0,False,Houston,22
2022-06-04,9,Notebook A4,Stationery,252,4.99,False,0,False,New York,550
2022-06-05,12,Markers Pack,Stationery,135,6.99,False,0,False,Chicago,400
2022-06-05,10,Pen Set,Stationery,210,12.99,False,0,False,New York,499
2022-06-05,1,Laptop Pro 15,Electronics,16,1299.99,False,0,False,Houston,45
2022-06-06,13,Backpack Pro,Accessories,26,79.99,False,0,False,Los Angeles,105
2022-06-07,5,Monitor 27inch,Electronics,23,399.99,False,0,False,New York,106
2022-06-07,2,Wireless Mouse,Electronics,85,29.99,False,0,False,New York,155
2022-06-07,12,Markers Pack,Stationery,50,6.99,False,0,False,Chicago,208
2022-06-07,14,Water Bottle,Accessories,146,19.99,True,0,False,Houston,390
2022-06-07,11,Printer Paper,Stationery,358,7.64,True,15,False,Houston,603
2022-06-07,2,Wireless Mouse,Electronics,105,29.99,False,0,False,Houston,372
2022-06-08,13,Backpack Pro,Accessories,13,79.99,False,0,False,Houston,38
2022-06-08,2,Wireless Mouse,Electronics,141,29.99,False,0,True,Houston,479
2022-06-09,5,Monitor 27inch,Electronics,13,399.99,False,0,False,Houston,26
2022-06-09,12,Markers Pack,Stationery,126,6.99,False,0,False,Houston,538
2022-06-09,5,Monitor 27inch,Electronics,17,399.99,False,0,False,Chicago,44
2022-06-09,6,Office Chair,Furniture,3,299.99,False,0,False,New York,5
2022-06-09,5,Monitor 27inch,Electronics,42,379.99,True,5,False,Los Angeles,91
2022-06-09,8,Bookshelf,Furniture,7,199.99,False,0,False,Houston,25
2022-06-09,6,Office Chair,Furniture,12,299.99,False,0,False,New York,58
2022-06-09,8,Bookshelf,Furniture,4,159.99,True,20,False,Los Angeles,16
2022-06-10,15,Desk Lamp,Accessories,38,34.99,False,0,False,Los Angeles,119
2022-06-10,13,Backpack Pro,Accessories,26,79.99,False,0,False,Chicago,74
2022-06-11,7,Standing Desk,Furniture,5,599.99,False,0,False,Houston,22
2022-06-11,7,Standing Desk,Furniture,11,599.99,False,0,False,Houston,18
2022-06-11,5,Monitor 27inch,Electronics,19,399.99,False,0,False,New York,57
2022-06-11,2,Wireless Mouse,Electronics,96,29.99,False,0,False,Los Angeles,439
2022-06-11,15,Desk Lamp,Accessories,33,34.99,False,0,False,New York,72
2022-06-11,6,Office Chair,Furniture,13,299.99,False,0,False,Phoenix,41
2022-06-11,5,Monitor 27inch,Electronics,15,399.99,False,0,False,New York,47
2022-06-11,11,Printer Paper,Stationery,231,8.99,False,0,False,Houston,654
2022-06-11,13,Backpack Pro,Accessories,58,63.99,True,20,False,Houston,155
2022-06-11,13,Backpack Pro,Accessories,41,67.99,True,15,False,Houston,135
2022-06-12,7,Standing Desk,Furniture,5,599.99,False,0,False,Houston,23
2022-06-12,14,Water Bottle,Accessories,164,19.99,False,0,False,Phoenix,390
2022-06-12,1,Laptop Pro 15,Electronics,18,1299.99,False,0,False,Houston,33
2022-06-13,5,Monitor 27inch,Electronics,18,399.99,False,0,False,Chicago,84
2022-06-13,2,Wireless Mouse,Electronics,108,29.99,False,0,False,Los Angeles,334
2022-06-13,9,Notebook A4,Stationery,138,4.99,False,0,False,Los Angeles,473
2022-06-13,4,Mechanical Keyboard,Electronics,15,119.99,True,20,False,Chicago,66
2022-06-14,3,USB-C Hub,Electronics,50,47.49,True,5,False,Phoenix,171
2022-06-14,2,Wireless Mouse,Electronics,74,29.99,False,0,False,Phoenix,156
2022-06-14,4,Mechanical Keyboard,Electronics,20,149.99,False,0,False,Houston,65
2022-06-14,12,Markers Pack,Stationery,48,6.99,False,0,True,New York,217
2022-06-15,6,Office Chair,Furniture,10,299.99,False,0,False,Houston,34
2022-06-15,9,Notebook A4,Stationery,99,4.99,False,0,False,Phoenix,292
2022-06-15,6,Office Chair,Furniture,15,299.99,False,0,False,Houston,45
2022-06-15,8,Bookshelf,Furniture,12,199.99,False,0,False,Phoenix,30
2022-06-16,10,Pen Set,Stationery,118,12.99,False,0,False,New York,464
2022-06-16,13,Backpack Pro,Accessories,1,79.99,False,0,False,Los Angeles,1
2022-06-16,14,Water Bottle,Accessories,151,19.99,False,0,False,New York,735
2022-06-16,4,Mechanical Keyboard,Electronics,31,149.99,False,0,False,Los Angeles,140
2022-06-16,7,Standing Desk,Furniture,8,599.99,False,0,False,Phoenix,24
2022-06-16,7,Standing Desk,Furniture,8,599.99,False,0,False,Los Angeles,19
2022-06-17,10,Pen Set,Stationery,117,12.99,False,0,False,New York,260
2022-06-17,9,Notebook A4,Stationery,139,4.99,False,0,False,Los Angeles,483
2022-06-17,6,Office Chair,Furniture,9,299.99,False,0,False,Houston,36
2022-06-17,12,Markers Pack,Stationery,178,6.99,True,0,False,Houston,721
2022-06-17,11,Printer Paper,Stationery,211,8.99,False,0,False,Houston,450
2022-06-18,5,Monitor 27inch,Electronics,32,399.99,False,0,False,Los Angeles,131
2022-06-18,8,Bookshelf,Furniture,25,199.99,False,0,False,Los Angeles,113
2022-06-19,14,Water Bottle,Accessories,131,19.99,False,0,False,Chicago,463
2022-06-19,5,Monitor 27inch,Electronics,23,399.99,False,0,False,Houston,114
2022-06-19,5,Monitor 27inch,Electronics,24,399.99,False,0,False,Chicago,57
2022-06-19,13,Backpack Pro,Accessories,33,79.99,False,0,False,Chicago,88
2022-06-19,3,USB-C Hub,Electronics,56,49.99,False,0,False,Houston,211
2022-06-19,11,Printer Paper,Stationery,251,8.99,False,0,False,Los Angeles,592
2022-06-19,14,Water Bottle,Accessories,94,19.99,False,0,False,Phoenix,319
2022-06-21,5,Monitor 27inch,Electronics,34,399.99,False,0,False,Chicago,92
2022-06-21,10,Pen Set,Stationery,193,12.99,False,0,False,Houston,785
2022-06-21,3,USB-C Hub,Electronics,28,49.99,False,0,False,Houston,82
2022-06-22,3,USB-C Hub,Electronics,56,49.99,False,0,False,Houston,167
2022-06-22,14,Water Bottle,Accessories,129,19.99,False,0,True,Los Angeles,574
2022-06-22,1,Laptop Pro 15,Electronics,13,1299.99,False,0,False,Los Angeles,50
2022-06-23,3,USB-C Hub,Electronics,41,49.99,False,0,False,New York,73
2022-06-23,12,Markers Pack,Stationery,143,5.59,True,20,False,New York,346
2022-06-24,10,Pen Set,Stationery,154,12.99,False,0,False,Phoenix,329
2022-06-24,6,Office Chair,Furniture,15,299.99,False,0,False,Los Angeles,34
2022-06-24,1,Laptop Pro 15,Electronics,14,1299.99,False,0,False,Houston,59
2022-06-24,10,Pen Set,Stationery,127,12.99,False,0,False,Los Angeles,373
2022-06-24,14,Water Bottle,Accessories,134,19.99,False,0,False,New York,205
2022-06-24,9,Notebook A4,Stationery,243,3.74,True,25,False,Chicago,891
2022-06-24,4,Mechanical Keyboard,Electronics,23,149.99,False,0,False,Los Angeles,98
2022-06-24,2,Wireless Mouse,Electronics,71,29.99,False,0,False,Houston,172
2022-06-24,11,Printer Paper,Stationery,209,8.99,False,0,False,Phoenix,442
2022-06-24,9,Notebook A4,Stationery,105,4.99,False,0,False,New York,511
2022-06-24,5,Monitor 27inch,Electronics,15,399.99,False,0,False,New York,62
2022-06-24,3,USB-C Hub,Electronics,62,49.99,False,0,False,New York,256
2022-06-24,9,Notebook A4,Stationery,145,4.99,False,0,False,Chicago,432
2022-06-25,5,Monitor 27inch,Electronics,23,399.99,False,0,False,Houston,78
2022-06-25,8,Bookshelf,Furniture,16,199.99,False,0,False,Los Angeles,54
2022-06-25,7,Standing Desk,Furniture,6,599.99,False,0,False,New York,21
2022-06-25,12,Markers Pack,Stationery,125,6.99,False,0,False,Phoenix,579
2022-06-25,11,Printer Paper,Stationery,302,8.99,False,0,False,Phoenix,1208
2022-06-26,9,Notebook A4,Stationery,363,4.99,False,0,False,Phoenix,949
2022-06-27,10,Pen Set,Stationery,43,12.99,False,0,False,New York,115
2022-06-28,14,Water Bottle,Accessories,87,19.99,False,0,False,Los Angeles,230
2022-06-28,11,Printer Paper,Stationery,263,8.99,False,0,True,Houston,783
2022-06-28,6,Office Chair,Furniture,7,299.99,False,0,False,Houston,32
2022-06-28,8,Bookshelf,Furniture,9,199.99,False,0,False,Los Angeles,15
2022-06-29,13,Backpack Pro,Accessories,19,79.99,False,0,False,Houston,67
2022-06-29,8,Bookshelf,Furniture,19,199.99,False,0,False,Houston,43
2022-06-29,2,Wireless Mouse,Electronics,52,29.99,False,0,False,Chicago,195
2022-06-29,4,Mechanical Keyboard,Electronics,28,149.99,False,0,False,Houston,107
2022-06-29,13,Backpack Pro,Accessories,29,79.99,False,0,False,New York,95
2022-06-30,5,Monitor 27inch,Electronics,16,399.99,False,0,False,New York,44
2022-06-30,7,Standing Desk,Furniture,8,599.99,False,0,False,New York,33
2022-06-30,13,Backpack Pro,Accessories,29,79.99,False,0,False,Los Angeles,98
2022-06-30,13,Backpack Pro,Accessories,19,79.99,False,0,False,Houston,34
2022-06-30,10,Pen Set,Stationery,178,12.99,False,0,False,Chicago,554
2022-06-30,13,Backpack Pro,Accessories,23,79.99,False,0,False,Phoenix,114
2022-06-30,12,Markers Pack,Stationery,78,6.99,False,0,False,Los Angeles,251
2022-07-01,1,Laptop Pro 15,Electronics,10,1299.99,False,0,False,Houston,16
2022-07-01,9,Notebook A4,Stationery,157,4.99,False,0,False,Los Angeles,767
2022-07-01,2,Wireless Mouse,Electronics,101,29.99,False,0,False,Chicago,296
2022-07-02,7,Standing Desk,Furniture,9,599.99,False,0,False,New York,41
2022-07-02,10,Pen Set,Stationery,285,12.99,False,0,False,Houston,1149
2022-07-02,13,Backpack Pro,Accessories,27,79.99,False,0,False,Chicago,49
2022-07-03,15,Desk Lamp,Accessories,65,29.74,True,15,False,Los Angeles,257
2022-07-03,11,Printer Paper,Stationery,311,8.99,True,0,False,Phoenix,1554
2022-07-04,6,Office Chair,Furniture,17,299.99,False,0,True,New York,84
2022-07-04,11,Printer Paper,Stationery,181,8.99,False,0,False,Phoenix,488
2022-07-04,13,Backpack Pro,Accessories,16,79.99,False,0,False,Houston,78
2022-07-04,13,Backpack Pro,Accessories,30,79.99,False,0,False,Phoenix,51
2022-07-04,1,Laptop Pro 15,Electronics,33,974.99,True,25,False,New York,80
2022-07-05,15,Desk Lamp,Accessories,38,34.99,False,0,False,Phoenix,83
2022-07-05,4,Mechanical Keyboard,Electronics,24,149.99,False,0,True,New York,45
2022-07-05,5,Monitor 27inch,Electronics,23,399.99,False,0,False,Los Angeles,42
2022-07-05,14,Water Bottle,Accessories,77,19.99,False,0,False,Houston,319
2022-07-05,1,Laptop Pro 15,Electronics,9,1299.99,False,0,False,New York,28
2022-07-05,14,Water Bottle,Accessories,81,19.99,False,0,False,Los Angeles,285
2022-07-06,7,Standing Desk,Furniture,8,599.99,False,0,False,New York,26
2022-07-06,11,Printer Paper,Stationery,237,8.99,False,0,False,Houston,1115
2022-07-06,14,Water Bottle,Accessories,36,19.99,False,0,False,Phoenix,177
2022-07-07,14,Water Bottle,Accessories,73,19.99,False,0,False,Houston,239
2022-07-07,8,Bookshelf,Furniture,18,199.99,False,0,False,Houston,71
2022-07-07,7,Standing Desk,Furniture,3,599.99,False,0,False,Phoenix,13
2022-07-07,13,Backpack Pro,Accessories,37,79.99,False,0,False,New York,68
2022-07-07,13,Backpack Pro,Accessories,19,79.99,False,0,False,Phoenix,53
2022-07-07,15,Desk Lamp,Accessories,45,31.49,True,10,False,Phoenix,146
2022-07-08,2,Wireless Mouse,Electronics,96,29.99,False,0,False,Chicago,324
2022-07-08,12,Markers Pack,Stationery,72,6.99,False,0,False,Phoenix,240
2022-07-09,14,Water Bottle,Accessories,144,19.99,True,0,False,Chicago,426
2022-07-09,12,Markers Pack,Stationery,167,6.99,False,0,False,Los Angeles,688
2022-07-10,4,Mechanical Keyboard,Electronics,38,149.99,False,0,False,New York,99
2022-07-10,6,Office Chair,Furniture,18,299.99,False,0,False,Los Angeles,70
2022-07-10,6,Office Chair,Furniture,14,299.99,False,0,False,Houston,54
2022-07-11,13,Backpack Pro,Accessories,20,79.99,False,0,False,New York,53
2022-07-11,8,Bookshelf,Furniture,20,199.99,False,0,False,New York,96
2022-07-11,4,Mechanical Keyboard,Electronics,28,149.99,False,0,False,New York,80
2022-07-11,6,Office Chair,Furniture,4,299.99,False,0,False,Chicago,11
2022-07-12,11,Printer Paper,Stationery,122,8.99,False,0,False,Houston,325
2022-07-13,6,Office Chair,Furniture,12,299.99,False,0,False,New York,39
2022-07-13,2,Wireless Mouse,Electronics,101,29.99,False,0,False,Houston,411
2022-07-13,3,USB-C Hub,Electronics,38,49.99,False,0,False,New York,72
2022-07-13,2,Wireless Mouse,Electronics,105,29.99,False,0,False,Houston,487
2022-07-13,4,Mechanical Keyboard,Electronics,54,149.99,False,0,False,New York,117
2022-07-13,2,Wireless Mouse,Electronics,37,29.99,False,0,False,Houston,73
2022-07-13,14,Water Bottle,Accessories,184,15.99,True,20,False,Chicago,384
2022-07-14,3,USB-C Hub,Electronics,35,49.99,False,0,False,Chicago,123
2022-07-14,8,Bookshelf,Furniture,14,189.99,True,5,False,New York,48
2022-07-14,12,Markers Pack,Stationery,69,6.99,False,0,False,New York,207
2022-07-14,6,Office Chair,Furniture,14,299.99,False,0,False,Chicago,53
2022-07-14,3,USB-C Hub,Electronics,14,49.99,True,0,False,Chicago,39
2022-07-15,5,Monitor 27inch,Electronics,23,399.99,False,0,False,Los Angeles,77
2022-07-15,12,Markers Pack,Stationery,75,6.99,False,0,False,Houston,279
2022-07-15,14,Water Bottle,Accessories,41,19.99,False,0,False,Phoenix,66
2022-07-15,7,Standing Desk,Furniture,5,599.99,False,0,False,Los Angeles,18
2022-07-16,1,Laptop Pro 15,Electronics,18,1299.99,False,0,False,Phoenix,53
2022-07-16,6,Office Chair,Furniture,14,299.99,False,0,False,Houston,43
2022-07-16,3,USB-C Hub,Electronics,73,49.99,False,0,False,Chicago,273
2022-07-16,11,Printer Paper,Stationery,239,8.99,False,0,False,Phoenix,1050
2022-07-17,3,USB-C Hub,Electronics,20,49.99,False,0,False,Los Angeles,78
2022-07-17,10,Pen Set,Stationery,177,12.99,False,0,False,New York,484
2022-07-17,8,Bookshelf,Furniture,18,199.99,False,0,False,Chicago,82
2022-07-17,9,Notebook A4,Stationery,375,3.74,True,25,False,New York,1657
2022-07-18,13,Backpack Pro,Accessories,23,67.99,True,15,False,New York,35
2022-07-18,13,Backpack Pro,Accessories,24,79.99,False,0,False,Los Angeles,94
2022-07-19,6,Office Chair,Furniture,15,299.99,False,0,False,Phoenix,61
2022-07-19,11,Printer Paper,Stationery,29,8.99,False,0,False,Chicago,52
2022-07-19,7,Standing Desk,Furniture,5,599.99,False,0,False,Houston,14
2022-07-19,1,Laptop Pro 15,Electronics,21,1104.99,True,15,False,New York,61
2022-07-19,9,Notebook A4,Stationery,219,4.99,False,0,False,Phoenix,763
2022-07-19,14,Water Bottle,Accessories,138,14.99,True,25,False,Los Angeles,278
2022-07-19,14,Water Bottle,Accessories,106,19.99,False,0,False,New York,448
2022-07-20,7,Standing Desk,Furniture,7,599.99,False,0,False,Phoenix,28
2022-07-20,6,Office Chair,Furniture,7,299.99,False,0,False,Chicago,27
2022-07-20,1,Laptop Pro 15,Electronics,27,1234.99,True,5,False,Los Angeles,131
2022-07-20,3,USB-C Hub,Electronics,63,49.99,False,0,False,Los Angeles,199
2022-07-20,5,Monitor 27inch,Electronics,11,399.99,False,0,False,Los Angeles,48
2022-07-20,4,Mechanical Keyboard,Electronics,34,149.99,False,0,False,Houston,87
2022-07-20,12,Markers Pack,Stationery,134,6.99,False,0,False,Phoenix,264
2022-07-20,4,Mechanical Keyboard,Electronics,23,149.99,False,0,False,New York,42
2022-07-21,4,Mechanical Keyboard,Electronics,29,142.49,True,5,False,Phoenix,55
2022-07-21,5,Monitor 27inch,Electronics,14,399.99,False,0,False,Chicago,23
2022-07-22,5,Monitor 27inch,Electronics,17,399.99,False,0,False,New York,38
2022-07-22,6,Office Chair,Furniture,9,299.99,False,0,False,New York,33
2022-07-22,1,Laptop Pro 15,Electronics,11,1299.99,False,0,False,Houston,48
2022-07-22,6,Office Chair,Furniture,20,299.99,False,0,False,Chicago,98
2022-07-23,4,Mechanical Keyboard,Electronics,19,149.99,False,0,False,Phoenix,86
2022-07-23,9,Notebook A4,Stationery,235,4.99,False,0,False,Houston,799
2022-07-24,1,Laptop Pro 15,Electronics,10,1299.99,False,0,False,Los Angeles,46
2022-07-25,3,USB-C Hub,Electronics,42,49.99,False,0,False,Houston,108
2022-07-25,6,Office Chair,Furniture,6,299.99,False,0,False,Phoenix,23
2022-07-25,10,Pen Set,Stationery,118,12.99,False,0,False,New York,444
2022-07-25,4,Mechanical Keyboard,Electronics,37,149.99,False,0,False,New York,112
2022-07-25,14,Water Bottle,Accessories,186,19.99,True,0,False,Chicago,317
2022-07-25,1,Laptop Pro 15,Electronics,22,1299.99,False,0,False,Chicago,92
2022-07-26,7,Standing Desk,Furniture,8,599.99,False,0,False,Phoenix,36
2022-07-26,2,Wireless Mouse,Electronics,83,29.99,False,0,False,Houston,127
2022-07-26,7,Standing Desk,Furniture,9,599.99,False,0,False,Los Angeles,21
2022-07-26,15,Desk Lamp,Accessories,34,34.99,False,0,False,Phoenix,61
2022-07-26,11,Printer Paper,Stationery,153,8.99,False,0,False,Chicago,239
2022-07-27,11,Printer Paper,Stationery,238,8.99,False,0,False,Los Angeles,757
2022-07-27,2,Wireless Mouse,Electronics,60,29.99,False,0,False,Chicago,105
2022-07-27,13,Backpack Pro,Accessories,22,79.99,False,0,False,Chicago,39
2022-07-27,11,Printer Paper,Stationery,152,8.99,False,0,False,Phoenix,580
2022-07-27,9,Notebook A4,Stationery,243,4.99,False,0,False,Phoenix,1186
2022-07-27,2,Wireless Mouse,Electronics,147,26.99,True,10,False,Phoenix,327
2022-07-28,7,Standing Desk,Furniture,12,599.99,False,0,False,Chicago,31
2022-07-28,10,Pen Set,Stationery,177,12.99,True,0,False,Houston,635
2022-07-28,7,Standing Desk,Furniture,6,599.99,False,0,False,Chicago,17
2022-07-28,4,Mechanical Keyboard,Electronics,44,119.99,True,20,False,Houston,166
2022-07-28,2,Wireless Mouse,Electronics,77,29.99,False,0,False,Houston,184
2022-07-29,7,Standing Desk,Furniture,11,599.99,False,0,False,New York,51
2022-07-29,1,Laptop Pro 15,Electronics,21,1299.99,False,0,False,Los Angeles,36
2022-07-29,5,Monitor 27inch,Electronics,44,339.99,True,15,False,New York,160
2022-07-29,14,Water Bottle,Accessories,118,19.99,False,0,False,Chicago,191
2022-07-29,6,Office Chair,Furniture,13,299.99,False,0,True,Phoenix,58
2022-07-30,2,Wireless Mouse,Electronics,77,29.99,False,0,False,New York,179
2022-07-30,2,Wireless Mouse,Electronics,92,29.99,False,0,False,Chicago,344
2022-07-31,7,Standing Desk,Furniture,15,599.99,False,0,True,New York,67
2022-07-31,2,Wireless Mouse,Electronics,116,29.99,False,0,False,Houston,294
2022-07-31,9,Notebook A4,Stationery,221,4.99,False,0,False,Houston,759
2022-07-31,9,Notebook A4,Stationery,229,4.49,True,10,False,Chicago,1113
2022-08-01,11,Printer Paper,Stationery,275,8.99,False,0,False,Chicago,450
2022-08-01,5,Monitor 27inch,Electronics,22,399.99,False,0,False,Chicago,100
2022-08-01,9,Notebook A4,Stationery,223,4.99,False,0,False,Los Angeles,582
2022-08-01,4,Mechanical Keyboard,Electronics,22,149.99,False,0,False,Los Angeles,67
2022-08-02,7,Standing Desk,Furniture,6,599.99,False,0,False,Chicago,14
2022-08-02,14,Water Bottle,Accessories,100,19.99,False,0,False,New York,450
2022-08-02,4,Mechanical Keyboard,Electronics,27,149.99,False,0,False,Los Angeles,98
2022-08-02,2,Wireless Mouse,Electronics,86,29.99,False,0,False,Phoenix,194
2022-08-02,4,Mechanical Keyboard,Electronics,32,149.99,True,0,False,New York,143
2022-08-02,5,Monitor 27inch,Electronics,14,399.99,False,0,False,Los Angeles,63
2022-08-02,15,Desk Lamp,Accessories,39,34.99,False,0,False,Los Angeles,117
2022-08-02,5,Monitor 27inch,Electronics,16,399.99,False,0,False,Chicago,60
2022-08-03,13,Backpack Pro,Accessories,29,79.99,False,0,False,Chicago,140
2022-08-03,1,Laptop Pro 15,Electronics,18,1299.99,False,0,False,Houston,88
2022-08-04,14,Water Bottle,Accessories,130,19.99,False,0,False,New York,494
2022-08-04,1,Laptop Pro 15,Electronics,13,1299.99,False,0,False,Chicago,36
2022-08-04,15,Desk Lamp,Accessories,36,34.99,False,0,False,New York,132
2022-08-04,9,Notebook A4,Stationery,176,4.99,False,0,False,Los Angeles,506
2022-08-04,11,Printer Paper,Stationery,221,8.99,False,0,False,Phoenix,1006
2022-08-04,13,Backpack Pro,Accessories,25,79.99,False,0,False,New York,40
2022-08-04,9,Notebook A4,Stationery,250,4.99,False,0,False,Los Angeles,486
2022-08-04,5,Monitor 27inch,Electronics,29,399.99,False,0,False,Chicago,132
2022-08-04,8,Bookshelf,Furniture,13,199.99,False,0,False,Houston,37
2022-08-05,2,Wireless Mouse,Electronics,103,29.99,False,0,False,Los Angeles,278
2022-08-05,7,Standing Desk,Furniture,5,599.99,False,0,False,Los Angeles,10
2022-08-05,1,Laptop Pro 15,Electronics,8,1299.99,False,0,False,Houston,29
2022-08-05,15,Desk Lamp,Accessories,46,34.99,False,0,False,Phoenix,213
2022-08-05,1,Laptop Pro 15,Electronics,14,1299.99,False,0,False,Houston,51
2022-08-05,8,Bookshelf,Furniture,13,199.99,False,0,False,New York,20
2022-08-05,8,Bookshelf,Furniture,11,199.99,False,0,False,Chicago,43
2022-08-06,12,Markers Pack,Stationery,146,6.99,False,0,False,Houston,522
2022-08-06,9,Notebook A4,Stationery,331,4.74,True,5,False,Phoenix,563
2022-08-06,8,Bookshelf,Furniture,20,199.99,False,0,False,Houston,58
2022-08-06,2,Wireless Mouse,Electronics,109,29.99,False,0,False,New York,311
2022-08-07,6,Office Chair,Furniture,7,299.99,False,0,False,Houston,19
2022-08-07,1,Laptop Pro 15,Electronics,14,1299.99,False,0,False,Los Angeles,46
2022-08-07,6,Office Chair,Furniture,22,299.99,False,0,False,Los Angeles,64
2022-08-07,9,Notebook A4,Stationery,308,4.99,False,0,False,Phoenix,1336
2022-08-08,10,Pen Set,Stationery,265,12.99,True,0,False,Chicago,565
2022-08-08,12,Markers Pack,Stationery,105,6.99,False,0,False,Los Angeles,368
2022-08-08,7,Standing Desk,Furniture,5,599.99,False,0,False,Houston,22
2022-08-08,1,Laptop Pro 15,Electronics,13,1299.99,False,0,False,Houston,50
2022-08-08,6,Office Chair,Furniture,9,299.99,False,0,False,Los Angeles,21
2022-08-08,11,Printer Paper,Stationery,115,8.99,False,0,False,Houston,374
2022-08-09,2,Wireless Mouse,Electronics,77,29.99,False,0,False,Houston,319
2022-08-10,12,Markers Pack,Stationery,131,6.99,False,0,False,Phoenix,253
2022-08-10,4,Mechanical Keyboard,Electronics,24,149.99,False,0,False,Chicago,98
2022-08-10,4,Mechanical Keyboard,Electronics,40,149.99,False,0,False,New York,105
2022-08-10,14,Water Bottle,Accessories,100,19.99,False,0,False,New York,393
2022-08-10,2,Wireless Mouse,Electronics,171,28.49,True,5,True,Chicago,415
2022-08-11,12,Markers Pack,Stationery,71,6.99,False,0,False,Chicago,200
2022-08-11,3,USB-C Hub,Electronics,67,39.99,True,20,False,Chicago,319
2022-08-11,13,Backpack Pro,Accessories,38,79.99,True,0,False,Los Angeles,89
2022-08-11,3,USB-C Hub,Electronics,59,37.49,True,25,False,Houston,264
2022-08-12,3,USB-C Hub,Electronics,20,49.99,False,0,False,Chicago,88
2022-08-12,10,Pen Set,Stationery,150,12.99,False,0,False,Los Angeles,291
2022-08-12,2,Wireless Mouse,Electronics,74,29.99,False,0,False,Los Angeles,177
2022-08-13,8,Bookshelf,Furniture,21,199.99,False,0,False,Los Angeles,33
2022-08-13,1,Laptop Pro 15,Electronics,16,1299.99,False,0,False,Los Angeles,38
2022-08-13,14,Water Bottle,Accessories,68,19.99,False,0,False,Houston,151
2022-08-13,12,Markers Pack,Stationery,281,6.99,False,0,False,Chicago,1356
2022-08-14,11,Printer Paper,Stationery,123,8.99,False,0,True,Houston,258
2022-08-14,15,Desk Lamp,Accessories,33,34.99,False,0,False,Phoenix,137
2022-08-14,12,Markers Pack,Stationery,186,6.99,False,0,False,New York,305
2022-08-14,5,Monitor 27inch,Electronics,45,399.99,False,0,False,New York,162
2022-08-14,2,Wireless Mouse,Electronics,90,29.99,False,0,False,Phoenix,197
2022-08-14,12,Markers Pack,Stationery,121,6.99,False,0,False,Houston,351
2022-08-15,3,USB-C Hub,Electronics,38,49.99,False,0,False,Phoenix,112
2022-08-15,8,Bookshelf,Furniture,20,199.99,False,0,False,Phoenix,41
2022-08-15,11,Printer Paper,Stationery,233,8.99,False,0,False,New York,1030
2022-08-16,2,Wireless Mouse,Electronics,36,29.99,False,0,False,New York,79
2022-08-16,8,Bookshelf,Furniture,6,199.99,False,0,False,Houston,16
2022-08-16,15,Desk Lamp,Accessories,38,34.99,False,0,False,Los Angeles,68
2022-08-16,14,Water Bottle,Accessories,118,19.99,False,0,False,Los Angeles,240
2022-08-16,2,Wireless Mouse,Electronics,117,29.99,False,0,False,Houston,201
2022-08-17,3,USB-C Hub,Electronics,34,49.99,False,0,False,Los Angeles,72
2022-08-17,9,Notebook A4,Stationery,220,4.99,False,0,False,New York,555
2022-08-17,7,Standing Desk,Furniture,5,599.99,False,0,False,Chicago,15
2022-08-17,15,Desk Lamp,Accessories,26,34.99,False,0,False,Houston,74
2022-08-18,2,Wireless Mouse,Electronics,67,29.99,False,0,False,Phoenix,122
2022-08-18,13,Backpack Pro,Accessories,32,79.99,False,0,False,Chicago,58
2022-08-18,1,Laptop Pro 15,Electronics,22,1299.99,False,0,False,Phoenix,94
2022-08-19,7,Standing Desk,Furniture,6,599.99,False,0,False,Los Angeles,22
2022-08-19,8,Bookshelf,Furniture,13,199.99,False,0,False,New York,37
2022-08-19,14,Water Bottle,Accessories,124,19.99,False,0,False,Phoenix,419
2022-08-19,5,Monitor 27inch,Electronics,25,399.99,False,0,False,New York,105
2022-08-19,6,Office Chair,Furniture,14,299.99,True,0,False,Phoenix,42
2022-08-19,14,Water Bottle,Accessories,117,19.99,False,0,False,Phoenix,458
2022-08-19,7,Standing Desk,Furniture,8,599.99,False,0,False,New York,37
2022-08-20,12,Markers Pack,Stationery,138,6.99,False,0,False,Los Angeles,393
2022-08-20,3,USB-C Hub,Electronics,125,47.49,True,5,False,Houston,401
2022-08-20,13,Backpack Pro,Accessories,87,63.99,True,20,True,Houston,296
2022-08-21,5,Monitor 27inch,Electronics,23,399.99,False,0,False,Chicago,37
2022-08-21,14,Water Bottle,Accessories,141,19.99,False,0,False,Chicago,512
2022-08-21,6,Office Chair,Furniture,16,299.99,False,0,False,Chicago,64
2022-08-21,11,Printer Paper,Stationery,140,8.99,False,0,False,Houston,322
2022-08-22,13,Backpack Pro,Accessories,22,59.99,True,25,False,Chicago,34
2022-08-22,9,Notebook A4,Stationery,189,4.99,False,0,False,New York,803
2022-08-22,3,USB-C Hub,Electronics,74,49.99,False,0,False,Chicago,200
2022-08-22,15,Desk Lamp,Accessories,47,34.99,False,0,False,Phoenix,73
2022-08-22,7,Standing Desk,Furniture,2,599.99,False,0,False,Los Angeles,6
2022-08-22,13,Backpack Pro,Accessories,48,79.99,True,0,False,Phoenix,76
2022-08-23,14,Water Bottle,Accessories,109,19.99,False,0,False,Chicago,248
2022-08-23,2,Wireless Mouse,Electronics,72,29.99,False,0,False,Houston,315
2022-08-23,7,Standing Desk,Furniture,7,599.99,False,0,False,Los Angeles,15
2022-08-24,5,Monitor 27inch,Electronics,15,399.99,False,0,False,New York,39
2022-08-24,12,Markers Pack,Stationery,101,6.99,False,0,False,New York,257
2022-08-24,4,Mechanical Keyboard,Electronics,35,149.99,False,0,False,Phoenix,127
2022-08-24,15,Desk Lamp,Accessories,44,34.99,False,0,False,Los Angeles,129
2022-08-25,3,USB-C Hub,Electronics,71,44.99,True,10,False,Houston,154
2022-08-25,1,Laptop Pro 15,Electronics,15,1299.99,False,0,False,Phoenix,54
2022-08-26,10,Pen Set,Stationery,261,12.99,False,0,True,Houston,837
2022-08-26,3,USB-C Hub,Electronics,58,49.99,False,0,False,Chicago,238
2022-08-26,1,Laptop Pro 15,Electronics,21,1299.99,False,0,False,Phoenix,48
2022-08-26,1,Laptop Pro 15,Electronics,17,1299.99,False,0,False,Phoenix,29
2022-08-26,6,Office Chair,Furniture,24,284.99,True,5,False,Phoenix,37
2022-08-26,8,Bookshelf,Furniture,28,199.99,False,0,False,Los Angeles,93
2022-08-27,11,Printer Paper,Stationery,262,8.99,False,0,False,Los Angeles,1253
2022-08-27,6,Office Chair,Furniture,21,299.99,False,0,False,New York,43
2022-08-28,10,Pen Set,Stationery,253,12.99,False,0,False,Phoenix,668
2022-08-28,15,Desk Lamp,Accessories,56,34.99,False,0,False,New York,173
2022-08-28,2,Wireless Mouse,Electronics,170,29.99,False,0,False,Chicago,836
2022-08-29,8,Bookshelf,Furniture,19,179.99,True,10,False,Los Angeles,79
2022-08-29,1,Laptop Pro 15,Electronics,18,1299.99,False,0,False,Los Angeles,35
2022-08-29,4,Mechanical Keyboard,Electronics,40,149.99,False,0,False,Phoenix,121
2022-08-29,6,Office Chair,Furniture,18,299.99,True,0,False,Los Angeles,61
2022-08-29,9,Notebook A4,Stationery,326,4.99,False,0,True,Phoenix,1540
2022-08-29,4,Mechanical Keyboard,Electronics,18,149.99,False,0,False,Houston,59
2022-08-30,8,Bookshelf,Furniture,14,199.99,False,0,False,New York,64
2022-08-30,2,Wireless Mouse,Electronics,128,29.99,False,0,False,Chicago,320
2022-08-30,14,Water Bottle,Accessories,91,19.99,False,0,False,Houston,142
2022-08-31,2,Wireless Mouse,Electronics,77,29.99,False,0,False,Los Angeles,188
2022-08-31,13,Backpack Pro,Accessories,32,79.99,False,0,False,Houston,124
2022-08-31,7,Standing Desk,Furniture,10,599.99,False,0,False,Phoenix,43
2022-08-31,15,Desk Lamp,Accessories,89,27.99,True,20,False,Phoenix,316
2022-09-01,9,Notebook A4,Stationery,437,4.99,True,0,False,Los Angeles,2024
2022-09-01,1,Laptop Pro 15,Electronics,5,1299.99,False,0,False,Houston,17
2022-09-01,14,Water Bottle,Accessories,75,19.99,False,0,False,New York,368
2022-09-01,4,Mechanical Keyboard,Electronics,25,119.99,True,20,False,Chicago,120
2022-09-01,9,Notebook A4,Stationery,223,4.99,False,0,False,Phoenix,608
2022-09-01,6,Office Chair,Furniture,17,299.99,False,0,False,Los Angeles,46
2022-09-02,8,Bookshelf,Furniture,9,199.99,False,0,False,Chicago,20
2022-09-02,9,Notebook A4,Stationery,147,4.99,False,0,True,Phoenix,233
2022-09-02,7,Standing Desk,Furniture,4,599.99,False,0,False,Chicago,10
2022-09-02,8,Bookshelf,Furniture,26,189.99,True,5,False,Los Angeles,57
2022-09-03,11,Printer Paper,Stationery,367,8.09,True,10,False,New York,1677
2022-09-03,3,USB-C Hub,Electronics,56,49.99,False,0,False,Chicago,242
2022-09-03,14,Water Bottle,Accessories,163,19.99,False,0,False,New York,282
2022-09-03,4,Mechanical Keyboard,Electronics,41,149.99,False,0,False,Los Angeles,102
2022-09-03,13,Backpack Pro,Accessories,50,79.99,False,0,False,Chicago,82
2022-09-03,8,Bookshelf,Furniture,43,189.99,True,5,False,Los Angeles,197
2022-09-03,1,Laptop Pro 15,Electronics,18,1299.99,False,0,False,Phoenix,82
2022-09-04,10,Pen Set,Stationery,449,10.39,True,20,False,Los Angeles,1003
2022-09-04,5,Monitor 27inch,Electronics,18,399.99,False,0,False,Los Angeles,78
2022-09-04,4,Mechanical Keyboard,Electronics,16,149.99,False,0,False,Los Angeles,30
2022-09-04,1,Laptop Pro 15,Electronics,13,1299.99,False,0,False,New York,31
2022-09-05,5,Monitor 27inch,Electronics,34,379.99,True,5,False,New York,61
2022-09-05,14,Water Bottle,Accessories,114,19.99,False,0,False,Phoenix,347
2022-09-06,6,Office Chair,Furniture,14,299.99,False,0,False,Chicago,49
2022-09-06,12,Markers Pack,Stationery,86,6.99,False,0,False,Phoenix,380
2022-09-06,2,Wireless Mouse,Electronics,49,26.99,True,10,False,Phoenix,111
2022-09-06,3,USB-C Hub,Electronics,55,49.99,False,0,False,Houston,243
2022-09-06,7,Standing Desk,Furniture,8,599.99,False,0,False,New York,35
2022-09-06,6,Office Chair,Furniture,13,299.99,False,0,False,Houston,48
2022-09-07,11,Printer Paper,Stationery,187,8.99,False,0,False,Chicago,640
2022-09-07,12,Markers Pack,Stationery,69,6.99,False,0,False,Houston,135
2022-09-07,12,Markers Pack,Stationery,115,6.99,False,0,False,Phoenix,448
2022-09-07,15,Desk Lamp,Accessories,28,27.99,True,20,False,Los Angeles,57
2022-09-07,12,Markers Pack,Stationery,58,6.99,False,0,False,Phoenix,269
2022-09-07,11,Printer Paper,Stationery,94,8.99,False,0,False,Chicago,373
2022-09-07,8,Bookshelf,Furniture,7,199.99,False,0,False,Chicago,13
2022-09-09,12,Markers Pack,Stationery,259,6.99,True,0,False,New York,1179
2022-09-09,5,Monitor 27inch,Electronics,20,399.99,False,0,False,Houston,35
2022-09-09,8,Bookshelf,Furniture,16,199.99,False,0,False,Phoenix,58
2022-09-10,10,Pen Set,Stationery,137,12.99,False,0,False,Chicago,401
2022-09-10,13,Backpack Pro,Accessories,19,79.99,False,0,False,New York,93
2022-09-10,7,Standing Desk,Furniture,6,599.99,False,0,False,Chicago,11
2022-09-11,1,Laptop Pro 15,Electronics,11,1299.99,False,0,False,Chicago,43
2022-09-11,11,Printer Paper,Stationery,148,8.99,False,0,False,Phoenix,377
2022-09-11,13,Backpack Pro,Accessories,36,67.99,True,15,False,Los Angeles,150
2022-09-11,12,Markers Pack,Stationery,80,6.29,True,10,False,New York,167
2022-09-12,13,Backpack Pro,Accessories,28,79.99,False,0,False,Phoenix,73
2022-09-12,14,Water Bottle,Accessories,83,19.99,False,0,False,New York,188
2022-09-12,7,Standing Desk,Furniture,8,599.99,False,0,False,Houston,19
2022-09-12,10,Pen Set,Stationery,197,12.99,False,0,True,Los Angeles,907
2022-09-12,15,Desk Lamp,Accessories,27,34.99,False,0,False,Chicago,97
2022-09-13,4,Mechanical Keyboard,Electronics,42,149.99,True,0,False,Los Angeles,175
2022-09-13,15,Desk Lamp,Accessories,55,34.99,False,0,False,Houston,87
2022-09-13,1,Laptop Pro 15,Electronics,16,1299.99,False,0,True,Phoenix,69
2022-09-13,12,Markers Pack,Stationery,155,6.99,False,0,False,New York,647
2022-09-13,13,Backpack Pro,Accessories,38,79.99,False,0,False,New York,118
2022-09-13,2,Wireless Mouse,Electronics,68,29.99,False,0,False,Los Angeles,327
2022-09-14,15,Desk Lamp,Accessories,45,34.99,False,0,False,Houston,146
2022-09-14,1,Laptop Pro 15,Electronics,15,1299.99,False,0,False,New York,53
2022-09-14,7,Standing Desk,Furniture,4,599.99,False,0,False,Houston,7
2022-09-15,7,Standing Desk,Furniture,7,599.99,False,0,False,Chicago,27
2022-09-15,6,Office Chair,Furniture,10,299.99,False,0,False,Chicago,45
2022-09-15,5,Monitor 27inch,Electronics,28,399.99,False,0,False,Los Angeles,118
2022-09-16,5,Monitor 27inch,Electronics,20,399.99,False,0,False,Los Angeles,35
2022-09-16,8,Bookshelf,Furniture,11,199.99,False,0,True,New York,23
2022-09-16,4,Mechanical Keyboard,Electronics,39,149.99,False,0,False,Houston,159
2022-09-17,13,Backpack Pro,Accessories,22,79.99,False,0,False,Houston,102
2022-09-17,5,Monitor 27inch,Electronics,38,399.99,False,0,False,New York,97
2022-09-17,12,Markers Pack,Stationery,242,6.99,False,0,False,Houston,1034
2022-09-18,3,USB-C Hub,Electronics,38,49.99,False,0,False,Houston,185
2022-09-19,10,Pen Set,Stationery,186,12.99,False,0,False,Houston,904
2022-09-19,5,Monitor 27inch,Electronics,23,399.99,False,0,False,Chicago,82
2022-09-19,1,Laptop Pro 15,Electronics,11,1299.99,False,0,False,New York,27
2022-09-19,13,Backpack Pro,Accessories,14,79.99,False,0,False,Houston,56
2022-09-19,10,Pen Set,Stationery,188,12.99,False,0,False,New York,504
2022-09-20,13,Backpack Pro,Accessories,33,79.99,False,0,False,Chicago,58
2022-09-20,14,Water Bottle,Accessories,120,19.99,False,0,False,Chicago,190
2022-09-20,7,Standing Desk,Furniture,3,599.99,False,0,False,Phoenix,6
2022-09-20,13,Backpack Pro,Accessories,21,79.99,False,0,False,New York,53
2022-09-20,5,Monitor 27inch,Electronics,20,399.99,False,0,False,New York,84
2022-09-20,2,Wireless Mouse,Electronics,75,29.99,False,0,False,Houston,303
2022-09-21,11,Printer Paper,Stationery,320,7.19,True,20,False,Phoenix,807
2022-09-21,10,Pen Set,Stationery,168,12.99,False,0,True,Los Angeles,430
2022-09-21,2,Wireless Mouse,Electronics,62,29.99,False,0,False,Chicago,258
2022-09-21,5,Monitor 27inch,Electronics,10,399.99,False,0,False,Phoenix,36
2022-09-21,4,Mechanical Keyboard,Electronics,29,149.99,False,0,False,Los Angeles,75
2022-09-22,14,Water Bottle,Accessories,77,16.99,True,15,False,Chicago,312
2022-09-22,3,USB-C Hub,Electronics,66,49.99,False,0,False,Los Angeles,154
2022-09-22,15,Desk Lamp,Accessories,39,34.99,False,0,True,Houston,120
2022-09-23,2,Wireless Mouse,Electronics,139,29.99,False,0,False,Phoenix,362
2022-09-23,3,USB-C Hub,Electronics,41,49.99,False,0,False,Phoenix,101
2022-09-23,3,USB-C Hub,Electronics,35,49.99,False,0,False,Houston,100
2022-09-23,15,Desk Lamp,Accessories,31,34.99,False,0,False,Houston,132
2022-09-23,1,Laptop Pro 15,Electronics,29,1039.99,True,20,False,Houston,77
2022-09-23,14,Water Bottle,Accessories,73,19.99,False,0,False,Chicago,143
2022-09-24,13,Backpack Pro,Accessories,35,79.99,False,0,False,Chicago,76
2022-09-24,5,Monitor 27inch,Electronics,35,399.99,False,0,False,Houston,145
2022-09-24,1,Laptop Pro 15,Electronics,18,1299.99,False,0,True,Los Angeles,88
2022-09-25,11,Printer Paper,Stationery,419,8.09,True,10,False,Chicago,688
2022-09-25,10,Pen Set,Stationery,99,12.99,False,0,False,New York,358
2022-09-26,13,Backpack Pro,Accessories,27,79.99,False,0,False,Chicago,42
2022-09-26,1,Laptop Pro 15,Electronics,14,974.99,True,25,False,Chicago,26
2022-09-26,13,Backpack Pro,Accessories,38,79.99,False,0,False,Phoenix,85
2022-09-26,8,Bookshelf,Furniture,9,199.99,False,0,False,Houston,28
2022-09-26,14,Water Bottle,Accessories,156,19.99,True,0,False,Houston,767
2022-09-26,5,Monitor 27inch,Electronics,19,399.99,False,0,False,Los Angeles,32
2022-09-26,12,Markers Pack,Stationery,50,6.99,False,0,False,Phoenix,211
2022-09-27,7,Standing Desk,Furniture,7,599.99,False,0,False,Los Angeles,31
2022-09-27,8,Bookshelf,Furniture,16,199.99,False,0,True,Phoenix,70
2022-09-27,13,Backpack Pro,Accessories,35,79.99,False,0,False,New York,54
2022-09-27,12,Markers Pack,Stationery,118,6.99,False,0,False,Los Angeles,233
2022-09-28,12,Markers Pack,Stationery,198,5.94,True,15,False,Chicago,534
2022-09-28,2,Wireless Mouse,Electronics,72,29.99,False,0,False,Phoenix,334
2022-09-28,3,USB-C Hub,Electronics,46,49.99,False,0,False,Los Angeles,209
2022-09-28,7,Standing Desk,Furniture,13,569.99,True,5,False,Los Angeles,57
2022-09-28,10,Pen Set,Stationery,150,12.34,True,5,True,New York,558
2022-09-29,5,Monitor 27inch,Electronics,23,399.99,False,0,False,Chicago,91
2022-09-30,9,Notebook A4,Stationery,355,4.74,True,5,False,Los Angeles,1717
2022-09-30,6,Office Chair,Furniture,9,299.99,False,0,False,Chicago,19
2022-09-30,11,Printer Paper,Stationery,163,8.99,False,0,False,Los Angeles,268
2022-09-30,7,Standing Desk,Furniture,14,449.99,True,25,False,Houston,60
2022-10-01,12,Markers Pack,Stationery,105,6.99,False,0,False,Houston,433
2022-10-01,7,Standing Desk,Furniture,21,569.99,True,5,False,Los Angeles,49
2022-10-01,7,Standing Desk,Furniture,18,479.99,True,20,False,New York,72
2022-10-01,1,Laptop Pro 15,Electronics,16,1299.99,False,0,False,Phoenix,70
2022-10-02,3,USB-C Hub,Electronics,110,42.49,True,15,False,Los Angeles,170
2022-10-02,14,Water Bottle,Accessories,85,19.99,False,0,False,Los Angeles,231
2022-10-02,9,Notebook A4,Stationery,182,4.99,False,0,False,New York,702
2022-10-02,15,Desk Lamp,Accessories,51,34.99,False,0,False,Phoenix,148
2022-10-04,10,Pen Set,Stationery,112,12.99,False,0,False,Phoenix,269
2022-10-04,3,USB-C Hub,Electronics,57,49.99,False,0,False,Chicago,168
2022-10-04,7,Standing Desk,Furniture,11,569.99,True,5,False,Phoenix,35
2022-10-04,7,Standing Desk,Furniture,8,599.99,False,0,False,Houston,12
2022-10-05,12,Markers Pack,Stationery,135,6.99,False,0,False,Houston,495
2022-10-05,13,Backpack Pro,Accessories,18,67.99,True,15,False,Chicago,48
2022-10-05,12,Markers Pack,Stationery,112,6.99,False,0,False,Houston,501
2022-10-06,7,Standing Desk,Furniture,8,599.99,False,0,False,New York,20
2022-10-06,9,Notebook A4,Stationery,225,4.99,False,0,False,Phoenix,972
2022-10-06,4,Mechanical Keyboard,Electronics,46,142.49,True,5,False,New York,84
2022-10-06,7,Standing Desk,Furniture,10,599.99,False,0,False,Phoenix,20
2022-10-07,1,Laptop Pro 15,Electronics,13,1299.99,False,0,False,Phoenix,49
2022-10-07,3,USB-C Hub,Electronics,50,49.99,False,0,False,Chicago,188
2022-10-07,12,Markers Pack,Stationery,112,6.99,False,0,False,Phoenix,277
2022-10-08,8,Bookshelf,Furniture,13,199.99,False,0,False,Los Angeles,29
2022-10-08,8,Bookshelf,Furniture,19,199.99,False,0,False,Chicago,29
2022-10-08,9,Notebook A4,Stationery,289,4.99,False,0,False,Los Angeles,506
2022-10-08,9,Notebook A4,Stationery,364,4.99,True,0,False,Houston,1699
2022-10-08,15,Desk Lamp,Accessories,66,34.99,False,0,False,Chicago,290
2022-10-08,11,Printer Paper,Stationery,227,8.99,False,0,False,Phoenix,916
2022-10-08,2,Wireless Mouse,Electronics,33,29.99,False,0,False,Houston,136
2022-10-09,12,Markers Pack,Stationery,241,6.99,False,0,False,Houston,1128
2022-10-09,12,Markers Pack,Stationery,155,6.99,False,0,False,Phoenix,610
2022-10-10,5,Monitor 27inch,Electronics,31,399.99,False,0,False,Chicago,149
2022-10-10,10,Pen Set,Stationery,157,12.99,False,0,False,New York,600
2022-10-10,1,Laptop Pro 15,Electronics,16,1299.99,False,0,False,New York,34
2022-10-10,2,Wireless Mouse,Electronics,55,29.99,False,0,False,Chicago,99
2022-10-10,6,Office Chair,Furniture,10,299.99,False,0,False,Los Angeles,17
2022-10-10,4,Mechanical Keyboard,Electronics,29,149.99,False,0,False,Chicago,140
2022-10-10,8,Bookshelf,Furniture,16,199.99,False,0,False,Houston,26
2022-10-10,15,Desk Lamp,Accessories,27,34.99,False,0,False,Chicago,130
2022-10-10,4,Mechanical Keyboard,Electronics,27,119.99,True,20,False,Houston,68
2022-10-11,9,Notebook A4,Stationery,216,4.99,False,0,False,New York,733
2022-10-11,1,Laptop Pro 15,Electronics,18,1299.99,False,0,False,New York,51
2022-10-11,2,Wireless Mouse,Electronics,62,29.99,False,0,False,Los Angeles,237
2022-10-11,12,Markers Pack,Stationery,131,6.99,False,0,False,Houston,467
2022-10-11,3,USB-C Hub,Electronics,51,49.99,False,0,False,Los Angeles,167
2022-10-12,1,Laptop Pro 15,Electronics,13,1299.99,False,0,False,Houston,43
2022-10-12,15,Desk Lamp,Accessories,19,34.99,False,0,False,Phoenix,29
2022-10-12,7,Standing Desk,Furniture,4,599.99,False,0,False,Houston,15
2022-10-12,15,Desk Lamp,Accessories,51,34.99,False,0,False,Chicago,130
2022-10-12,5,Monitor 27inch,Electronics,20,399.99,False,0,False,Phoenix,34
2022-10-12,8,Bookshelf,Furniture,5,199.99,False,0,False,New York,10
2022-10-12,8,Bookshelf,Furniture,19,199.99,False,0,False,New York,32
2022-10-12,13,Backpack Pro,Accessories,13,79.99,False,0,False,Chicago,56
2022-10-12,7,Standing Desk,Furniture,12,599.99,False,0,True,Los Angeles,24
2022-10-13,5,Monitor 27inch,Electronics,19,399.99,False,0,False,Phoenix,89
2022-10-14,15,Desk Lamp,Accessories,40,34.99,False,0,False,Los Angeles,153
2022-10-14,9,Notebook A4,Stationery,211,4.99,False,0,False,Houston,316
2022-10-14,7,Standing Desk,Furniture,5,599.99,False,0,False,Houston,12
2022-10-14,10,Pen Set,Stationery,57,12.99,False,0,False,Chicago,144
2022-10-15,4,Mechanical Keyboard,Electronics,61,149.99,False,0,True,Phoenix,111
2022-10-16,7,Standing Desk,Furniture,8,599.99,False,0,False,Chicago,36
2022-10-16,7,Standing Desk,Furniture,10,599.99,False,0,False,Houston,25
2022-10-16,12,Markers Pack,Stationery,199,6.99,True,0,False,New York,506
2022-10-16,11,Printer Paper,Stationery,149,8.99,False,0,False,Los Angeles,606
2022-10-16,12,Markers Pack,Stationery,160,6.99,False,0,False,Los Angeles,621
2022-10-16,9,Notebook A4,Stationery,313,4.99,False,0,False,Chicago,998
2022-10-16,6,Office Chair,Furniture,8,299.99,False,0,False,Chicago,22
2022-10-16,15,Desk Lamp,Accessories,90,34.99,False,0,False,Chicago,261
2022-10-17,1,Laptop Pro 15,Electronics,15,1299.99,False,0,False,Phoenix,61
2022-10-17,7,Standing Desk,Furniture,8,599.99,False,0,False,New York,17
2022-10-17,1,Laptop Pro 15,Electronics,11,1299.99,False,0,False,New York,26
2022-10-17,2,Wireless Mouse,Electronics,103,29.99,False,0,False,Chicago,239
2022-10-17,11,Printer Paper,Stationery,256,8.99,False,0,False,Chicago,1198
2022-10-17,12,Markers Pack,Stationery,104,6.99,False,0,False,Houston,355
2022-10-17,5,Monitor 27inch,Electronics,20,399.99,False,0,False,Houston,58
2022-10-18,3,USB-C Hub,Electronics,45,49.99,False,0,False,New York,171
2022-10-18,7,Standing Desk,Furniture,11,599.99,False,0,False,New York,53
2022-10-18,13,Backpack Pro,Accessories,23,79.99,False,0,False,Chicago,61
2022-10-18,10,Pen Set,Stationery,178,12.99,False,0,False,New York,576
2022-10-18,1,Laptop Pro 15,Electronics,7,1299.99,False,0,False,New York,14
2022-10-18,1,Laptop Pro 15,Electronics,9,1299.99,False,0,False,Los Angeles,25
2022-10-19,13,Backpack Pro,Accessories,24,79.99,False,0,False,New York,104
2022-10-19,5,Monitor 27inch,Electronics,12,399.99,False,0,False,Los Angeles,24
2022-10-19,10,Pen Set,Stationery,188,12.99,False,0,False,Los Angeles,846
2022-10-19,13,Backpack Pro,Accessories,25,79.99,False,0,False,Chicago,44
2022-10-19,7,Standing Desk,Furniture,5,599.99,False,0,False,New York,15
2022-10-20,12,Markers Pack,Stationery,85,6.99,False,0,False,Los Angeles,263
2022-10-20,14,Water Bottle,Accessories,188,19.99,True,0,False,New York,413
2022-10-21,6,Office Chair,Furniture,11,299.99,False,0,False,New York,29
2022-10-21,2,Wireless Mouse,Electronics,121,29.99,False,0,True,Chicago,216
2022-10-21,4,Mechanical Keyboard,Electronics,31,149.99,False,0,False,Chicago,133
2022-10-22,9,Notebook A4,Stationery,269,4.99,False,0,False,Chicago,403
2022-10-22,6,Office Chair,Furniture,21,284.99,True,5,False,Los Angeles,104
2022-10-23,3,USB-C Hub,Electronics,15,49.99,False,0,False,Phoenix,43
2022-10-23,2,Wireless Mouse,Electronics,118,29.99,False,0,False,Los Angeles,330
2022-10-23,13,Backpack Pro,Accessories,47,79.99,False,0,False,Chicago,163
2022-10-23,1,Laptop Pro 15,Electronics,29,1299.99,False,0,True,Houston,96
2022-10-23,6,Office Chair,Furniture,15,299.99,False,0,False,Phoenix,42
2022-10-23,8,Bookshelf,Furniture,24,199.99,False,0,False,New York,76
2022-10-23,7,Standing Desk,Furniture,10,599.99,False,0,False,Chicago,34
2022-10-23,5,Monitor 27inch,Electronics,18,399.99,False,0,False,Chicago,89
2022-10-24,9,Notebook A4,Stationery,254,4.99,False,0,False,Phoenix,568
2022-10-24,1,Laptop Pro 15,Electronics,9,1299.99,False,0,False,Los Angeles,25
2022-10-24,13,Backpack Pro,Accessories,23,79.99,False,0,False,Chicago,114
2022-10-24,15,Desk Lamp,Accessories,66,34.99,False,0,False,Los Angeles,206
2022-10-25,12,Markers Pack,Stationery,102,6.99,False,0,False,New York,213
2022-10-25,13,Backpack Pro,Accessories,31,79.99,False,0,False,Chicago,56
2022-10-25,12,Markers Pack,Stationery,142,6.99,False,0,False,Phoenix,230
2022-10-25,13,Backpack Pro,Accessories,26,79.99,False,0,False,New York,128
2022-10-26,11,Printer Paper,Stationery,214,8.99,False,0,False,Phoenix,963
2022-10-26,7,Standing Desk,Furniture,7,599.99,False,0,False,Phoenix,30
2022-10-26,8,Bookshelf,Furniture,9,199.99,False,0,False,Los Angeles,19
2022-10-27,6,Office Chair,Furniture,6,299.99,False,0,False,Phoenix,9
2022-10-27,4,Mechanical Keyboard,Electronics,29,149.99,False,0,False,New York,114
2022-10-28,11,Printer Paper,Stationery,237,8.99,False,0,False,Los Angeles,912
2022-10-28,10,Pen Set,Stationery,142,11.69,True,10,False,Los Angeles,300
2022-10-28,8,Bookshelf,Furniture,12,199.99,False,0,False,New York,25
2022-10-28,14,Water Bottle,Accessories,111,19.99,False,0,False,Los Angeles,304
2022-10-28,2,Wireless Mouse,Electronics,59,29.99,False,0,False,New York,204
2022-10-28,6,Office Chair,Furniture,19,254.99,True,15,False,Houston,94
2022-10-28,12,Markers Pack,Stationery,148,6.99,False,0,False,New York,422
2022-10-29,12,Markers Pack,Stationery,172,6.99,False,0,False,Chicago,466
2022-10-29,8,Bookshelf,Furniture,29,199.99,False,0,True,New York,83
2022-10-29,11,Printer Paper,Stationery,238,8.99,False,0,True,Houston,892
2022-10-29,3,USB-C Hub,Electronics,65,49.99,False,0,True,Houston,175
2022-10-29,15,Desk Lamp,Accessories,36,34.99,False,0,False,Houston,56
2022-10-29,12,Markers Pack,Stationery,112,6.99,False,0,False,New York,369
2022-10-29,1,Laptop Pro 15,Electronics,19,1299.99,False,0,False,Houston,34
2022-10-29,8,Bookshelf,Furniture,18,199.99,False,0,False,New York,81
2022-10-29,12,Markers Pack,Stationery,207,5.59,True,20,False,Chicago,426
2022-10-29,14,Water Bottle,Accessories,116,19.99,False,0,False,Chicago,458
2022-10-29,3,USB-C Hub,Electronics,78,49.99,False,0,False,Los Angeles,162
2022-10-30,10,Pen Set,Stationery,247,12.99,False,0,True,New York,889
2022-10-30,12,Markers Pack,Stationery,133,6.99,False,0,False,New York,483
2022-10-30,7,Standing Desk,Furniture,14,599.99,False,0,False,Houston,66
2022-10-30,10,Pen Set,Stationery,159,12.99,False,0,False,Chicago,435
2022-10-30,4,Mechanical Keyboard,Electronics,40,149.99,False,0,False,Houston,160
2022-10-30,7,Standing Desk,Furniture,14,599.99,False,0,False,Los Angeles,39
2022-10-30,15,Desk Lamp,Accessories,49,34.99,False,0,False,Phoenix,83
2022-10-31,10,Pen Set,Stationery,187,12.99,False,0,False,New York,291
2022-10-31,9,Notebook A4,Stationery,364,4.49,True,10,False,New York,1319
2022-10-31,13,Backpack Pro,Accessories,24,79.99,False,0,False,Chicago,109
2022-10-31,9,Notebook A4,Stationery,225,4.24,True,15,False,New York,1091
2022-10-31,4,Mechanical Keyboard,Electronics,28,149.99,False,0,False,Los Angeles,120
2022-10-31,13,Backpack Pro,Accessories,19,79.99,False,0,False,Phoenix,73
2022-10-31,11,Printer Paper,Stationery,306,8.09,True,10,False,New York,792
2022-11-01,9,Notebook A4,Stationery,166,4.99,False,0,False,Phoenix,733
2022-11-01,13,Backpack Pro,Accessories,37,79.99,False,0,False,Phoenix,156
2022-11-01,7,Standing Desk,Furniture,12,599.99,False,0,True,Los Angeles,37
2022-11-01,9,Notebook A4,Stationery,467,4.99,False,0,False,New York,1037
2022-11-01,2,Wireless Mouse,Electronics,74,29.99,False,0,False,Phoenix,168
2022-11-01,2,Wireless Mouse,Electronics,277,28.49,True,5,False,Phoenix,536
2022-11-02,7,Standing Desk,Furniture,7,599.99,False,0,False,Chicago,17
2022-11-02,6,Office Chair,Furniture,19,299.99,False,0,False,Houston,65
2022-11-02,5,Monitor 27inch,Electronics,52,399.99,True,0,False,Chicago,91
2022-11-02,10,Pen Set,Stationery,180,12.99,False,0,False,Chicago,383
2022-11-02,2,Wireless Mouse,Electronics,183,25.49,True,15,False,Houston,297
2022-11-02,2,Wireless Mouse,Electronics,147,29.99,False,0,False,Los Angeles,642
2022-11-03,15,Desk Lamp,Accessories,48,31.49,True,10,False,Phoenix,138
2022-11-03,4,Mechanical Keyboard,Electronics,53,149.99,False,0,False,Los Angeles,173
2022-11-03,5,Monitor 27inch,Electronics,37,399.99,False,0,True,Chicago,149
2022-11-03,14,Water Bottle,Accessories,145,19.99,False,0,False,Chicago,565
2022-11-04,15,Desk Lamp,Accessories,73,34.99,False,0,False,Chicago,205
2022-11-04,9,Notebook A4,Stationery,358,4.99,False,0,False,New York,958
2022-11-04,5,Monitor 27inch,Electronics,36,399.99,False,0,False,Chicago,170
2022-11-04,9,Notebook A4,Stationery,145,4.99,False,0,False,Chicago,658
2022-11-04,11,Printer Paper,Stationery,333,8.99,False,0,False,Los Angeles,883
2022-11-04,14,Water Bottle,Accessories,88,19.99,False,0,False,New York,310
2022-11-04,13,Backpack Pro,Accessories,52,79.99,False,0,False,New York,195
2022-11-05,7,Standing Desk,Furniture,23,599.99,False,0,False,Phoenix,114
2022-11-05,15,Desk Lamp,Accessories,40,33.24,True,5,False,New York,131
2022-11-05,15,Desk Lamp,Accessories,95,34.99,False,0,False,Los Angeles,323
2022-11-05,3,USB-C Hub,Electronics,142,49.99,False,0,False,Houston,609
2022-11-05,5,Monitor 27inch,Electronics,32,399.99,False,0,False,New York,55
2022-11-05,1,Laptop Pro 15,Electronics,41,1299.99,False,0,False,New York,156
2022-11-06,14,Water Bottle,Accessories,121,19.99,False,0,False,New York,495
2022-11-06,12,Markers Pack,Stationery,124,6.99,False,0,False,Los Angeles,318
2022-11-06,13,Backpack Pro,Accessories,85,79.99,False,0,False,New York,380
2022-11-06,1,Laptop Pro 15,Electronics,15,1299.99,False,0,False,Phoenix,24
2022-11-07,15,Desk Lamp,Accessories,94,34.99,False,0,False,Los Angeles,221
2022-11-07,5,Monitor 27inch,Electronics,17,399.99,False,0,False,Chicago,60
2022-11-07,15,Desk Lamp,Accessories,45,34.99,False,0,False,Phoenix,128
2022-11-07,3,USB-C Hub,Electronics,31,49.99,False,0,False,New York,141
2022-11-07,2,Wireless Mouse,Electronics,78,29.99,False,0,False,Houston,277
2022-11-07,5,Monitor 27inch,Electronics,22,399.99,False,0,False,Chicago,53
2022-11-07,2,Wireless Mouse,Electronics,169,29.99,False,0,False,Los Angeles,340
2022-11-08,14,Water Bottle,Accessories,157,19.99,False,0,False,Phoenix,304
2022-11-09,10,Pen Set,Stationery,492,12.99,True,0,False,Houston,1663
2022-11-09,7,Standing Desk,Furniture,15,599.99,False,0,False,Houston,33
2022-11-09,3,USB-C Hub,Electronics,57,49.99,False,0,False,Los Angeles,256
2022-11-09,11,Printer Paper,Stationery,263,8.99,False,0,False,Los Angeles,1111
2022-11-10,10,Pen Set,Stationery,292,12.99,False,0,False,Phoenix,1361
2022-11-10,6,Office Chair,Furniture,20,299.99,False,0,False,Houston,83
2022-11-10,14,Water Bottle,Accessories,83,19.99,False,0,False,New York,384
2022-11-11,1,Laptop Pro 15,Electronics,11,1299.99,False,0,False,Houston,23
2022-11-11,12,Markers Pack,Stationery,226,6.99,False,0,False,New York,1111
2022-11-12,1,Laptop Pro 15,Electronics,33,1299.99,False,0,False,Houston,92
2022-11-13,1,Laptop Pro 15,Electronics,40,1299.99,False,0,True,New York,67
2022-11-13,12,Markers Pack,Stationery,383,6.99,True,0,False,New York,1356
2022-11-13,13,Backpack Pro,Accessories,42,79.99,False,0,False,Chicago,123
2022-11-13,12,Markers Pack,Stationery,114,6.99,False,0,False,New York,281
2022-11-13,9,Notebook A4,Stationery,441,4.99,False,0,False,Phoenix,1007
2022-11-13,4,Mechanical Keyboard,Electronics,98,127.49,True,15,False,Chicago,418
2022-11-13,11,Printer Paper,Stationery,242,8.99,False,0,False,Chicago,400
2022-11-14,1,Laptop Pro 15,Electronics,18,1299.99,False,0,False,Phoenix,73
2022-11-14,1,Laptop Pro 15,Electronics,30,1299.99,False,0,True,Phoenix,55
2022-11-14,14,Water Bottle,Accessories,326,19.99,True,0,False,Phoenix,1064
2022-11-14,2,Wireless Mouse,Electronics,71,29.99,False,0,False,Houston,163
2022-11-14,3,USB-C Hub,Electronics,13,49.99,False,0,False,New York,24
2022-11-14,12,Markers Pack,Stationery,113,6.99,False,0,False,Phoenix,478
2022-11-15,13,Backpack Pro,Accessories,33,79.99,False,0,False,Los Angeles,133
2022-11-15,10,Pen Set,Stationery,168,12.99,False,0,False,Houston,421
2022-11-15,11,Printer Paper,Stationery,170,8.99,False,0,False,Houston,786
2022-11-15,14,Water Bottle,Accessories,180,19.99,False,0,False,New York,496
2022-11-15,12,Markers Pack,Stationery,139,6.99,False,0,False,Chicago,616
2022-11-15,2,Wireless Mouse,Electronics,229,29.99,False,0,False,Houston,1120
2022-11-16,12,Markers Pack,Stationery,194,6.99,False,0,False,New York,294
2022-11-16,2,Wireless Mouse,Electronics,151,28.49,True,5,False,New York,241
2022-11-16,14,Water Bottle,Accessories,155,19.99,False,0,False,New York,271
2022-11-17,7,Standing Desk,Furniture,17,599.99,False,0,False,New York,68
2022-11-17,1,Laptop Pro 15,Electronics,24,1299.99,False,0,False,New York,46
2022-11-17,5,Monitor 27inch,Electronics,25,399.99,False,0,False,New York,61
2022-11-17,7,Standing Desk,Furniture,5,599.99,False,0,False,Los Angeles,11
2022-11-18,14,Water Bottle,Accessories,103,19.99,False,0,False,Los Angeles,433
2022-11-18,6,Office Chair,Furniture,20,299.99,False,0,False,Houston,77
2022-11-19,3,USB-C Hub,Electronics,88,49.99,False,0,False,Chicago,430
2022-11-19,3,USB-C Hub,Electronics,250,47.49,True,5,True,Phoenix,545
2022-11-19,6,Office Chair,Furniture,30,299.99,False,0,True,Chicago,122
2022-11-19,12,Markers Pack,Stationery,344,6.99,False,0,False,New York,1288
2022-11-19,8,Bookshelf,Furniture,25,199.99,False,0,False,Phoenix,114
2022-11-19,6,Office Chair,Furniture,28,299.99,False,0,False,Houston,108
2022-11-20,15,Desk Lamp,Accessories,74,34.99,False,0,False,Phoenix,285
2022-11-20,3,USB-C Hub,Electronics,64,49.99,False,0,False,New York,208
2022-11-21,4,Mechanical Keyboard,Electronics,30,149.99,False,0,False,Phoenix,114
2022-11-21,11,Printer Paper,Stationery,579,6.74,True,25,False,Phoenix,2405
2022-11-21,5,Monitor 27inch,Electronics,14,399.99,False,0,False,Chicago,55
2022-11-21,11,Printer Paper,Stationery,213,8.99,False,0,False,Los Angeles,598
2022-11-22,13,Backpack Pro,Accessories,31,79.99,False,0,False,New York,80
2022-11-22,10,Pen Set,Stationery,217,12.99,False,0,False,Houston,936
2022-11-22,13,Backpack Pro,Accessories,44,79.99,False,0,False,Chicago,84
2022-11-23,4,Mechanical Keyboard,Electronics,16,149.99,False,0,False,Houston,45
2022-11-23,7,Standing Desk,Furniture,9,599.99,False,0,False,New York,24
2022-11-23,10,Pen Set,Stationery,289,12.99,False,0,False,Houston,696
2022-11-23,1,Laptop Pro 15,Electronics,29,1299.99,False,0,False,Los Angeles,112
2022-11-23,11,Printer Paper,Stationery,264,8.99,False,0,True,Chicago,781
2022-11-23,1,Laptop Pro 15,Electronics,49,1299.99,True,0,True,Chicago,226
2022-11-24,8,Bookshelf,Furniture,31,199.99,False,0,False,Phoenix,154
2022-11-24,9,Notebook A4,Stationery,369,4.99,False,0,False,Los Angeles,1805
2022-11-24,15,Desk Lamp,Accessories,107,29.74,True,15,False,Chicago,271
2022-11-24,7,Standing Desk,Furniture,14,599.99,False,0,False,Chicago,52
2022-11-24,1,Laptop Pro 15,Electronics,23,1299.99,False,0,False,Houston,108
2022-11-24,9,Notebook A4,Stationery,241,4.99,False,0,False,Houston,530
2022-11-24,4,Mechanical Keyboard,Electronics,35,134.99,True,10,False,New York,59
2022-11-25,4,Mechanical Keyboard,Electronics,104,142.49,True,5,False,Houston,428
2022-11-25,5,Monitor 27inch,Electronics,21,399.99,False,0,False,Phoenix,35
2022-11-25,3,USB-C Hub,Electronics,69,49.99,False,0,False,Phoenix,182
2022-11-25,1,Laptop Pro 15,Electronics,26,1299.99,False,0,False,Chicago,126
2022-11-25,6,Office Chair,Furniture,22,299.99,False,0,False,New York,75
2022-11-26,2,Wireless Mouse,Electronics,120,29.99,False,0,False,Los Angeles,500
2022-11-26,14,Water Bottle,Accessories,157,19.99,False,0,False,Chicago,337
2022-11-26,6,Office Chair,Furniture,27,299.99,False,0,False,Houston,84
2022-11-27,1,Laptop Pro 15,Electronics,29,1299.99,False,0,False,Chicago,90
2022-11-27,12,Markers Pack,Stationery,226,6.99,False,0,False,Houston,658
2022-11-27,11,Printer Paper,Stationery,349,8.99,False,0,False,New York,1324
2022-11-28,11,Printer Paper,Stationery,261,8.99,False,0,False,Phoenix,673
2022-11-28,1,Laptop Pro 15,Electronics,31,1299.99,False,0,False,New York,105
2022-11-28,14,Water Bottle,Accessories,137,19.99,False,0,False,Phoenix,409
2022-11-28,8,Bookshelf,Furniture,14,199.99,False,0,False,Los Angeles,23
2022-11-28,6,Office Chair,Furniture,17,299.99,False,0,False,Los Angeles,78
2022-11-29,2,Wireless Mouse,Electronics,143,29.99,False,0,True,Chicago,481
2022-11-29,7,Standing Desk,Furniture,17,599.99,False,0,False,Chicago,49
2022-11-29,9,Notebook A4,Stationery,517,4.99,False,0,True,New York,2565
2022-11-30,9,Notebook A4,Stationery,313,4.99,False,0,True,Los Angeles,672
2022-11-30,2,Wireless Mouse,Electronics,101,29.99,False,0,False,Los Angeles,379
2022-11-30,1,Laptop Pro 15,Electronics,27,1299.99,False,0,False,New York,60
2022-11-30,6,Office Chair,Furniture,4,299.99,False,0,False,Phoenix,14
2022-11-30,1,Laptop Pro 15,Electronics,28,1299.99,False,0,False,Chicago,55
2022-11-30,3,USB-C Hub,Electronics,71,49.99,False,0,False,Los Angeles,288
2022-12-01,7,Standing Desk,Furniture,11,599.99,False,0,False,Houston,49
2022-12-01,13,Backpack Pro,Accessories,36,79.99,False,0,False,Chicago,98
2022-12-01,8,Bookshelf,Furniture,17,199.99,False,0,False,Chicago,70
2022-12-01,6,Office Chair,Furniture,15,299.99,False,0,False,Chicago,70
2022-12-02,8,Bookshelf,Furniture,33,199.99,False,0,True,Chicago,142
2022-12-02,7,Standing Desk,Furniture,12,599.99,False,0,False,Houston,57
2022-12-02,3,USB-C Hub,Electronics,67,49.99,False,0,False,Los Angeles,241
2022-12-02,6,Office Chair,Furniture,19,299.99,False,0,False,Phoenix,40
2022-12-02,2,Wireless Mouse,Electronics,134,29.99,False,0,False,Houston,263
2022-12-02,9,Notebook A4,Stationery,374,4.99,False,0,False,Los Angeles,1292
2022-12-02,2,Wireless Mouse,Electronics,138,29.99,False,0,False,Phoenix,397
2022-12-02,11,Printer Paper,Stationery,251,8.99,False,0,False,Los Angeles,480
2022-12-02,7,Standing Desk,Furniture,9,599.99,False,0,False,Los Angeles,38
2022-12-03,13,Backpack Pro,Accessories,37,79.99,False,0,False,Los Angeles,153
2022-12-03,13,Backpack Pro,Accessories,55,79.99,False,0,False,Houston,257
2022-12-03,9,Notebook A4,Stationery,249,4.99,False,0,False,Chicago,1104
2022-12-03,3,USB-C Hub,Electronics,127,49.99,False,0,False,Phoenix,630
2022-12-04,14,Water Bottle,Accessories,153,19.99,False,0,False,Phoenix,349
2022-12-04,13,Backpack Pro,Accessories,77,67.99,True,15,False,New York,263
2022-12-04,11,Printer Paper,Stationery,240,8.99,False,0,False,Chicago,906
2022-12-04,9,Notebook A4,Stationery,447,4.99,False,0,False,New York,731
2022-12-04,14,Water Bottle,Accessories,284,19.99,False,0,False,Los Angeles,1311
2022-12-04,2,Wireless Mouse,Electronics,139,29.99,False,0,False,Phoenix,327
2022-12-05,8,Bookshelf,Furniture,24,199.99,False,0,False,Chicago,37
2022-12-05,14,Water Bottle,Accessories,190,19.99,False,0,False,Phoenix,819
2022-12-05,6,Office Chair,Furniture,25,299.99,False,0,False,Chicago,94
2022-12-05,11,Printer Paper,Stationery,277,8.99,False,0,False,Houston,966
2022-12-05,13,Backpack Pro,Accessories,31,79.99,False,0,False,Houston,129
2022-12-05,13,Backpack Pro,Accessories,37,79.99,False,0,False,Los Angeles,181
2022-12-05,10,Pen Set,Stationery,116,12.99,False,0,False,Los Angeles,258
2022-12-05,13,Backpack Pro,Accessories,30,79.99,False,0,False,Los Angeles,65
2022-12-05,3,USB-C Hub,Electronics,89,49.99,False,0,False,Phoenix,159
2022-12-05,8,Bookshelf,Furniture,25,199.99,False,0,True,Houston,55
2022-12-06,1,Laptop Pro 15,Electronics,21,1299.99,False,0,False,Los Angeles,75
2022-12-07,13,Backpack Pro,Accessories,34,79.99,False,0,False,Phoenix,160
2022-12-08,3,USB-C Hub,Electronics,85,49.99,False,0,False,Los Angeles,235
2022-12-08,13,Backpack Pro,Accessories,47,79.99,False,0,False,Houston,101
2022-12-08,15,Desk Lamp,Accessories,50,34.99,False,0,False,Los Angeles,113
2022-12-08,12,Markers Pack,Stationery,126,6.99,False,0,True,Los Angeles,598
2022-12-09,8,Bookshelf,Furniture,16,199.99,False,0,False,Chicago,77
2022-12-09,13,Backpack Pro,Accessories,59,79.99,False,0,True,Houston,101
2022-12-09,3,USB-C Hub,Electronics,50,49.99,False,0,False,Phoenix,110
2022-12-09,2,Wireless Mouse,Electronics,139,29.99,False,0,False,Phoenix,474
2022-12-10,10,Pen Set,Stationery,279,12.99,False,0,False,New York,452
2022-12-10,1,Laptop Pro 15,Electronics,11,1299.99,False,0,False,Phoenix,24
2022-12-10,12,Markers Pack,Stationery,172,6.99,False,0,False,Chicago,690
2022-12-10,8,Bookshelf,Furniture,32,199.99,False,0,False,Chicago,127
2022-12-10,13,Backpack Pro,Accessories,64,79.99,False,0,False,Chicago,152
2022-12-10,10,Pen Set,Stationery,201,12.99,False,0,False,Houston,846
2022-12-10,11,Printer Paper,Stationery,509,8.99,False,0,False,Los Angeles,1874
2022-12-11,10,Pen Set,Stationery,404,12.99,False,0,False,Chicago,1738
2022-12-11,8,Bookshelf,Furniture,46,199.99,False,0,False,Chicago,83
2022-12-11,7,Standing Desk,Furniture,25,599.99,False,0,False,Phoenix,92
2022-12-11,1,Laptop Pro 15,Electronics,31,1299.99,False,0,False,New York,102
2022-12-11,12,Markers Pack,Stationery,255,6.99,False,0,False,Los Angeles,922
2022-12-11,11,Printer Paper,Stationery,475,8.99,False,0,False,New York,2125
2022-12-11,8,Bookshelf,Furniture,30,199.99,False,0,False,Los Angeles,135
2022-12-12,7,Standing Desk,Furniture,13,599.99,False,0,False,New York,25
2022-12-13,5,Monitor 27inch,Electronics,36,399.99,False,0,False,Los Angeles,165
2022-12-13,10,Pen Set,Stationery,295,12.99,False,0,False,Chicago,1468
2022-12-13,7,Standing Desk,Furniture,9,599.99,False,0,False,Phoenix,44
2022-12-13,14,Water Bottle,Accessories,179,19.99,False,0,True,Los Angeles,349
2022-12-13,5,Monitor 27inch,Electronics,44,399.99,True,0,False,Phoenix,163
2022-12-13,11,Printer Paper,Stationery,233,8.99,False,0,False,Houston,820
2022-12-14,3,USB-C Hub,Electronics,81,49.99,False,0,False,Phoenix,394
2022-12-14,2,Wireless Mouse,Electronics,101,29.99,False,0,False,Chicago,206
2022-12-14,13,Backpack Pro,Accessories,24,79.99,False,0,False,Chicago,38
2022-12-14,4,Mechanical Keyboard,Electronics,27,149.99,False,0,False,Los Angeles,110
2022-12-15,6,Office Chair,Furniture,24,254.99,True,15,False,Houston,44
2022-12-15,2,Wireless Mouse,Electronics,219,29.99,False,0,False,Houston,852
2022-12-15,6,Office Chair,Furniture,27,284.99,True,5,False,Chicago,107
2022-12-15,7,Standing Desk,Furniture,13,509.99,True,15,False,Phoenix,33
2022-12-16,14,Water Bottle,Accessories,152,19.99,False,0,False,Phoenix,750
2022-12-16,2,Wireless Mouse,Electronics,115,29.99,False,0,False,Phoenix,471
2022-12-16,6,Office Chair,Furniture,13,299.99,False,0,False,Los Angeles,23
2022-12-16,9,Notebook A4,Stationery,284,4.99,False,0,False,Houston,1030
2022-12-16,14,Water Bottle,Accessories,149,19.99,False,0,False,Houston,257
2022-12-16,6,Office Chair,Furniture,9,299.99,False,0,False,Phoenix,13
2022-12-17,1,Laptop Pro 15,Electronics,21,1299.99,False,0,False,Houston,81
2022-12-17,3,USB-C Hub,Electronics,92,49.99,False,0,False,Houston,291
2022-12-17,5,Monitor 27inch,Electronics,46,399.99,False,0,False,Houston,187
2022-12-18,13,Backpack Pro,Accessories,42,79.99,False,0,False,Los Angeles,113
2022-12-18,8,Bookshelf,Furniture,41,149.99,True,25,False,Chicago,188
2022-12-18,5,Monitor 27inch,Electronics,32,399.99,False,0,False,Phoenix,150
2022-12-19,12,Markers Pack,Stationery,116,6.99,False,0,False,Phoenix,450
2022-12-19,6,Office Chair,Furniture,17,299.99,False,0,False,Houston,62
2022-12-19,8,Bookshelf,Furniture,23,199.99,False,0,True,New York,106
2022-12-19,10,Pen Set,Stationery,134,12.99,False,0,False,Los Angeles,490
2022-12-19,12,Markers Pack,Stationery,319,6.29,True,10,False,Phoenix,1032
2022-12-20,3,USB-C Hub,Electronics,50,49.99,False,0,False,Phoenix,105
2022-12-20,3,USB-C Hub,Electronics,72,49.99,False,0,True,New York,191
2022-12-20,4,Mechanical Keyboard,Electronics,45,149.99,False,0,False,Chicago,127
2022-12-20,10,Pen Set,Stationery,231,12.99,False,0,False,Phoenix,1046
2022-12-20,11,Printer Paper,Stationery,322,8.99,False,0,False,Houston,1320
2022-12-21,1,Laptop Pro 15,Electronics,17,1299.99,False,0,False,Houston,66
2022-12-21,10,Pen Set,Stationery,233,12.99,False,0,False,Los Angeles,968
2022-12-21,8,Bookshelf,Furniture,17,199.99,False,0,False,New York,73
2022-12-22,12,Markers Pack,Stationery,182,6.99,False,0,False,Phoenix,723
2022-12-22,7,Standing Desk,Furniture,12,599.99,False,0,False,Houston,41
2022-12-22,9,Notebook A4,Stationery,316,4.99,False,0,False,New York,905
2022-12-23,12,Markers Pack,Stationery,50,6.99,False,0,True,Houston,142
2022-12-23,12,Markers Pack,Stationery,84,6.99,False,0,False,New York,226
2022-12-23,6,Office Chair,Furniture,15,299.99,False,0,False,Phoenix,40
2022-12-23,6,Office Chair,Furniture,35,299.99,False,0,False,New York,124
2022-12-23,6,Office Chair,Furniture,20,299.99,False,0,False,New York,32
2022-12-23,10,Pen Set,Stationery,217,12.99,True,0,True,Chicago,975
2022-12-24,8,Bookshelf,Furniture,21,199.99,False,0,False,Los Angeles,60
2022-12-24,2,Wireless Mouse,Electronics,104,29.99,False,0,False,Los Angeles,262
2022-12-24,1,Laptop Pro 15,Electronics,26,1299.99,False,0,False,Los Angeles,107
2022-12-24,11,Printer Paper,Stationery,374,8.99,False,0,False,New York,1685
2022-12-24,2,Wireless Mouse,Electronics,230,29.99,False,0,False,Phoenix,1101
2022-12-24,9,Notebook A4,Stationery,565,4.99,True,0,False,Los Angeles,997
2022-12-25,9,Notebook A4,Stationery,329,4.99,False,0,False,Los Angeles,1503
2022-12-25,6,Office Chair,Furniture,24,299.99,False,0,False,Phoenix,90
2022-12-25,2,Wireless Mouse,Electronics,25,29.99,False,0,False,Los Angeles,107
2022-12-26,1,Laptop Pro 15,Electronics,38,974.99,True,25,False,Houston,70
2022-12-26,14,Water Bottle,Accessories,293,15.99,True,20,False,New York,485
2022-12-26,10,Pen Set,Stationery,207,12.99,False,0,False,Chicago,573
2022-12-26,5,Monitor 27inch,Electronics,37,399.99,False,0,False,Chicago,168
2022-12-26,3,USB-C Hub,Electronics,74,49.99,True,0,False,Houston,338
2022-12-26,4,Mechanical Keyboard,Electronics,34,149.99,False,0,False,Houston,113
2022-12-26,14,Water Bottle,Accessories,195,19.99,False,0,True,Los Angeles,808
2022-12-27,15,Desk Lamp,Accessories,91,34.99,False,0,False,New York,422
2022-12-27,7,Standing Desk,Furniture,8,599.99,False,0,False,Chicago,17
2022-12-27,4,Mechanical Keyboard,Electronics,56,149.99,False,0,False,Houston,195
2022-12-27,6,Office Chair,Furniture,21,299.99,False,0,False,Houston,82
2022-12-27,15,Desk Lamp,Accessories,49,34.99,False,0,False,Houston,192
2022-12-28,9,Notebook A4,Stationery,677,4.24,True,15,False,Chicago,1380
2022-12-28,12,Markers Pack,Stationery,87,6.99,False,0,False,Chicago,332
2022-12-29,14,Water Bottle,Accessories,218,19.99,False,0,False,New York,889
2022-12-29,4,Mechanical Keyboard,Electronics,20,149.99,False,0,False,Phoenix,88
2022-12-29,7,Standing Desk,Furniture,18,599.99,False,0,False,Los Angeles,64
2022-12-29,3,USB-C Hub,Electronics,55,49.99,False,0,False,Phoenix,231
2022-12-29,3,USB-C Hub,Electronics,108,49.99,False,0,False,Houston,493
2022-12-30,6,Office Chair,Furniture,15,299.99,False,0,False,Houston,55
2022-12-30,10,Pen Set,Stationery,272,12.34,True,5,False,Los Angeles,1169
2022-12-30,13,Backpack Pro,Accessories,48,79.99,False,0,False,Houston,97
2022-12-30,13,Backpack Pro,Accessories,72,59.99,True,25,False,Los Angeles,202
2022-12-30,4,Mechanical Keyboard,Electronics,48,149.99,False,0,False,Chicago,127
2022-12-30,7,Standing Desk,Furniture,12,599.99,False,0,False,Los Angeles,26
2022-12-31,14,Water Bottle,Accessories,343,17.99,True,10,False,Chicago,1589
2022-12-31,3,USB-C Hub,Electronics,99,49.99,False,0,True,Los Angeles,267
2022-12-31,6,Office Chair,Furniture,39,269.99,True,10,False,New York,119
2022-12-31,3,USB-C Hub,Electronics,84,49.99,False,0,False,Los Angeles,283
2022-12-31,15,Desk Lamp,Accessories,91,34.99,False,0,False,Chicago,423
2022-12-31,3,USB-C Hub,Electronics,90,49.99,False,0,False,Chicago,220
2023-01-01,8,Bookshelf,Furniture,18,199.99,False,0,False,Phoenix,80
2023-01-01,7,Standing Desk,Furniture,4,599.99,False,0,False,Phoenix,19
2023-01-01,12,Markers Pack,Stationery,151,6.99,False,0,True,Chicago,624
2023-01-01,6,Office Chair,Furniture,9,299.99,False,0,False,Phoenix,20
2023-01-01,4,Mechanical Keyboard,Electronics,9,149.99,False,0,False,Chicago,40
2023-01-01,1,Laptop Pro 15,Electronics,9,1299.99,False,0,False,Phoenix,21
2023-01-01,11,Printer Paper,Stationery,258,8.54,True,5,False,Phoenix,763
2023-01-02,3,USB-C Hub,Electronics,26,49.99,False,0,False,Chicago,100
2023-01-02,5,Monitor 27inch,Electronics,15,399.99,False,0,False,New York,45
2023-01-02,10,Pen Set,Stationery,196,11.69,True,10,False,Los Angeles,897
2023-01-02,9,Notebook A4,Stationery,182,4.99,False,0,False,New York,834
2023-01-02,6,Office Chair,Furniture,10,299.99,False,0,True,Phoenix,24
2023-01-02,5,Monitor 27inch,Electronics,11,399.99,False,0,False,Chicago,40
2023-01-02,13,Backpack Pro,Accessories,9,79.99,False,0,False,Houston,24
2023-01-02,4,Mechanical Keyboard,Electronics,19,149.99,False,0,False,Los Angeles,83
2023-01-02,10,Pen Set,Stationery,297,11.04,True,15,False,Houston,497
2023-01-03,9,Notebook A4,Stationery,156,4.99,False,0,False,Houston,625
2023-01-03,14,Water Bottle,Accessories,84,19.99,False,0,False,New York,212
2023-01-03,1,Laptop Pro 15,Electronics,11,1299.99,False,0,False,Chicago,20
2023-01-03,13,Backpack Pro,Accessories,29,79.99,False,0,False,Chicago,109
2023-01-04,9,Notebook A4,Stationery,129,4.49,True,10,False,Houston,636
2023-01-04,4,Mechanical Keyboard,Electronics,14,127.49,True,15,False,Los Angeles,51
2023-01-04,4,Mechanical Keyboard,Electronics,26,149.99,False,0,False,Houston,63
2023-01-04,14,Water Bottle,Accessories,89,19.99,False,0,False,New York,307
2023-01-04,3,USB-C Hub,Electronics,33,49.99,False,0,False,New York,77
2023-01-04,5,Monitor 27inch,Electronics,8,399.99,False,0,False,Phoenix,39
2023-01-04,2,Wireless Mouse,Electronics,53,29.99,False,0,False,Los Angeles,143
2023-01-04,14,Water Bottle,Accessories,84,19.99,False,0,False,New York,126
2023-01-04,4,Mechanical Keyboard,Electronics,32,149.99,False,0,False,Chicago,58
2023-01-04,4,Mechanical Keyboard,Electronics,32,149.99,False,0,False,Chicago,122
2023-01-05,6,Office Chair,Furniture,9,299.99,False,0,False,New York,43
2023-01-06,9,Notebook A4,Stationery,141,4.99,False,0,False,New York,238
2023-01-06,14,Water Bottle,Accessories,119,17.99,True,10,False,Phoenix,220
2023-01-06,9,Notebook A4,Stationery,220,4.99,False,0,False,Los Angeles,393
2023-01-06,2,Wireless Mouse,Electronics,114,23.99,True,20,False,Los Angeles,257
2023-01-06,1,Laptop Pro 15,Electronics,16,1299.99,False,0,False,Chicago,25
2023-01-07,13,Backpack Pro,Accessories,12,79.99,False,0,False,Los Angeles,20
2023-01-07,15,Desk Lamp,Accessories,51,33.24,True,5,False,Phoenix,88
2023-01-08,14,Water Bottle,Accessories,68,19.99,False,0,False,New York,234
2023-01-08,11,Printer Paper,Stationery,209,8.99,False,0,False,Chicago,613
2023-01-08,10,Pen Set,Stationery,123,12.99,False,0,False,Chicago,187
2023-01-08,6,Office Chair,Furniture,14,299.99,False,0,False,Houston,46
2023-01-09,14,Water Bottle,Accessories,90,19.99,False,0,False,New York,264
2023-01-10,6,Office Chair,Furniture,8,299.99,False,0,False,New York,30
2023-01-10,4,Mechanical Keyboard,Electronics,23,149.99,False,0,False,Los Angeles,72
2023-01-10,11,Printer Paper,Stationery,115,8.99,False,0,False,Chicago,362
2023-01-10,10,Pen Set,Stationery,154,12.99,False,0,False,Chicago,354
2023-01-10,6,Office Chair,Furniture,11,299.99,False,0,False,Los Angeles,36
2023-01-10,9,Notebook A4,Stationery,219,4.99,False,0,False,Houston,497
2023-01-11,14,Water Bottle,Accessories,67,19.99,False,0,False,Phoenix,110
2023-01-11,11,Printer Paper,Stationery,168,8.09,True,10,False,Houston,579
2023-01-12,8,Bookshelf,Furniture,17,199.99,False,0,False,New York,32
2023-01-12,14,Water Bottle,Accessories,35,19.99,False,0,False,Chicago,71
2023-01-12,10,Pen Set,Stationery,82,12.99,False,0,False,Phoenix,234
2023-01-12,3,USB-C Hub,Electronics,21,49.99,False,0,False,Houston,57
2023-01-12,15,Desk Lamp,Accessories,30,34.99,False,0,False,Phoenix,148
2023-01-12,5,Monitor 27inch,Electronics,19,399.99,False,0,False,New York,75
2023-01-12,5,Monitor 27inch,Electronics,18,379.99,True,5,False,Phoenix,27
2023-01-13,2,Wireless Mouse,Electronics,96,25.49,True,15,False,Phoenix,200
2023-01-13,5,Monitor 27inch,Electronics,14,399.99,False,0,False,Los Angeles,61
2023-01-13,15,Desk Lamp,Accessories,23,34.99,False,0,False,Los Angeles,101
2023-01-14,6,Office Chair,Furniture,18,299.99,True,0,False,New York,59
2023-01-14,7,Standing Desk,Furniture,15,479.99,True,20,False,Chicago,33
2023-01-14,9,Notebook A4,Stationery,175,4.99,False,0,False,Chicago,372
2023-01-15,12,Markers Pack,Stationery,54,6.99,False,0,False,Chicago,118
2023-01-15,8,Bookshelf,Furniture,20,159.99,True,20,False,Los Angeles,36
2023-01-15,13,Backpack Pro,Accessories,21,79.99,False,0,False,Phoenix,38
2023-01-15,14,Water Bottle,Accessories,114,19.99,False,0,False,Los Angeles,267
2023-01-15,3,USB-C Hub,Electronics,47,49.99,False,0,False,Chicago,204
2023-01-15,15,Desk Lamp,Accessories,26,34.99,False,0,False,Chicago,55
2023-01-16,4,Mechanical Keyboard,Electronics,26,149.99,False,0,False,Los Angeles,114
2023-01-16,5,Monitor 27inch,Electronics,21,399.99,False,0,False,New York,93
2023-01-17,11,Printer Paper,Stationery,68,8.99,False,0,False,Chicago,286
2023-01-17,5,Monitor 27inch,Electronics,26,399.99,False,0,False,Chicago,114
2023-01-17,8,Bookshelf,Furniture,18,199.99,False,0,False,Houston,44
2023-01-17,1,Laptop Pro 15,Electronics,11,1299.99,False,0,False,Houston,27
2023-01-18,13,Backpack Pro,Accessories,21,79.99,False,0,False,Chicago,95
2023-01-18,6,Office Chair,Furniture,7,299.99,False,0,False,New York,10
2023-01-18,13,Backpack Pro,Accessories,17,79.99,False,0,False,Los Angeles,71
2023-01-18,7,Standing Desk,Furniture,5,599.99,False,0,False,Phoenix,13
2023-01-18,8,Bookshelf,Furniture,10,199.99,False,0,False,Houston,26
2023-01-19,3,USB-C Hub,Electronics,33,49.99,False,0,False,New York,135
2023-01-19,14,Water Bottle,Accessories,71,19.99,False,0,False,Los Angeles,212
2023-01-19,2,Wireless Mouse,Electronics,26,29.99,False,0,False,Phoenix,129
2023-01-19,13,Backpack Pro,Accessories,21,79.99,False,0,False,Houston,57
2023-01-19,6,Office Chair,Furniture,13,299.99,False,0,False,Houston,52
2023-01-20,10,Pen Set,Stationery,121,12.99,False,0,False,Phoenix,185
2023-01-20,10,Pen Set,Stationery,110,12.99,False,0,False,Chicago,232
2023-01-20,12,Markers Pack,Stationery,114,6.99,False,0,False,Phoenix,330
2023-01-20,4,Mechanical Keyboard,Electronics,27,149.99,False,0,False,Los Angeles,56
2023-01-21,11,Printer Paper,Stationery,196,8.99,False,0,False,Chicago,604
2023-01-21,4,Mechanical Keyboard,Electronics,28,149.99,False,0,False,New York,100
2023-01-21,9,Notebook A4,Stationery,133,4.99,False,0,False,Houston,263
2023-01-21,11,Printer Paper,Stationery,181,8.99,False,0,False,Los Angeles,797
2023-01-21,2,Wireless Mouse,Electronics,67,29.99,False,0,False,Chicago,211
2023-01-21,12,Markers Pack,Stationery,163,6.99,False,0,False,New York,609
2023-01-21,11,Printer Paper,Stationery,268,8.09,True,10,False,New York,1031
2023-01-22,8,Bookshelf,Furniture,13,199.99,False,0,False,Los Angeles,39
2023-01-22,3,USB-C Hub,Electronics,61,47.49,True,5,False,Chicago,136
2023-01-22,6,Office Chair,Furniture,11,299.99,False,0,False,New York,37
2023-01-22,5,Monitor 27inch,Electronics,14,399.99,False,0,False,Chicago,43
2023-01-22,5,Monitor 27inch,Electronics,18,399.99,False,0,False,Houston,58
2023-01-22,9,Notebook A4,Stationery,166,4.99,False,0,False,New York,417
2023-01-22,5,Monitor 27inch,Electronics,25,399.99,False,0,False,Los Angeles,95
2023-01-22,9,Notebook A4,Stationery,309,4.99,False,0,False,Phoenix,943
2023-01-22,11,Printer Paper,Stationery,112,8.99,False,0,False,New York,367
2023-01-23,4,Mechanical Keyboard,Electronics,24,149.99,False,0,False,Houston,66
2023-01-23,14,Water Bottle,Accessories,87,17.99,True,10,False,Los Angeles,331
2023-01-23,6,Office Chair,Furniture,8,299.99,False,0,False,Chicago,24
2023-01-24,12,Markers Pack,Stationery,147,6.99,False,0,False,Houston,504
2023-01-24,3,USB-C Hub,Electronics,39,49.99,False,0,False,Chicago,158
2023-01-25,15,Desk Lamp,Accessories,19,31.49,True,10,False,Houston,52
2023-01-25,13,Backpack Pro,Accessories,20,79.99,False,0,False,Houston,55
2023-01-25,3,USB-C Hub,Electronics,31,49.99,False,0,False,New York,85
2023-01-25,10,Pen Set,Stationery,199,12.34,True,5,False,Houston,372
2023-01-26,2,Wireless Mouse,Electronics,39,29.99,False,0,False,Houston,98
2023-01-26,15,Desk Lamp,Accessories,51,34.99,False,0,False,Chicago,142
2023-01-27,15,Desk Lamp,Accessories,33,34.99,False,0,False,Chicago,74
2023-01-27,11,Printer Paper,Stationery,197,8.99,True,0,False,Phoenix,403
2023-01-28,8,Bookshelf,Furniture,14,199.99,False,0,False,Los Angeles,22
2023-01-28,7,Standing Desk,Furniture,5,599.99,False,0,False,Los Angeles,18
2023-01-28,2,Wireless Mouse,Electronics,71,29.99,False,0,False,Chicago,227
2023-01-28,4,Mechanical Keyboard,Electronics,22,149.99,False,0,False,New York,76
2023-01-28,1,Laptop Pro 15,Electronics,18,1299.99,False,0,False,Chicago,46
2023-01-28,4,Mechanical Keyboard,Electronics,24,149.99,False,0,False,Houston,55
2023-01-28,1,Laptop Pro 15,Electronics,11,1299.99,False,0,False,New York,42
2023-01-28,12,Markers Pack,Stationery,169,5.94,True,15,False,Los Angeles,714
2023-01-28,14,Water Bottle,Accessories,142,19.99,False,0,False,Chicago,351
2023-01-28,12,Markers Pack,Stationery,176,6.99,False,0,False,New York,424
2023-01-28,2,Wireless Mouse,Electronics,73,29.99,False,0,False,New York,283
2023-01-29,4,Mechanical Keyboard,Electronics,38,149.99,False,0,False,Los Angeles,109
2023-01-30,2,Wireless Mouse,Electronics,45,29.99,False,0,False,Houston,222
2023-01-30,15,Desk Lamp,Accessories,8,34.99,False,0,False,Chicago,21
2023-01-30,12,Markers Pack,Stationery,58,6.99,False,0,False,Los Angeles,272
2023-01-30,8,Bookshelf,Furniture,17,199.99,True,0,False,Phoenix,29
2023-01-30,14,Water Bottle,Accessories,85,19.99,False,0,False,Chicago,321
2023-01-30,6,Office Chair,Furniture,11,299.99,False,0,False,Los Angeles,43
2023-01-31,7,Standing Desk,Furniture,4,599.99,False,0,False,New York,12
2023-01-31,11,Printer Paper,Stationery,79,8.09,True,10,False,Phoenix,204
2023-01-31,1,Laptop Pro 15,Electronics,9,1299.99,False,0,True,Chicago,40
2023-01-31,9,Notebook A4,Stationery,392,4.24,True,15,False,Chicago,1377
2023-01-31,5,Monitor 27inch,Electronics,17,299.99,True,25,False,Phoenix,37
2023-01-31,5,Monitor 27inch,Electronics,11,399.99,False,0,False,New York,20
2023-02-01,1,Laptop Pro 15,Electronics,21,1299.99,False,0,False,Chicago,49
2023-02-01,6,Office Chair,Furniture,22,299.99,True,0,False,New York,59
2023-02-01,10,Pen Set,Stationery,165,9.74,True,25,False,Houston,396
2023-02-01,2,Wireless Mouse,Electronics,77,29.99,False,0,False,Phoenix,352
2023-02-01,13,Backpack Pro,Accessories,26,79.99,False,0,False,Chicago,70
2023-02-02,1,Laptop Pro 15,Electronics,12,1299.99,False,0,False,Chicago,31
2023-02-02,3,USB-C Hub,Electronics,33,49.99,False,0,False,Los Angeles,111
2023-02-02,9,Notebook A4,Stationery,134,4.99,False,0,False,Los Angeles,365
2023-02-03,15,Desk Lamp,Accessories,26,34.99,False,0,False,Chicago,106
2023-02-03,9,Notebook A4,Stationery,222,4.99,False,0,False,Houston,540
2023-02-03,12,Markers Pack,Stationery,114,6.99,False,0,False,Houston,521
2023-02-03,14,Water Bottle,Accessories,81,19.99,False,0,False,Chicago,149
2023-02-03,5,Monitor 27inch,Electronics,20,399.99,False,0,False,Chicago,42
2023-02-03,2,Wireless Mouse,Electronics,50,23.99,True,20,False,New York,153
2023-02-03,1,Laptop Pro 15,Electronics,3,1299.99,False,0,False,Chicago,14
2023-02-04,5,Monitor 27inch,Electronics,18,399.99,False,0,False,Houston,89
2023-02-05,12,Markers Pack,Stationery,99,6.99,False,0,False,Chicago,257
2023-02-05,12,Markers Pack,Stationery,152,6.99,False,0,False,New York,650
2023-02-06,13,Backpack Pro,Accessories,19,79.99,False,0,False,Phoenix,87
2023-02-06,9,Notebook A4,Stationery,204,4.99,False,0,False,New York,418
2023-02-06,1,Laptop Pro 15,Electronics,21,1169.99,True,10,False,Los Angeles,61
2023-02-06,8,Bookshelf,Furniture,10,199.99,False,0,False,Phoenix,23
2023-02-06,8,Bookshelf,Furniture,12,199.99,False,0,False,Chicago,34
2023-02-07,11,Printer Paper,Stationery,147,8.99,False,0,False,Houston,552
2023-02-07,2,Wireless Mouse,Electronics,28,29.99,False,0,False,Los Angeles,58
2023-02-07,14,Water Bottle,Accessories,114,18.99,True,5,False,New York,215
2023-02-07,10,Pen Set,Stationery,149,12.99,False,0,False,Houston,428
2023-02-07,3,USB-C Hub,Electronics,39,42.49,True,15,False,New York,165
2023-02-07,2,Wireless Mouse,Electronics,103,28.49,True,5,True,Phoenix,342
2023-02-07,13,Backpack Pro,Accessories,18,79.99,False,0,False,Chicago,45
2023-02-07,15,Desk Lamp,Accessories,39,34.99,False,0,False,New York,90
2023-02-07,5,Monitor 27inch,Electronics,12,399.99,False,0,False,New York,50
2023-02-07,15,Desk Lamp,Accessories,58,34.99,False,0,True,Chicago,228
2023-02-08,3,USB-C Hub,Electronics,48,49.99,False,0,False,Houston,86
2023-02-08,8,Bookshelf,Furniture,15,199.99,False,0,False,Los Angeles,30
2023-02-08,4,Mechanical Keyboard,Electronics,21,149.99,False,0,False,New York,48
2023-02-08,9,Notebook A4,Stationery,160,4.99,False,0,False,Houston,557
2023-02-08,8,Bookshelf,Furniture,11,199.99,True,0,False,Los Angeles,43
2023-02-08,8,Bookshelf,Furniture,10,199.99,False,0,False,Houston,39
2023-02-09,11,Printer Paper,Stationery,102,8.99,False,0,False,New York,235
2023-02-09,6,Office Chair,Furniture,13,239.99,True,20,False,Houston,20
2023-02-09,6,Office Chair,Furniture,11,299.99,False,0,False,Los Angeles,18
2023-02-09,14,Water Bottle,Accessories,58,19.99,False,0,False,Chicago,135
2023-02-09,14,Water Bottle,Accessories,76,19.99,False,0,False,New York,182
2023-02-10,6,Office Chair,Furniture,3,299.99,False,0,False,Phoenix,8
2023-02-10,8,Bookshelf,Furniture,10,199.99,False,0,False,Phoenix,48
2023-02-10,7,Standing Desk,Furniture,8,599.99,False,0,False,Chicago,22
2023-02-10,12,Markers Pack,Stationery,96,6.99,False,0,False,Phoenix,330
2023-02-10,6,Office Chair,Furniture,8,299.99,False,0,False,New York,35
2023-02-11,1,Laptop Pro 15,Electronics,13,1299.99,False,0,False,Los Angeles,30
2023-02-11,14,Water Bottle,Accessories,82,19.99,False,0,False,Phoenix,154
2023-02-11,9,Notebook A4,Stationery,170,4.99,False,0,True,Phoenix,650
2023-02-11,5,Monitor 27inch,Electronics,10,399.99,False,0,False,Phoenix,43
2023-02-12,1,Laptop Pro 15,Electronics,17,1299.99,True,0,False,Houston,46
2023-02-12,15,Desk Lamp,Accessories,48,34.99,False,0,False,Phoenix,164
2023-02-12,12,Markers Pack,Stationery,133,6.99,False,0,False,Phoenix,281
2023-02-12,1,Laptop Pro 15,Electronics,19,1299.99,False,0,False,Chicago,60
2023-02-12,5,Monitor 27inch,Electronics,26,399.99,False,0,True,Houston,42
2023-02-12,12,Markers Pack,Stationery,180,6.99,False,0,False,Houston,355
2023-02-12,10,Pen Set,Stationery,243,12.99,False,0,False,Houston,980
2023-02-13,4,Mechanical Keyboard,Electronics,22,149.99,False,0,False,Chicago,71
2023-02-13,4,Mechanical Keyboard,Electronics,27,149.99,False,0,True,Los Angeles,54
2023-02-13,5,Monitor 27inch,Electronics,13,339.99,True,15,False,New York,53
2023-02-14,1,Laptop Pro 15,Electronics,10,1299.99,False,0,False,Chicago,20
2023-02-14,11,Printer Paper,Stationery,206,8.99,False,0,False,Phoenix,858
2023-02-14,10,Pen Set,Stationery,123,12.99,False,0,False,Chicago,317
2023-02-14,12,Markers Pack,Stationery,101,6.99,False,0,False,Chicago,373
2023-02-15,11,Printer Paper,Stationery,172,8.99,False,0,False,Chicago,437
2023-02-15,3,USB-C Hub,Electronics,44,49.99,False,0,False,Phoenix,189
2023-02-15,6,Office Chair,Furniture,8,299.99,False,0,False,Chicago,14
2023-02-16,14,Water Bottle,Accessories,92,19.99,False,0,False,Houston,184
2023-02-16,14,Water Bottle,Accessories,115,19.99,False,0,False,New York,390
2023-02-16,5,Monitor 27inch,Electronics,18,399.99,False,0,False,Houston,32
2023-02-16,3,USB-C Hub,Electronics,47,37.49,True,25,False,New York,229
2023-02-16,10,Pen Set,Stationery,177,12.99,False,0,False,Houston,683
2023-02-16,8,Bookshelf,Furniture,6,159.99,True,20,False,Los Angeles,24
2023-02-17,9,Notebook A4,Stationery,238,4.99,False,0,False,Phoenix,699
2023-02-17,14,Water Bottle,Accessories,86,19.99,False,0,False,Houston,247
2023-02-17,15,Desk Lamp,Accessories,33,34.99,False,0,False,Phoenix,127
2023-02-17,4,Mechanical Keyboard,Electronics,21,149.99,False,0,False,Houston,67
2023-02-18,3,USB-C Hub,Electronics,48,49.99,False,0,False,Phoenix,149
2023-02-18,1,Laptop Pro 15,Electronics,18,1299.99,False,0,False,Los Angeles,28
2023-02-18,13,Backpack Pro,Accessories,57,79.99,True,0,False,Chicago,246
2023-02-18,15,Desk Lamp,Accessories,41,34.99,False,0,False,Houston,172
2023-02-18,6,Office Chair,Furniture,16,224.99,True,25,False,New York,43
2023-02-19,15,Desk Lamp,Accessories,58,29.74,True,15,False,Los Angeles,96
2023-02-19,3,USB-C Hub,Electronics,69,49.99,False,0,True,Phoenix,327
2023-02-19,7,Standing Desk,Furniture,9,599.99,False,0,False,Phoenix,21
2023-02-19,8,Bookshelf,Furniture,12,199.99,False,0,False,Houston,39
2023-02-20,13,Backpack Pro,Accessories,19,79.99,False,0,False,Phoenix,63
2023-02-20,13,Backpack Pro,Accessories,22,79.99,False,0,False,Phoenix,90
2023-02-20,1,Laptop Pro 15,Electronics,18,1299.99,False,0,False,Los Angeles,50
2023-02-21,4,Mechanical Keyboard,Electronics,42,149.99,False,0,False,New York,112
2023-02-22,14,Water Bottle,Accessories,85,19.99,False,0,False,Houston,216
2023-02-22,3,USB-C Hub,Electronics,54,49.99,False,0,False,Phoenix,196
2023-02-22,10,Pen Set,Stationery,204,12.99,False,0,False,Chicago,938
2023-02-22,10,Pen Set,Stationery,167,12.99,False,0,False,Houston,530
2023-02-23,8,Bookshelf,Furniture,7,199.99,False,0,False,Los Angeles,13
2023-02-23,3,USB-C Hub,Electronics,64,47.49,True,5,True,Chicago,284
2023-02-23,3,USB-C Hub,Electronics,38,49.99,False,0,False,Phoenix,179
2023-02-23,11,Printer Paper,Stationery,235,8.99,False,0,False,Phoenix,867
2023-02-24,5,Monitor 27inch,Electronics,20,399.99,False,0,False,Houston,45
2023-02-24,3,USB-C Hub,Electronics,31,49.99,False,0,False,New York,89
2023-02-24,12,Markers Pack,Stationery,97,6.99,False,0,False,Phoenix,171
2023-02-24,6,Office Chair,Furniture,12,299.99,False,0,False,Los Angeles,42
2023-02-24,7,Standing Desk,Furniture,5,599.99,False,0,False,Chicago,8
2023-02-25,5,Monitor 27inch,Electronics,28,399.99,False,0,False,Houston,64
2023-02-25,9,Notebook A4,Stationery,301,3.74,True,25,False,Houston,744
2023-02-25,6,Office Chair,Furniture,10,299.99,False,0,False,Houston,40
2023-02-25,6,Office Chair,Furniture,11,299.99,False,0,False,Chicago,39
2023-02-25,8,Bookshelf,Furniture,18,199.99,False,0,True,Phoenix,88
2023-02-25,4,Mechanical Keyboard,Electronics,36,149.99,False,0,False,New York,76
2023-02-26,15,Desk Lamp,Accessories,32,34.99,False,0,False,Phoenix,145
2023-02-26,13,Backpack Pro,Accessories,35,79.99,False,0,False,New York,148
2023-02-26,15,Desk Lamp,Accessories,52,27.99,True,20,False,Chicago,105
2023-02-26,10,Pen Set,Stationery,177,12.99,False,0,False,Los Angeles,388
2023-02-26,11,Printer Paper,Stationery,150,8.99,False,0,False,Houston,676
2023-02-27,5,Monitor 27inch,Electronics,18,399.99,False,0,False,Phoenix,30
2023-02-27,8,Bookshelf,Furniture,19,199.99,False,0,False,Phoenix,74
2023-02-27,1,Laptop Pro 15,Electronics,12,1299.99,False,0,False,Phoenix,54
2023-02-27,6,Office Chair,Furniture,5,299.99,False,0,True,Houston,21
2023-02-27,3,USB-C Hub,Electronics,47,49.99,False,0,False,Houston,173
2023-02-28,7,Standing Desk,Furniture,7,599.99,False,0,False,Los Angeles,32
2023-02-28,3,USB-C Hub,Electronics,74,49.99,True,0,False,Phoenix,261
2023-02-28,11,Printer Paper,Stationery,201,8.99,False,0,False,Chicago,989
2023-02-28,4,Mechanical Keyboard,Electronics,19,149.99,False,0,False,Chicago,62
2023-02-28,7,Standing Desk,Furniture,9,599.99,False,0,False,New York,25
2023-03-01,5,Monitor 27inch,Electronics,14,399.99,False,0,False,Chicago,50
2023-03-01,4,Mechanical Keyboard,Electronics,36,149.99,False,0,False,Chicago,108
2023-03-01,12,Markers Pack,Stationery,99,6.99,False,0,False,Chicago,324
2023-03-01,14,Water Bottle,Accessories,106,19.99,False,0,False,Phoenix,331
2023-03-02,5,Monitor 27inch,Electronics,23,399.99,False,0,False,New York,57
2023-03-02,7,Standing Desk,Furniture,7,599.99,False,0,False,New York,13
2023-03-02,2,Wireless Mouse,Electronics,113,29.99,False,0,False,Chicago,540
2023-03-02,6,Office Chair,Furniture,9,299.99,False,0,True,Phoenix,36
2023-03-02,5,Monitor 27inch,Electronics,12,399.99,False,0,False,Houston,58
2023-03-03,12,Markers Pack,Stationery,249,5.94,True,15,False,Houston,785
2023-03-05,2,Wireless Mouse,Electronics,57,29.99,False,0,True,New York,245
2023-03-05,12,Markers Pack,Stationery,170,6.99,False,0,False,Los Angeles,586
2023-03-05,7,Standing Desk,Furniture,10,599.99,False,0,False,New York,42
2023-03-05,2,Wireless Mouse,Electronics,142,29.99,False,0,False,Phoenix,378
2023-03-06,7,Standing Desk,Furniture,12,599.99,False,0,False,Los Angeles,51
2023-03-06,15,Desk Lamp,Accessories,29,34.99,False,0,False,New York,88
2023-03-06,11,Printer Paper,Stationery,228,8.99,False,0,False,Phoenix,571
2023-03-06,3,USB-C Hub,Electronics,110,47.49,True,5,False,Houston,499
2023-03-06,13,Backpack Pro,Accessories,19,79.99,False,0,False,Chicago,62
2023-03-07,8,Bookshelf,Furniture,20,199.99,False,0,False,Los Angeles,83
2023-03-08,10,Pen Set,Stationery,182,10.39,True,20,False,Chicago,885
2023-03-08,12,Markers Pack,Stationery,104,6.99,False,0,False,Phoenix,276
2023-03-08,13,Backpack Pro,Accessories,26,79.99,False,0,False,New York,39
2023-03-08,3,USB-C Hub,Electronics,34,49.99,False,0,False,Phoenix,106
2023-03-08,15,Desk Lamp,Accessories,33,34.99,False,0,False,Chicago,70
2023-03-08,9,Notebook A4,Stationery,169,4.99,False,0,False,Chicago,724
2023-03-09,2,Wireless Mouse,Electronics,67,29.99,False,0,False,Phoenix,280
2023-03-09,15,Desk Lamp,Accessories,30,34.99,False,0,False,Chicago,84
2023-03-09,3,USB-C Hub,Electronics,51,49.99,False,0,False,Los Angeles,241
2023-03-09,8,Bookshelf,Furniture,7,199.99,False,0,False,New York,32
2023-03-09,8,Bookshelf,Furniture,11,199.99,False,0,False,Houston,21
2023-03-10,2,Wireless Mouse,Electronics,100,29.99,False,0,False,Houston,486
2023-03-10,12,Markers Pack,Stationery,57,6.99,False,0,True,Houston,194
2023-03-10,15,Desk Lamp,Accessories,21,34.99,False,0,False,Phoenix,92
2023-03-10,9,Notebook A4,Stationery,219,4.99,False,0,False,Houston,686
2023-03-10,15,Desk Lamp,Accessories,49,34.99,False,0,False,Los Angeles,112
2023-03-10,7,Standing Desk,Furniture,5,599.99,False,0,False,Phoenix,9
2023-03-10,12,Markers Pack,Stationery,126,6.99,False,0,False,Los Angeles,537
2023-03-11,11,Printer Paper,Stationery,339,8.99,False,0,False,Houston,862
2023-03-11,8,Bookshelf,Furniture,18,199.99,False,0,False,New York,41
2023-03-11,13,Backpack Pro,Accessories,31,79.99,False,0,True,New York,62
2023-03-11,10,Pen Set,Stationery,108,12.99,False,0,False,Phoenix,201
2023-03-11,11,Printer Paper,Stationery,182,8.99,False,0,False,Chicago,869
2023-03-12,14,Water Bottle,Accessories,145,19.99,False,0,False,Los Angeles,697
2023-03-12,14,Water Bottle,Accessories,208,19.99,True,0,False,New York,524
2023-03-12,5,Monitor 27inch,Electronics,15,399.99,False,0,False,Phoenix,48
2023-03-12,15,Desk Lamp,Accessories,61,33.24,True,5,False,Chicago,142
2023-03-12,4,Mechanical Keyboard,Electronics,47,149.99,False,0,True,Houston,226
2023-03-12,10,Pen Set,Stationery,204,12.99,False,0,False,Los Angeles,716
2023-03-13,12,Markers Pack,Stationery,178,6.29,True,10,False,New York,717
2023-03-13,7,Standing Desk,Furniture,7,599.99,False,0,False,New York,21
2023-03-13,8,Bookshelf,Furniture,26,179.99,True,10,True,Chicago,109
2023-03-13,7,Standing Desk,Furniture,9,599.99,False,0,False,Los Angeles,38
2023-03-14,6,Office Chair,Furniture,13,299.99,False,0,False,Los Angeles,35
2023-03-14,7,Standing Desk,Furniture,6,599.99,False,0,False,Phoenix,19
2023-03-14,15,Desk Lamp,Accessories,30,34.99,False,0,False,Chicago,118
2023-03-14,9,Notebook A4,Stationery,264,4.99,False,0,False,Chicago,722
2023-03-14,14,Water Bottle,Accessories,108,18.99,True,5,False,New York,480
2023-03-15,4,Mechanical Keyboard,Electronics,25,149.99,False,0,False,Phoenix,122
2023-03-15,11,Printer Paper,Stationery,365,6.74,True,25,False,Chicago,1816
2023-03-15,11,Printer Paper,Stationery,187,6.74,True,25,False,Chicago,330
2023-03-15,3,USB-C Hub,Electronics,32,49.99,False,0,False,Los Angeles,145
2023-03-16,3,USB-C Hub,Electronics,34,49.99,False,0,False,New York,115
2023-03-16,11,Printer Paper,Stationery,150,8.99,False,0,True,Houston,245
2023-03-17,1,Laptop Pro 15,Electronics,14,1299.99,False,0,False,Chicago,42
2023-03-17,4,Mechanical Keyboard,Electronics,29,149.99,False,0,False,Phoenix,48
2023-03-17,15,Desk Lamp,Accessories,44,34.99,False,0,False,New York,156
2023-03-18,14,Water Bottle,Accessories,55,19.99,False,0,False,New York,274
2023-03-18,5,Monitor 27inch,Electronics,39,359.99,True,10,True,Chicago,143
2023-03-18,15,Desk Lamp,Accessories,54,34.99,False,0,False,Los Angeles,193
2023-03-19,11,Printer Paper,Stationery,280,8.99,False,0,False,Los Angeles,860
2023-03-19,1,Laptop Pro 15,Electronics,19,1299.99,False,0,False,New York,71
2023-03-19,2,Wireless Mouse,Electronics,115,29.99,False,0,False,Chicago,557
2023-03-19,14,Water Bottle,Accessories,108,19.99,False,0,False,Chicago,384
2023-03-19,12,Markers Pack,Stationery,96,6.99,False,0,False,Phoenix,152
2023-03-20,3,USB-C Hub,Electronics,43,49.99,False,0,False,Los Angeles,83
2023-03-20,13,Backpack Pro,Accessories,17,79.99,False,0,False,New York,27
2023-03-20,5,Monitor 27inch,Electronics,17,399.99,False,0,False,Houston,29
2023-03-20,4,Mechanical Keyboard,Electronics,22,149.99,False,0,False,Phoenix,89
2023-03-20,12,Markers Pack,Stationery,228,6.99,True,0,False,Houston,513
2023-03-20,8,Bookshelf,Furniture,23,189.99,True,5,False,Los Angeles,87
2023-03-21,6,Office Chair,Furniture,9,299.99,False,0,False,Chicago,21
2023-03-21,9,Notebook A4,Stationery,225,4.74,True,5,False,New York,749
2023-03-21,7,Standing Desk,Furniture,17,569.99,True,5,False,Phoenix,76
2023-03-21,10,Pen Set,Stationery,173,12.99,False,0,False,Houston,601
2023-03-21,1,Laptop Pro 15,Electronics,24,1299.99,False,0,False,Houston,69
2023-03-21,5,Monitor 27inch,Electronics,14,399.99,False,0,False,Phoenix,21
2023-03-21,1,Laptop Pro 15,Electronics,6,1299.99,False,0,False,New York,23
2023-03-21,13,Backpack Pro,Accessories,21,79.99,False,0,False,Houston,33
2023-03-21,14,Water Bottle,Accessories,141,19.99,False,0,False,Chicago,218
2023-03-21,9,Notebook A4,Stationery,385,4.99,True,0,True,Houston,1856
2023-03-21,11,Printer Paper,Stationery,172,8.99,False,0,False,Phoenix,564
2023-03-22,6,Office Chair,Furniture,13,299.99,False,0,False,Houston,52
2023-03-22,9,Notebook A4,Stationery,105,4.99,False,0,False,Phoenix,386
2023-03-22,14,Water Bottle,Accessories,91,19.99,False,0,False,Chicago,303
2023-03-22,4,Mechanical Keyboard,Electronics,56,134.99,True,10,False,Los Angeles,183
2023-03-22,3,USB-C Hub,Electronics,45,49.99,False,0,False,Los Angeles,79
2023-03-22,11,Printer Paper,Stationery,219,8.99,False,0,False,Los Angeles,1075
2023-03-22,2,Wireless Mouse,Electronics,83,29.99,False,0,False,Chicago,245
2023-03-23,5,Monitor 27inch,Electronics,20,399.99,False,0,False,New York,85
2023-03-23,9,Notebook A4,Stationery,212,4.99,False,0,False,Chicago,538
2023-03-24,7,Standing Desk,Furniture,7,539.99,True,10,False,Phoenix,15
2023-03-24,4,Mechanical Keyboard,Electronics,31,149.99,False,0,False,New York,140
2023-03-25,13,Backpack Pro,Accessories,24,79.99,False,0,False,Los Angeles,77
2023-03-25,3,USB-C Hub,Electronics,64,49.99,False,0,False,New York,220
2023-03-25,14,Water Bottle,Accessories,224,19.99,True,0,False,Houston,652
2023-03-26,3,USB-C Hub,Electronics,80,49.99,False,0,False,Los Angeles,255
2023-03-26,9,Notebook A4,Stationery,327,4.99,False,0,False,Chicago,583
2023-03-26,3,USB-C Hub,Electronics,91,49.99,False,0,False,Los Angeles,391
2023-03-26,3,USB-C Hub,Electronics,44,49.99,False,0,False,Chicago,203
2023-03-26,9,Notebook A4,Stationery,278,4.99,False,0,False,Phoenix,1225
2023-03-26,14,Water Bottle,Accessories,118,19.99,False,0,False,Phoenix,213
2023-03-26,3,USB-C Hub,Electronics,60,49.99,False,0,False,Chicago,267
2023-03-27,15,Desk Lamp,Accessories,38,34.99,False,0,False,New York,178
2023-03-27,6,Office Chair,Furniture,9,299.99,False,0,False,New York,19
2023-03-27,1,Laptop Pro 15,Electronics,14,1299.99,False,0,False,Los Angeles,32
2023-03-27,6,Office Chair,Furniture,8,299.99,False,0,False,Los Angeles,39
2023-03-27,10,Pen Set,Stationery,197,12.99,True,0,False,Phoenix,631
2023-03-27,14,Water Bottle,Accessories,106,19.99,False,0,False,Phoenix,347
2023-03-27,11,Printer Paper,Stationery,170,8.99,False,0,False,Houston,283
2023-03-28,11,Printer Paper,Stationery,180,8.99,False,0,False,Chicago,805
2023-03-28,7,Standing Desk,Furniture,12,449.99,True,25,False,New York,21
2023-03-28,14,Water Bottle,Accessories,119,19.99,False,0,False,Chicago,511
2023-03-28,14,Water Bottle,Accessories,66,19.99,False,0,False,New York,265
2023-03-28,8,Bookshelf,Furniture,12,199.99,False,0,False,Chicago,27
2023-03-28,7,Standing Desk,Furniture,10,599.99,False,0,False,New York,39
2023-03-28,12,Markers Pack,Stationery,164,5.24,True,25,False,New York,277
2023-03-29,14,Water Bottle,Accessories,108,19.99,False,0,False,Phoenix,335
2023-03-29,10,Pen Set,Stationery,266,11.69,True,10,False,Los Angeles,820
2023-03-29,10,Pen Set,Stationery,169,12.99,False,0,False,New York,669
2023-03-29,7,Standing Desk,Furniture,10,599.99,False,0,False,Phoenix,17
2023-03-29,13,Backpack Pro,Accessories,23,79.99,False,0,False,Los Angeles,100
2023-03-29,3,USB-C Hub,Electronics,67,49.99,False,0,False,New York,118
2023-03-29,9,Notebook A4,Stationery,121,4.99,False,0,False,Chicago,331
2023-03-30,8,Bookshelf,Furniture,11,199.99,False,0,False,Chicago,33
2023-03-30,9,Notebook A4,Stationery,236,4.99,False,0,False,Phoenix,445
2023-03-30,9,Notebook A4,Stationery,223,4.99,False,0,False,Phoenix,1039
2023-03-30,13,Backpack Pro,Accessories,29,79.99,False,0,False,Los Angeles,108
2023-03-31,9,Notebook A4,Stationery,119,4.99,False,0,False,Phoenix,216
2023-03-31,5,Monitor 27inch,Electronics,25,399.99,False,0,False,Phoenix,71
2023-03-31,11,Printer Paper,Stationery,154,8.99,False,0,False,Phoenix,267
2023-03-31,1,Laptop Pro 15,Electronics,18,1299.99,False,0,False,Los Angeles,66
2023-03-31,2,Wireless Mouse,Electronics,42,29.99,False,0,False,Los Angeles,100
2023-03-31,10,Pen Set,Stationery,115,12.99,False,0,False,Phoenix,253
2023-03-31,6,Office Chair,Furniture,12,254.99,True,15,False,Chicago,24
2023-04-01,2,Wireless Mouse,Electronics,119,29.99,False,0,False,Los Angeles,204
2023-04-01,8,Bookshelf,Furniture,12,199.99,False,0,False,Los Angeles,58
2023-04-01,12,Markers Pack,Stationery,208,6.99,False,0,False,Los Angeles,500
2023-04-01,2,Wireless Mouse,Electronics,70,29.99,False,0,False,Phoenix,292
2023-04-01,10,Pen Set,Stationery,121,12.99,False,0,False,Chicago,375
2023-04-02,8,Bookshelf,Furniture,10,199.99,False,0,False,Phoenix,19
2023-04-02,2,Wireless Mouse,Electronics,168,23.99,True,20,False,Chicago,584
2023-04-02,15,Desk Lamp,Accessories,70,34.99,False,0,False,Chicago,149
2023-04-02,5,Monitor 27inch,Electronics,33,399.99,False,0,False,Chicago,103
2023-04-02,3,USB-C Hub,Electronics,64,39.99,True,20,False,Houston,258
2023-04-02,15,Desk Lamp,Accessories,77,26.24,True,25,False,Houston,341
2023-04-02,11,Printer Paper,Stationery,407,8.99,True,0,False,Chicago,617
2023-04-03,1,Laptop Pro 15,Electronics,15,1299.99,False,0,False,Houston,69
2023-04-03,11,Printer Paper,Stationery,167,8.99,False,0,False,Houston,797
2023-04-03,8,Bookshelf,Furniture,19,199.99,True,0,False,New York,85
2023-04-03,13,Backpack Pro,Accessories,23,79.99,False,0,False,Los Angeles,52
2023-04-04,13,Backpack Pro,Accessories,19,79.99,False,0,False,Chicago,68
2023-04-04,10,Pen Set,Stationery,251,12.99,False,0,False,Los Angeles,962
2023-04-04,11,Printer Paper,Stationery,138,8.99,False,0,False,Houston,491
2023-04-04,10,Pen Set,Stationery,123,12.99,False,0,False,New York,328
2023-04-05,9,Notebook A4,Stationery,360,3.74,True,25,False,Chicago,1300
2023-04-05,9,Notebook A4,Stationery,397,4.99,False,0,False,New York,1232
2023-04-05,15,Desk Lamp,Accessories,34,34.99,False,0,False,Houston,138
2023-04-05,6,Office Chair,Furniture,14,299.99,False,0,False,New York,63
2023-04-06,1,Laptop Pro 15,Electronics,13,1299.99,False,0,False,Los Angeles,52
2023-04-06,15,Desk Lamp,Accessories,31,34.99,False,0,True,New York,51
2023-04-06,13,Backpack Pro,Accessories,36,79.99,False,0,False,Houston,130
2023-04-06,15,Desk Lamp,Accessories,17,34.99,False,0,False,New York,62
2023-04-06,5,Monitor 27inch,Electronics,33,379.99,True,5,True,Phoenix,92
2023-04-07,10,Pen Set,Stationery,150,12.99,False,0,False,Chicago,559
2023-04-07,5,Monitor 27inch,Electronics,21,399.99,False,0,False,Chicago,91
2023-04-07,5,Monitor 27inch,Electronics,23,399.99,False,0,False,Phoenix,81
2023-04-07,8,Bookshelf,Furniture,25,199.99,False,0,False,Houston,119
2023-04-07,7,Standing Desk,Furniture,7,599.99,False,0,False,New York,11
2023-04-08,7,Standing Desk,Furniture,9,599.99,False,0,False,Houston,37
2023-04-08,12,Markers Pack,Stationery,151,6.99,False,0,False,Houston,747
2023-04-09,2,Wireless Mouse,Electronics,85,29.99,False,0,False,Los Angeles,395
2023-04-09,15,Desk Lamp,Accessories,53,33.24,True,5,False,New York,109
2023-04-09,11,Printer Paper,Stationery,107,8.99,False,0,False,Chicago,228
2023-04-09,6,Office Chair,Furniture,9,299.99,False,0,False,Houston,35
2023-04-09,9,Notebook A4,Stationery,199,4.99,False,0,False,New York,852
2023-04-09,7,Standing Desk,Furniture,12,599.99,False,0,False,Los Angeles,51
2023-04-10,3,USB-C Hub,Electronics,73,49.99,False,0,False,Houston,233
2023-04-10,2,Wireless Mouse,Electronics,67,29.99,False,0,False,Phoenix,282
2023-04-10,15,Desk Lamp,Accessories,67,34.99,False,0,False,Phoenix,200
2023-04-10,3,USB-C Hub,Electronics,97,39.99,True,20,False,Phoenix,298
2023-04-11,14,Water Bottle,Accessories,82,19.99,False,0,False,New York,303
2023-04-11,8,Bookshelf,Furniture,25,199.99,False,0,False,Houston,65
2023-04-11,1,Laptop Pro 15,Electronics,15,1299.99,False,0,False,Phoenix,71
2023-04-11,1,Laptop Pro 15,Electronics,14,1299.99,False,0,False,Chicago,51
2023-04-11,13,Backpack Pro,Accessories,28,79.99,False,0,False,New York,76
2023-04-11,14,Water Bottle,Accessories,78,19.99,False,0,False,Houston,385
2023-04-12,2,Wireless Mouse,Electronics,89,29.99,False,0,False,Chicago,181
2023-04-12,8,Bookshelf,Furniture,18,199.99,False,0,False,Houston,73
2023-04-12,5,Monitor 27inch,Electronics,27,399.99,False,0,False,Chicago,111
2023-04-13,9,Notebook A4,Stationery,132,4.99,False,0,False,Los Angeles,404
2023-04-13,12,Markers Pack,Stationery,110,6.99,False,0,False,Phoenix,498
2023-04-13,9,Notebook A4,Stationery,264,4.99,False,0,False,Houston,580
2023-04-13,8,Bookshelf,Furniture,15,199.99,False,0,False,Chicago,71
2023-04-13,2,Wireless Mouse,Electronics,104,25.49,True,15,False,Los Angeles,407
2023-04-13,9,Notebook A4,Stationery,192,4.99,False,0,False,Los Angeles,597
2023-04-14,11,Printer Paper,Stationery,108,8.99,False,0,False,New York,311
2023-04-14,6,Office Chair,Furniture,10,299.99,False,0,False,Phoenix,42
2023-04-15,9,Notebook A4,Stationery,61,3.74,True,25,False,Phoenix,242
2023-04-15,12,Markers Pack,Stationery,135,6.99,False,0,False,Chicago,601
2023-04-15,3,USB-C Hub,Electronics,56,49.99,False,0,False,Los Angeles,84
2023-04-15,13,Backpack Pro,Accessories,37,79.99,False,0,False,Houston,65
2023-04-16,15,Desk Lamp,Accessories,85,34.99,False,0,False,Chicago,413
2023-04-16,12,Markers Pack,Stationery,168,6.99,False,0,False,Chicago,493
2023-04-16,2,Wireless Mouse,Electronics,159,23.99,True,20,False,Los Angeles,626
2023-04-16,2,Wireless Mouse,Electronics,110,29.99,False,0,False,Houston,483
2023-04-16,9,Notebook A4,Stationery,224,4.99,False,0,False,Los Angeles,356
2023-04-16,11,Printer Paper,Stationery,242,8.99,False,0,False,Los Angeles,1203
2023-04-17,2,Wireless Mouse,Electronics,138,29.99,True,0,False,New York,404
2023-04-18,7,Standing Desk,Furniture,11,599.99,False,0,False,New York,36
2023-04-18,7,Standing Desk,Furniture,9,599.99,False,0,True,Phoenix,18
2023-04-18,15,Desk Lamp,Accessories,38,34.99,False,0,True,New York,127
2023-04-18,11,Printer Paper,Stationery,241,8.99,False,0,False,Houston,884
2023-04-18,1,Laptop Pro 15,Electronics,16,1169.99,True,10,False,New York,61
2023-04-19,2,Wireless Mouse,Electronics,91,29.99,False,0,False,Houston,425
2023-04-19,9,Notebook A4,Stationery,187,4.99,False,0,False,Phoenix,456
2023-04-19,9,Notebook A4,Stationery,320,4.24,True,15,False,New York,1299
2023-04-19,13,Backpack Pro,Accessories,24,79.99,False,0,False,Houston,64
2023-04-20,10,Pen Set,Stationery,80,12.99,False,0,False,New York,316
2023-04-20,4,Mechanical Keyboard,Electronics,44,149.99,False,0,False,Houston,184
2023-04-21,5,Monitor 27inch,Electronics,10,399.99,False,0,False,Los Angeles,25
2023-04-21,13,Backpack Pro,Accessories,35,79.99,False,0,False,New York,143
2023-04-21,8,Bookshelf,Furniture,17,199.99,False,0,False,Chicago,43
2023-04-21,5,Monitor 27inch,Electronics,17,399.99,False,0,False,Chicago,71
2023-04-22,6,Office Chair,Furniture,18,299.99,False,0,False,Los Angeles,37
2023-04-22,5,Monitor 27inch,Electronics,30,399.99,False,0,False,Los Angeles,128
2023-04-22,12,Markers Pack,Stationery,187,6.99,False,0,False,Los Angeles,814
2023-04-23,13,Backpack Pro,Accessories,43,79.99,False,0,False,New York,111
2023-04-23,7,Standing Desk,Furniture,5,599.99,False,0,False,Houston,23
2023-04-23,13,Backpack Pro,Accessories,36,79.99,False,0,False,Los Angeles,127
2023-04-23,5,Monitor 27inch,Electronics,14,399.99,False,0,False,Los Angeles,22
2023-04-23,11,Printer Paper,Stationery,363,8.99,False,0,False,Los Angeles,723
2023-04-23,6,Office Chair,Furniture,18,299.99,False,0,False,Chicago,55
2023-04-23,15,Desk Lamp,Accessories,57,34.99,False,0,False,Chicago,152
2023-04-23,10,Pen Set,Stationery,281,12.99,False,0,True,Houston,672
2023-04-24,13,Backpack Pro,Accessories,25,79.99,True,0,False,Chicago,86
2023-04-24,15,Desk Lamp,Accessories,70,34.99,True,0,False,Chicago,184
2023-04-24,9,Notebook A4,Stationery,191,4.74,True,5,False,Houston,660
2023-04-24,9,Notebook A4,Stationery,204,4.99,False,0,False,Phoenix,884
2023-04-24,14,Water Bottle,Accessories,180,18.99,True,5,False,New York,471
2023-04-25,14,Water Bottle,Accessories,130,19.99,False,0,False,New York,349
2023-04-25,2,Wireless Mouse,Electronics,86,29.99,False,0,False,Houston,425
2023-04-25,8,Bookshelf,Furniture,11,199.99,False,0,True,Chicago,41
2023-04-25,3,USB-C Hub,Electronics,98,44.99,True,10,True,Houston,483
2023-04-26,4,Mechanical Keyboard,Electronics,35,149.99,False,0,False,New York,63
2023-04-26,11,Printer Paper,Stationery,120,8.99,False,0,False,Chicago,294
2023-04-26,11,Printer Paper,Stationery,184,8.99,False,0,False,Phoenix,428
2023-04-26,3,USB-C Hub,Electronics,47,49.99,False,0,False,Phoenix,186
2023-04-26,6,Office Chair,Furniture,11,299.99,False,0,False,Phoenix,34
2023-04-27,11,Printer Paper,Stationery,225,8.99,False,0,False,New York,408
2023-04-27,8,Bookshelf,Furniture,15,199.99,False,0,False,New York,35
2023-04-27,6,Office Chair,Furniture,13,299.99,False,0,False,Houston,39
2023-04-27,12,Markers Pack,Stationery,88,6.99,False,0,False,Houston,188
2023-04-27,15,Desk Lamp,Accessories,37,34.99,False,0,False,New York,178
2023-04-28,4,Mechanical Keyboard,Electronics,22,149.99,False,0,False,Houston,63
2023-04-28,3,USB-C Hub,Electronics,18,49.99,False,0,False,Los Angeles,44
2023-04-28,9,Notebook A4,Stationery,279,4.99,False,0,False,Chicago,607
2023-04-28,15,Desk Lamp,Accessories,41,34.99,False,0,False,New York,143
2023-04-29,13,Backpack Pro,Accessories,14,79.99,False,0,False,New York,66
2023-04-29,11,Printer Paper,Stationery,207,8.99,False,0,False,Los Angeles,689
2023-04-29,13,Backpack Pro,Accessories,25,59.99,True,25,False,Phoenix,123
2023-04-29,6,Office Chair,Furniture,17,299.99,False,0,False,Houston,35
2023-04-30,15,Desk Lamp,Accessories,60,34.99,False,0,False,Phoenix,138
2023-04-30,11,Printer Paper,Stationery,253,7.19,True,20,False,Phoenix,977
2023-04-30,10,Pen Set,Stationery,261,12.99,False,0,False,Los Angeles,765
2023-04-30,13,Backpack Pro,Accessories,34,79.99,False,0,False,Phoenix,121
2023-04-30,7,Standing Desk,Furniture,7,599.99,False,0,False,Chicago,19
2023-04-30,9,Notebook A4,Stationery,201,4.99,False,0,False,Phoenix,524
2023-05-01,11,Printer Paper,Stationery,267,7.64,True,15,False,Los Angeles,1244
2023-05-01,11,Printer Paper,Stationery,190,8.99,False,0,False,Los Angeles,415
2023-05-01,3,USB-C Hub,Electronics,67,49.99,False,0,False,Chicago,306
2023-05-01,4,Mechanical Keyboard,Electronics,35,149.99,False,0,False,Houston,93
2023-05-01,7,Standing Desk,Furniture,9,599.99,False,0,False,Chicago,18
2023-05-02,10,Pen Set,Stationery,133,12.99,True,0,False,Chicago,648
2023-05-02,7,Standing Desk,Furniture,13,599.99,False,0,False,New York,39
2023-05-02,13,Backpack Pro,Accessories,38,79.99,False,0,False,Houston,91
2023-05-02,9,Notebook A4,Stationery,283,3.99,True,20,False,Phoenix,542
2023-05-02,15,Desk Lamp,Accessories,34,34.99,False,0,False,Chicago,99
2023-05-03,12,Markers Pack,Stationery,98,6.99,False,0,False,Phoenix,245
2023-05-03,7,Standing Desk,Furniture,6,599.99,False,0,False,Houston,27
2023-05-03,15,Desk Lamp,Accessories,41,34.99,False,0,False,Houston,66
2023-05-03,4,Mechanical Keyboard,Electronics,22,149.99,False,0,False,Phoenix,77
2023-05-03,11,Printer Paper,Stationery,142,8.99,False,0,False,Chicago,473
2023-05-04,4,Mechanical Keyboard,Electronics,22,149.99,False,0,False,Los Angeles,52
2023-05-04,15,Desk Lamp,Accessories,39,34.99,False,0,False,New York,119
2023-05-04,6,Office Chair,Furniture,8,299.99,False,0,False,Houston,15
2023-05-04,7,Standing Desk,Furniture,6,599.99,False,0,False,New York,14
2023-05-04,12,Markers Pack,Stationery,140,6.99,False,0,False,Phoenix,495
2023-05-04,3,USB-C Hub,Electronics,60,49.99,False,0,False,Houston,180
2023-05-04,10,Pen Set,Stationery,228,12.99,False,0,False,New York,1098
2023-05-04,8,Bookshelf,Furniture,30,169.99,True,15,False,New York,60
2023-05-04,9,Notebook A4,Stationery,289,4.99,False,0,False,Chicago,810
2023-05-04,6,Office Chair,Furniture,11,299.99,False,0,False,Houston,38
2023-05-04,14,Water Bottle,Accessories,158,16.99,True,15,False,New York,667
2023-05-04,4,Mechanical Keyboard,Electronics,41,149.99,False,0,False,Chicago,128
2023-05-04,13,Backpack Pro,Accessories,29,79.99,False,0,False,Chicago,75
2023-05-05,12,Markers Pack,Stationery,79,6.99,False,0,False,Chicago,305
2023-05-05,6,Office Chair,Furniture,27,254.99,True,15,False,Houston,116
2023-05-06,14,Water Bottle,Accessories,175,19.99,False,0,False,New York,721
2023-05-06,2,Wireless Mouse,Electronics,64,29.99,False,0,False,New York,139
2023-05-06,6,Office Chair,Furniture,25,299.99,False,0,True,Houston,100
2023-05-06,12,Markers Pack,Stationery,142,6.99,False,0,False,Phoenix,567
2023-05-06,4,Mechanical Keyboard,Electronics,10,149.99,False,0,False,Los Angeles,16
2023-05-06,4,Mechanical Keyboard,Electronics,47,149.99,False,0,False,Houston,108
2023-05-06,3,USB-C Hub,Electronics,72,49.99,False,0,False,Los Angeles,305
2023-05-06,15,Desk Lamp,Accessories,60,34.99,False,0,False,Los Angeles,245
2023-05-07,7,Standing Desk,Furniture,6,599.99,False,0,False,Houston,27
2023-05-07,11,Printer Paper,Stationery,399,7.19,True,20,False,Houston,861
2023-05-07,8,Bookshelf,Furniture,19,199.99,False,0,False,Los Angeles,71
2023-05-07,3,USB-C Hub,Electronics,60,49.99,False,0,False,New York,132
2023-05-07,11,Printer Paper,Stationery,377,8.99,False,0,True,Chicago,1815
2023-05-08,13,Backpack Pro,Accessories,47,75.99,True,5,False,Chicago,133
2023-05-08,8,Bookshelf,Furniture,17,199.99,False,0,False,Houston,66
2023-05-08,12,Markers Pack,Stationery,121,6.99,False,0,False,New York,422
2023-05-08,11,Printer Paper,Stationery,210,8.99,False,0,False,Chicago,338
2023-05-09,6,Office Chair,Furniture,10,299.99,False,0,False,Chicago,43
2023-05-09,11,Printer Paper,Stationery,202,8.99,False,0,False,Los Angeles,841
2023-05-09,11,Printer Paper,Stationery,131,8.99,False,0,False,New York,316
2023-05-10,14,Water Bottle,Accessories,100,19.99,False,0,False,New York,206
2023-05-10,4,Mechanical Keyboard,Electronics,21,149.99,False,0,False,New York,72
2023-05-10,13,Backpack Pro,Accessories,33,79.99,False,0,False,Phoenix,98
2023-05-10,13,Backpack Pro,Accessories,30,79.99,False,0,False,Houston,69
2023-05-11,9,Notebook A4,Stationery,287,4.99,False,0,False,New York,812
2023-05-11,7,Standing Desk,Furniture,7,599.99,False,0,False,Chicago,15
2023-05-11,8,Bookshelf,Furniture,18,199.99,False,0,False,Los Angeles,31
2023-05-12,11,Printer Paper,Stationery,233,8.99,False,0,True,Chicago,821
2023-05-12,7,Standing Desk,Furniture,10,599.99,False,0,False,Los Angeles,44
2023-05-12,4,Mechanical Keyboard,Electronics,46,149.99,True,0,False,Chicago,179
2023-05-12,1,Laptop Pro 15,Electronics,19,1299.99,False,0,False,New York,77
2023-05-13,6,Office Chair,Furniture,27,299.99,False,0,False,Phoenix,59
2023-05-13,1,Laptop Pro 15,Electronics,13,1299.99,False,0,True,New York,39
2023-05-13,13,Backpack Pro,Accessories,37,79.99,False,0,False,New York,82
2023-05-13,8,Bookshelf,Furniture,17,199.99,False,0,False,Phoenix,78
2023-05-13,12,Markers Pack,Stationery,120,6.99,False,0,False,New York,197
2023-05-14,15,Desk Lamp,Accessories,72,34.99,False,0,False,Phoenix,246
2023-05-14,9,Notebook A4,Stationery,334,4.99,False,0,False,Chicago,977
2023-05-14,5,Monitor 27inch,Electronics,28,399.99,False,0,True,Houston,106
2023-05-14,13,Backpack Pro,Accessories,17,79.99,False,0,False,New York,31
2023-05-14,13,Backpack Pro,Accessories,39,79.99,False,0,False,Houston,117
2023-05-14,3,USB-C Hub,Electronics,64,49.99,False,0,False,New York,260
2023-05-14,7,Standing Desk,Furniture,11,599.99,False,0,True,Chicago,20
2023-05-15,13,Backpack Pro,Accessories,16,79.99,False,0,False,Phoenix,66
2023-05-15,7,Standing Desk,Furniture,8,599.99,False,0,False,New York,25
2023-05-15,11,Printer Paper,Stationery,163,8.99,False,0,False,Chicago,520
2023-05-15,14,Water Bottle,Accessories,69,19.99,False,0,False,Los Angeles,187
2023-05-16,8,Bookshelf,Furniture,26,149.99,True,25,False,Houston,55
2023-05-16,14,Water Bottle,Accessories,99,19.99,False,0,False,Los Angeles,402
2023-05-17,10,Pen Set,Stationery,250,12.99,False,0,False,Phoenix,424
2023-05-17,8,Bookshelf,Furniture,14,199.99,False,0,False,Chicago,69
2023-05-17,10,Pen Set,Stationery,179,12.99,False,0,False,Houston,686
2023-05-17,7,Standing Desk,Furniture,9,599.99,False,0,False,Phoenix,30
2023-05-18,4,Mechanical Keyboard,Electronics,19,149.99,False,0,False,Los Angeles,87
2023-05-18,11,Printer Paper,Stationery,180,8.54,True,5,True,Houston,392
2023-05-18,6,Office Chair,Furniture,12,299.99,False,0,False,Los Angeles,22
2023-05-18,2,Wireless Mouse,Electronics,54,29.99,False,0,False,Los Angeles,219
2023-05-18,13,Backpack Pro,Accessories,24,79.99,False,0,False,Houston,68
2023-05-18,7,Standing Desk,Furniture,16,509.99,True,15,False,Phoenix,57
2023-05-18,10,Pen Set,Stationery,112,12.99,False,0,False,New York,441
2023-05-19,9,Notebook A4,Stationery,272,4.99,False,0,False,Houston,970
2023-05-19,11,Printer Paper,Stationery,217,8.99,False,0,False,Chicago,380
2023-05-19,11,Printer Paper,Stationery,180,8.99,False,0,False,New York,450
2023-05-20,5,Monitor 27inch,Electronics,18,399.99,False,0,False,Houston,57
2023-05-20,15,Desk Lamp,Accessories,44,34.99,False,0,False,Phoenix,174
2023-05-20,14,Water Bottle,Accessories,207,19.99,False,0,True,Chicago,988
2023-05-20,6,Office Chair,Furniture,9,299.99,False,0,False,Chicago,32
2023-05-20,15,Desk Lamp,Accessories,70,34.99,False,0,False,Houston,246
2023-05-20,2,Wireless Mouse,Electronics,114,29.99,False,0,False,Phoenix,477
2023-05-20,8,Bookshelf,Furniture,22,169.99,True,15,False,Los Angeles,83
2023-05-20,6,Office Chair,Furniture,13,299.99,False,0,False,Phoenix,44
2023-05-21,3,USB-C Hub,Electronics,60,49.99,False,0,False,Los Angeles,278
2023-05-21,12,Markers Pack,Stationery,66,6.99,False,0,False,Houston,105
2023-05-22,7,Standing Desk,Furniture,5,599.99,False,0,False,Chicago,16
2023-05-22,12,Markers Pack,Stationery,126,6.99,False,0,False,Houston,217
2023-05-22,15,Desk Lamp,Accessories,51,34.99,False,0,False,Houston,185
2023-05-22,6,Office Chair,Furniture,15,299.99,False,0,False,Chicago,59
2023-05-22,13,Backpack Pro,Accessories,18,79.99,False,0,False,New York,67
2023-05-22,12,Markers Pack,Stationery,152,6.99,False,0,False,Phoenix,613
2023-05-23,15,Desk Lamp,Accessories,37,34.99,False,0,False,Houston,73
2023-05-23,9,Notebook A4,Stationery,243,4.99,False,0,False,Los Angeles,1018
2023-05-23,3,USB-C Hub,Electronics,65,49.99,False,0,False,New York,164
2023-05-23,13,Backpack Pro,Accessories,31,79.99,False,0,False,Phoenix,48
2023-05-23,12,Markers Pack,Stationery,196,6.99,False,0,False,Houston,487
2023-05-24,14,Water Bottle,Accessories,168,19.99,True,0,False,Chicago,512
2023-05-24,3,USB-C Hub,Electronics,86,49.99,True,0,False,New York,319
2023-05-24,9,Notebook A4,Stationery,183,4.99,False,0,False,Chicago,557
2023-05-24,9,Notebook A4,Stationery,198,4.99,False,0,False,New York,888
2023-05-24,12,Markers Pack,Stationery,129,6.99,False,0,True,Los Angeles,413
2023-05-24,7,Standing Desk,Furniture,15,599.99,True,0,False,Phoenix,52
2023-05-25,5,Monitor 27inch,Electronics,18,399.99,False,0,False,Phoenix,28
2023-05-25,4,Mechanical Keyboard,Electronics,21,127.49,True,15,False,Chicago,37
2023-05-25,8,Bookshelf,Furniture,14,199.99,False,0,False,New York,21
2023-05-25,10,Pen Set,Stationery,114,12.99,False,0,False,Chicago,489
2023-05-26,3,USB-C Hub,Electronics,47,47.49,True,5,True,Chicago,162
2023-05-26,14,Water Bottle,Accessories,126,19.99,False,0,False,Houston,341
2023-05-26,4,Mechanical Keyboard,Electronics,66,127.49,True,15,True,New York,145
2023-05-26,2,Wireless Mouse,Electronics,32,29.99,False,0,False,New York,51
2023-05-26,4,Mechanical Keyboard,Electronics,41,149.99,False,0,False,Los Angeles,83
2023-05-26,13,Backpack Pro,Accessories,24,79.99,False,0,False,New York,71
2023-05-26,6,Office Chair,Furniture,9,299.99,False,0,False,New York,17
2023-05-27,12,Markers Pack,Stationery,143,6.99,False,0,False,Chicago,658
2023-05-27,3,USB-C Hub,Electronics,106,47.49,True,5,False,Chicago,173
2023-05-27,2,Wireless Mouse,Electronics,89,29.99,False,0,False,Phoenix,204
2023-05-27,2,Wireless Mouse,Electronics,81,29.99,False,0,False,New York,175
2023-05-27,6,Office Chair,Furniture,16,299.99,False,0,False,New York,48
2023-05-28,5,Monitor 27inch,Electronics,17,399.99,False,0,False,Houston,36
2023-05-29,13,Backpack Pro,Accessories,28,79.99,False,0,True,Phoenix,81
2023-05-29,5,Monitor 27inch,Electronics,20,399.99,False,0,False,Chicago,46
2023-05-30,8,Bookshelf,Furniture,18,199.99,False,0,False,New York,74
2023-05-30,7,Standing Desk,Furniture,12,599.99,False,0,False,Los Angeles,24
2023-05-30,6,Office Chair,Furniture,21,284.99,True,5,False,Phoenix,46
2023-05-30,13,Backpack Pro,Accessories,41,79.99,False,0,False,Los Angeles,158
2023-05-30,1,Laptop Pro 15,Electronics,18,1299.99,False,0,False,Los Angeles,34
2023-05-30,13,Backpack Pro,Accessories,17,79.99,False,0,False,Houston,54
2023-05-30,7,Standing Desk,Furniture,14,599.99,False,0,False,Phoenix,29
2023-05-31,6,Office Chair,Furniture,10,299.99,False,0,False,Los Angeles,48
2023-05-31,6,Office Chair,Furniture,14,299.99,False,0,False,Houston,31
2023-05-31,15,Desk Lamp,Accessories,21,34.99,False,0,False,Phoenix,38
2023-05-31,12,Markers Pack,Stationery,162,5.94,True,15,False,Houston,604
2023-06-01,12,Markers Pack,Stationery,271,5.59,True,20,False,Houston,714
2023-06-01,2,Wireless Mouse,Electronics,126,29.99,False,0,False,Phoenix,577
2023-06-01,12,Markers Pack,Stationery,343,5.59,True,20,True,Houston,1140
2023-06-01,5,Monitor 27inch,Electronics,9,399.99,False,0,False,Houston,15
2023-06-02,15,Desk Lamp,Accessories,39,34.99,False,0,False,Phoenix,168
2023-06-02,8,Bookshelf,Furniture,32,199.99,True,0,True,New York,134
2023-06-02,13,Backpack Pro,Accessories,29,79.99,False,0,False,Chicago,106
2023-06-02,2,Wireless Mouse,Electronics,135,29.99,False,0,False,New York,452
2023-06-02,9,Notebook A4,Stationery,159,4.99,False,0,False,Los Angeles,444
2023-06-02,5,Monitor 27inch,Electronics,26,319.99,True,20,False,Houston,76
2023-06-02,10,Pen Set,Stationery,130,12.99,False,0,False,New York,217
2023-06-03,14,Water Bottle,Accessories,102,19.99,False,0,False,New York,221
2023-06-04,1,Laptop Pro 15,Electronics,9,1299.99,False,0,False,Houston,14
2023-06-04,6,Office Chair,Furniture,24,299.99,False,0,True,New York,117
2023-06-04,10,Pen Set,Stationery,306,12.99,False,0,True,Phoenix,1347
2023-06-04,1,Laptop Pro 15,Electronics,22,1299.99,False,0,False,Houston,57
2023-06-04,13,Backpack Pro,Accessories,10,79.99,False,0,False,Chicago,26
2023-06-04,13,Backpack Pro,Accessories,52,79.99,False,0,False,Chicago,152
2023-06-04,10,Pen Set,Stationery,179,12.99,False,0,False,Chicago,865
2023-06-04,7,Standing Desk,Furniture,8,599.99,False,0,False,New York,24
2023-06-05,10,Pen Set,Stationery,185,12.99,False,0,False,Phoenix,724
2023-06-05,7,Standing Desk,Furniture,8,599.99,False,0,False,Houston,26
2023-06-05,7,Standing Desk,Furniture,6,599.99,False,0,False,New York,19
2023-06-05,1,Laptop Pro 15,Electronics,17,1299.99,False,0,False,Houston,32
2023-06-05,6,Office Chair,Furniture,17,239.99,True,20,False,Los Angeles,84
2023-06-06,3,USB-C Hub,Electronics,63,49.99,False,0,False,New York,183
2023-06-06,6,Office Chair,Furniture,12,299.99,False,0,False,Chicago,44
2023-06-06,1,Laptop Pro 15,Electronics,11,1299.99,False,0,False,Phoenix,40
2023-06-06,2,Wireless Mouse,Electronics,59,29.99,False,0,False,Los Angeles,211
2023-06-07,8,Bookshelf,Furniture,12,199.99,False,0,False,Chicago,44
2023-06-07,10,Pen Set,Stationery,165,12.99,False,0,False,Phoenix,317
2023-06-07,8,Bookshelf,Furniture,16,199.99,False,0,False,Chicago,72
2023-06-07,6,Office Chair,Furniture,10,299.99,False,0,False,Los Angeles,48
2023-06-07,8,Bookshelf,Furniture,16,199.99,False,0,False,Los Angeles,71
2023-06-07,7,Standing Desk,Furniture,6,599.99,False,0,False,Houston,24
2023-06-08,6,Office Chair,Furniture,9,299.99,False,0,False,Los Angeles,41
2023-06-08,9,Notebook A4,Stationery,248,4.99,False,0,False,New York,453
2023-06-08,2,Wireless Mouse,Electronics,135,29.99,True,0,False,Chicago,255
2023-06-08,12,Markers Pack,Stationery,114,6.99,False,0,False,Los Angeles,490
2023-06-09,2,Wireless Mouse,Electronics,74,29.99,False,0,True,Houston,280
2023-06-10,1,Laptop Pro 15,Electronics,19,1299.99,False,0,False,New York,45
2023-06-10,5,Monitor 27inch,Electronics,30,399.99,False,0,False,Chicago,69
2023-06-10,11,Printer Paper,Stationery,257,8.99,False,0,False,Houston,1201
2023-06-10,4,Mechanical Keyboard,Electronics,43,149.99,False,0,True,Chicago,118
2023-06-10,8,Bookshelf,Furniture,18,199.99,False,0,False,Chicago,65
2023-06-10,7,Standing Desk,Furniture,6,599.99,False,0,False,New York,18
2023-06-11,10,Pen Set,Stationery,211,12.99,False,0,False,Chicago,1021
2023-06-11,10,Pen Set,Stationery,272,12.99,False,0,False,Houston,736
2023-06-11,12,Markers Pack,Stationery,126,6.99,False,0,False,Phoenix,405
2023-06-11,6,Office Chair,Furniture,25,299.99,False,0,False,Chicago,99
2023-06-12,6,Office Chair,Furniture,15,299.99,False,0,False,Phoenix,33
2023-06-12,10,Pen Set,Stationery,124,12.99,False,0,False,New York,360
2023-06-12,8,Bookshelf,Furniture,19,199.99,False,0,True,Houston,65
2023-06-12,15,Desk Lamp,Accessories,40,34.99,False,0,False,Phoenix,154
2023-06-12,15,Desk Lamp,Accessories,42,34.99,False,0,False,Houston,149
2023-06-12,13,Backpack Pro,Accessories,33,79.99,False,0,False,Houston,134
2023-06-13,1,Laptop Pro 15,Electronics,13,1299.99,False,0,False,Phoenix,62
2023-06-13,14,Water Bottle,Accessories,128,19.99,False,0,False,Chicago,500
2023-06-13,7,Standing Desk,Furniture,9,599.99,False,0,False,Phoenix,40
2023-06-13,7,Standing Desk,Furniture,5,599.99,False,0,False,Los Angeles,7
2023-06-13,1,Laptop Pro 15,Electronics,17,1299.99,False,0,False,Phoenix,44
2023-06-13,4,Mechanical Keyboard,Electronics,43,149.99,False,0,False,Phoenix,165
2023-06-13,15,Desk Lamp,Accessories,19,34.99,False,0,False,Phoenix,63
2023-06-13,3,USB-C Hub,Electronics,34,49.99,False,0,False,New York,136
2023-06-13,7,Standing Desk,Furniture,8,599.99,False,0,False,Phoenix,35
2023-06-13,4,Mechanical Keyboard,Electronics,38,149.99,False,0,False,New York,103
2023-06-14,11,Printer Paper,Stationery,298,8.99,False,0,False,Los Angeles,1352
2023-06-14,3,USB-C Hub,Electronics,67,49.99,False,0,True,New York,180
2023-06-14,10,Pen Set,Stationery,147,12.99,False,0,False,New York,388
2023-06-14,2,Wireless Mouse,Electronics,12,29.99,False,0,False,Phoenix,54
2023-06-14,4,Mechanical Keyboard,Electronics,28,149.99,False,0,False,Chicago,51
2023-06-14,9,Notebook A4,Stationery,142,4.99,False,0,False,Chicago,476
2023-06-14,5,Monitor 27inch,Electronics,16,399.99,False,0,False,Phoenix,48
2023-06-14,14,Water Bottle,Accessories,98,19.99,False,0,True,Chicago,298
2023-06-14,7,Standing Desk,Furniture,7,599.99,False,0,False,Houston,14
2023-06-15,4,Mechanical Keyboard,Electronics,38,142.49,True,5,False,Los Angeles,175
2023-06-15,4,Mechanical Keyboard,Electronics,32,149.99,False,0,False,Phoenix,54
2023-06-15,8,Bookshelf,Furniture,19,179.99,True,10,False,Los Angeles,70
2023-06-15,14,Water Bottle,Accessories,112,19.99,False,0,False,Phoenix,327
2023-06-15,12,Markers Pack,Stationery,87,6.99,False,0,False,Phoenix,158
2023-06-15,12,Markers Pack,Stationery,121,6.99,False,0,False,Houston,485
2023-06-15,6,Office Chair,Furniture,8,299.99,False,0,False,Phoenix,32
2023-06-15,4,Mechanical Keyboard,Electronics,31,149.99,False,0,False,New York,73
2023-06-15,15,Desk Lamp,Accessories,33,34.99,False,0,False,Chicago,83
2023-06-16,1,Laptop Pro 15,Electronics,8,1299.99,False,0,False,Phoenix,26
2023-06-16,12,Markers Pack,Stationery,138,6.99,False,0,False,Chicago,486
2023-06-16,2,Wireless Mouse,Electronics,63,29.99,False,0,False,New York,288
2023-06-16,4,Mechanical Keyboard,Electronics,16,149.99,False,0,False,Los Angeles,53
2023-06-17,13,Backpack Pro,Accessories,31,79.99,False,0,False,Phoenix,94
2023-06-17,3,USB-C Hub,Electronics,81,47.49,True,5,False,New York,272
2023-06-17,6,Office Chair,Furniture,23,299.99,False,0,False,Los Angeles,44
2023-06-17,11,Printer Paper,Stationery,242,8.99,False,0,False,New York,938
2023-06-17,9,Notebook A4,Stationery,221,4.99,False,0,False,New York,448
2023-06-18,10,Pen Set,Stationery,236,12.99,False,0,False,Chicago,1028
2023-06-18,1,Laptop Pro 15,Electronics,24,1299.99,False,0,False,Houston,98
2023-06-18,6,Office Chair,Furniture,8,299.99,False,0,False,New York,37
2023-06-18,6,Office Chair,Furniture,21,299.99,False,0,False,New York,77
2023-06-19,4,Mechanical Keyboard,Electronics,20,149.99,False,0,False,New York,44
2023-06-19,9,Notebook A4,Stationery,130,4.99,False,0,False,New York,469
2023-06-19,11,Printer Paper,Stationery,168,8.99,False,0,False,Houston,361
2023-06-19,8,Bookshelf,Furniture,5,199.99,False,0,False,Phoenix,20
2023-06-20,3,USB-C Hub,Electronics,58,49.99,False,0,False,Phoenix,195
2023-06-20,7,Standing Desk,Furniture,7,599.99,False,0,False,Phoenix,20
2023-06-20,10,Pen Set,Stationery,142,12.99,False,0,False,Houston,505
2023-06-20,4,Mechanical Keyboard,Electronics,39,149.99,False,0,False,Los Angeles,114
2023-06-21,7,Standing Desk,Furniture,11,569.99,True,5,False,Houston,41
2023-06-21,15,Desk Lamp,Accessories,28,34.99,False,0,False,New York,109
2023-06-21,2,Wireless Mouse,Electronics,100,29.99,False,0,False,Houston,483
2023-06-21,5,Monitor 27inch,Electronics,22,399.99,False,0,False,New York,41
2023-06-21,2,Wireless Mouse,Electronics,136,29.99,False,0,False,Los Angeles,471
2023-06-22,7,Standing Desk,Furniture,14,509.99,True,15,False,Houston,47
2023-06-22,3,USB-C Hub,Electronics,59,49.99,False,0,False,Los Angeles,131
2023-06-22,4,Mechanical Keyboard,Electronics,28,149.99,False,0,False,Chicago,111
2023-06-22,15,Desk Lamp,Accessories,26,34.99,False,0,False,Phoenix,67
2023-06-23,11,Printer Paper,Stationery,96,8.99,False,0,False,Houston,262
2023-06-24,12,Markers Pack,Stationery,191,6.99,True,0,False,Chicago,753
2023-06-24,9,Notebook A4,Stationery,303,4.99,False,0,False,New York,533
2023-06-24,1,Laptop Pro 15,Electronics,22,1299.99,False,0,True,Chicago,56
2023-06-24,15,Desk Lamp,Accessories,76,34.99,False,0,False,Los Angeles,200
2023-06-24,11,Printer Paper,Stationery,160,8.99,False,0,False,Los Angeles,333
2023-06-24,3,USB-C Hub,Electronics,56,49.99,True,0,False,Houston,239
2023-06-25,15,Desk Lamp,Accessories,44,34.99,False,0,False,Los Angeles,161
2023-06-25,15,Desk Lamp,Accessories,45,34.99,False,0,False,Chicago,105
2023-06-25,15,Desk Lamp,Accessories,93,31.49,True,10,False,Houston,229
2023-06-25,2,Wireless Mouse,Electronics,78,29.99,False,0,False,Phoenix,360
2023-06-25,2,Wireless Mouse,Electronics,89,23.99,True,20,False,Chicago,164
2023-06-25,2,Wireless Mouse,Electronics,175,28.49,True,5,False,Phoenix,395
2023-06-26,13,Backpack Pro,Accessories,25,79.99,False,0,False,Phoenix,50
2023-06-26,10,Pen Set,Stationery,231,12.34,True,5,False,Houston,597
2023-06-26,15,Desk Lamp,Accessories,29,34.99,False,0,False,Chicago,51
2023-06-26,14,Water Bottle,Accessories,125,19.99,False,0,False,Houston,546
2023-06-26,1,Laptop Pro 15,Electronics,22,1299.99,False,0,False,Phoenix,95
2023-06-26,3,USB-C Hub,Electronics,33,49.99,False,0,False,Phoenix,89
2023-06-26,11,Printer Paper,Stationery,277,8.99,False,0,False,Houston,995
2023-06-26,2,Wireless Mouse,Electronics,59,29.99,False,0,False,New York,135
2023-06-27,10,Pen Set,Stationery,228,12.99,False,0,False,Phoenix,908
2023-06-27,14,Water Bottle,Accessories,148,19.99,False,0,False,Houston,396
2023-06-27,11,Printer Paper,Stationery,213,8.99,False,0,False,Phoenix,505
2023-06-28,13,Backpack Pro,Accessories,37,63.99,True,20,False,Houston,98
2023-06-29,2,Wireless Mouse,Electronics,86,29.99,False,0,False,Phoenix,393
2023-06-30,11,Printer Paper,Stationery,191,8.99,False,0,False,Los Angeles,918
2023-06-30,7,Standing Desk,Furniture,14,569.99,True,5,False,New York,48
2023-06-30,12,Markers Pack,Stationery,71,6.99,False,0,False,Los Angeles,176
2023-06-30,14,Water Bottle,Accessories,89,16.99,True,15,False,Chicago,405
2023-07-01,3,USB-C Hub,Electronics,127,49.99,False,0,True,Houston,608
2023-07-01,3,USB-C Hub,Electronics,27,49.99,False,0,False,Phoenix,84
2023-07-01,12,Markers Pack,Stationery,127,6.99,False,0,False,Houston,232
2023-07-01,10,Pen Set,Stationery,194,12.99,False,0,False,Los Angeles,310
2023-07-01,10,Pen Set,Stationery,128,12.99,False,0,False,Los Angeles,521
2023-07-01,10,Pen Set,Stationery,203,12.99,False,0,False,Phoenix,902
2023-07-01,15,Desk Lamp,Accessories,67,34.99,False,0,False,New York,102
2023-07-02,7,Standing Desk,Furniture,8,599.99,False,0,False,Los Angeles,38
2023-07-02,8,Bookshelf,Furniture,23,199.99,False,0,True,Houston,86
2023-07-02,12,Markers Pack,Stationery,255,6.64,True,5,False,Los Angeles,1156
2023-07-03,6,Office Chair,Furniture,19,299.99,False,0,False,Chicago,70
2023-07-03,5,Monitor 27inch,Electronics,19,399.99,False,0,False,Houston,73
2023-07-03,7,Standing Desk,Furniture,1,599.99,False,0,False,Phoenix,3
2023-07-03,15,Desk Lamp,Accessories,63,34.99,False,0,False,Chicago,171
2023-07-03,14,Water Bottle,Accessories,110,19.99,False,0,False,Chicago,408
2023-07-04,9,Notebook A4,Stationery,330,4.99,False,0,True,Phoenix,865
2023-07-04,3,USB-C Hub,Electronics,58,49.99,False,0,False,Phoenix,245
2023-07-04,10,Pen Set,Stationery,203,12.99,False,0,False,New York,810
2023-07-04,6,Office Chair,Furniture,10,299.99,False,0,False,Chicago,43
2023-07-05,5,Monitor 27inch,Electronics,31,399.99,False,0,False,Phoenix,89
2023-07-05,10,Pen Set,Stationery,144,12.99,False,0,False,Houston,280
2023-07-05,2,Wireless Mouse,Electronics,98,29.99,False,0,False,New York,366
2023-07-05,13,Backpack Pro,Accessories,22,79.99,False,0,True,Chicago,73
2023-07-05,15,Desk Lamp,Accessories,61,34.99,False,0,True,Chicago,229
2023-07-05,11,Printer Paper,Stationery,229,8.99,False,0,False,Chicago,604
2023-07-07,1,Laptop Pro 15,Electronics,15,1299.99,False,0,False,Phoenix,57
2023-07-07,5,Monitor 27inch,Electronics,16,399.99,False,0,False,Houston,30
2023-07-07,6,Office Chair,Furniture,12,299.99,False,0,False,Phoenix,46
2023-07-07,14,Water Bottle,Accessories,175,16.99,True,15,False,Chicago,718
2023-07-07,6,Office Chair,Furniture,12,299.99,False,0,False,New York,18
2023-07-08,6,Office Chair,Furniture,19,299.99,False,0,False,Houston,41
2023-07-08,4,Mechanical Keyboard,Electronics,24,149.99,False,0,False,New York,44
2023-07-08,8,Bookshelf,Furniture,48,169.99,True,15,True,New York,106
2023-07-08,11,Printer Paper,Stationery,375,6.74,True,25,False,New York,1447
2023-07-09,14,Water Bottle,Accessories,135,19.99,False,0,False,New York,381
2023-07-10,6,Office Chair,Furniture,13,299.99,False,0,False,Phoenix,35
2023-07-10,6,Office Chair,Furniture,16,224.99,True,25,False,Houston,77
2023-07-10,3,USB-C Hub,Electronics,54,49.99,False,0,False,Houston,172
2023-07-10,11,Printer Paper,Stationery,139,8.99,False,0,False,Los Angeles,341
2023-07-10,14,Water Bottle,Accessories,86,16.99,True,15,False,New York,231
2023-07-11,10,Pen Set,Stationery,181,12.99,False,0,False,Houston,678
2023-07-11,8,Bookshelf,Furniture,10,199.99,False,0,False,Houston,39
2023-07-11,6,Office Chair,Furniture,11,224.99,True,25,False,Houston,42
2023-07-12,3,USB-C Hub,Electronics,49,49.99,False,0,False,Houston,119
2023-07-12,6,Office Chair,Furniture,11,299.99,False,0,False,Phoenix,29
2023-07-12,2,Wireless Mouse,Electronics,80,29.99,False,0,False,Phoenix,307
2023-07-12,6,Office Chair,Furniture,10,299.99,False,0,False,New York,42
2023-07-12,7,Standing Desk,Furniture,8,599.99,False,0,False,New York,16
2023-07-12,6,Office Chair,Furniture,15,299.99,False,0,False,Los Angeles,41
2023-07-13,6,Office Chair,Furniture,13,299.99,False,0,False,Phoenix,59
2023-07-13,14,Water Bottle,Accessories,270,17.99,True,10,False,Phoenix,566
2023-07-13,5,Monitor 27inch,Electronics,24,399.99,False,0,False,Chicago,101
2023-07-13,1,Laptop Pro 15,Electronics,7,1299.99,False,0,False,Los Angeles,25
2023-07-13,15,Desk Lamp,Accessories,43,34.99,False,0,False,Chicago,85
2023-07-13,14,Water Bottle,Accessories,118,19.99,False,0,False,Phoenix,438
2023-07-14,1,Laptop Pro 15,Electronics,21,1299.99,False,0,False,Chicago,75
2023-07-14,13,Backpack Pro,Accessories,32,79.99,False,0,False,Los Angeles,86
2023-07-14,3,USB-C Hub,Electronics,83,42.49,True,15,False,Phoenix,410
2023-07-14,13,Backpack Pro,Accessories,38,75.99,True,5,False,Phoenix,183
2023-07-14,1,Laptop Pro 15,Electronics,20,1299.99,False,0,True,Houston,30
2023-07-14,11,Printer Paper,Stationery,253,8.99,False,0,False,Phoenix,694
2023-07-14,12,Markers Pack,Stationery,144,6.99,False,0,False,Houston,561
2023-07-14,6,Office Chair,Furniture,13,239.99,True,20,False,Chicago,34
2023-07-14,7,Standing Desk,Furniture,8,599.99,False,0,False,Phoenix,30
2023-07-15,8,Bookshelf,Furniture,13,199.99,False,0,False,Chicago,29
2023-07-15,12,Markers Pack,Stationery,260,6.64,True,5,False,Chicago,1108
2023-07-15,1,Laptop Pro 15,Electronics,35,974.99,True,25,False,Los Angeles,123
2023-07-15,10,Pen Set,Stationery,157,12.99,False,0,False,Houston,620
2023-07-15,7,Standing Desk,Furniture,11,599.99,False,0,False,Los Angeles,50
2023-07-15,5,Monitor 27inch,Electronics,40,399.99,False,0,False,Los Angeles,137
2023-07-15,3,USB-C Hub,Electronics,50,49.99,False,0,False,Phoenix,75
2023-07-15,4,Mechanical Keyboard,Electronics,46,149.99,False,0,False,Phoenix,219
2023-07-15,13,Backpack Pro,Accessories,9,79.99,False,0,False,New York,26
2023-07-15,13,Backpack Pro,Accessories,44,79.99,False,0,False,Houston,171
2023-07-16,5,Monitor 27inch,Electronics,22,399.99,True,0,False,Houston,74
2023-07-16,11,Printer Paper,Stationery,219,8.99,False,0,False,Phoenix,712
2023-07-16,5,Monitor 27inch,Electronics,31,399.99,False,0,False,Los Angeles,105
2023-07-16,1,Laptop Pro 15,Electronics,13,1299.99,False,0,False,Chicago,27
2023-07-17,1,Laptop Pro 15,Electronics,10,1299.99,False,0,False,Los Angeles,39
2023-07-18,2,Wireless Mouse,Electronics,142,25.49,True,15,False,Los Angeles,236
2023-07-18,3,USB-C Hub,Electronics,47,42.49,True,15,False,Los Angeles,139
2023-07-18,15,Desk Lamp,Accessories,43,34.99,False,0,False,Phoenix,136
2023-07-18,3,USB-C Hub,Electronics,44,42.49,True,15,False,Los Angeles,211
2023-07-19,11,Printer Paper,Stationery,391,8.09,True,10,False,Chicago,812
2023-07-19,14,Water Bottle,Accessories,127,19.99,False,0,False,Houston,478
2023-07-19,12,Markers Pack,Stationery,96,6.99,False,0,False,Phoenix,474
2023-07-20,6,Office Chair,Furniture,14,299.99,False,0,False,Houston,23
2023-07-20,2,Wireless Mouse,Electronics,85,29.99,False,0,False,Los Angeles,203
2023-07-20,7,Standing Desk,Furniture,9,599.99,False,0,False,Los Angeles,23
2023-07-20,15,Desk Lamp,Accessories,44,34.99,False,0,False,Houston,207
2023-07-21,9,Notebook A4,Stationery,450,3.99,True,20,False,Houston,933
2023-07-21,14,Water Bottle,Accessories,41,19.99,False,0,False,Chicago,85
2023-07-21,10,Pen Set,Stationery,165,12.99,False,0,False,Los Angeles,260
2023-07-22,10,Pen Set,Stationery,128,9.74,True,25,False,Los Angeles,496
2023-07-22,9,Notebook A4,Stationery,301,4.99,False,0,False,Los Angeles,560
2023-07-22,6,Office Chair,Furniture,17,299.99,False,0,False,Houston,48
2023-07-22,13,Backpack Pro,Accessories,33,79.99,False,0,False,New York,120
2023-07-22,11,Printer Paper,Stationery,251,8.99,False,0,False,Houston,1210
2023-07-22,8,Bookshelf,Furniture,22,199.99,False,0,False,Phoenix,98
2023-07-23,14,Water Bottle,Accessories,114,19.99,False,0,False,Los Angeles,519
2023-07-23,2,Wireless Mouse,Electronics,29,29.99,False,0,False,Phoenix,48
2023-07-23,8,Bookshelf,Furniture,17,199.99,False,0,False,New York,77
2023-07-24,11,Printer Paper,Stationery,269,8.99,False,0,False,Phoenix,592
2023-07-24,12,Markers Pack,Stationery,53,6.99,False,0,False,Los Angeles,93
2023-07-24,8,Bookshelf,Furniture,21,149.99,True,25,False,Phoenix,48
2023-07-25,8,Bookshelf,Furniture,12,199.99,False,0,False,Phoenix,24
2023-07-25,5,Monitor 27inch,Electronics,15,399.99,False,0,False,Houston,44
2023-07-25,6,Office Chair,Furniture,10,299.99,False,0,False,Phoenix,33
2023-07-25,2,Wireless Mouse,Electronics,122,29.99,False,0,False,Phoenix,368
2023-07-25,9,Notebook A4,Stationery,143,4.99,False,0,False,New York,229
2023-07-26,2,Wireless Mouse,Electronics,72,29.99,False,0,False,Phoenix,251
2023-07-26,5,Monitor 27inch,Electronics,20,399.99,False,0,False,New York,73
2023-07-26,5,Monitor 27inch,Electronics,18,399.99,False,0,False,Phoenix,54
2023-07-27,13,Backpack Pro,Accessories,23,79.99,False,0,False,New York,98
2023-07-27,6,Office Chair,Furniture,14,299.99,False,0,False,Chicago,50
2023-07-27,13,Backpack Pro,Accessories,43,75.99,True,5,False,Los Angeles,101
2023-07-27,9,Notebook A4,Stationery,163,4.99,False,0,False,Los Angeles,758
2023-07-28,5,Monitor 27inch,Electronics,29,399.99,False,0,False,New York,50
2023-07-28,1,Laptop Pro 15,Electronics,24,1299.99,False,0,False,Los Angeles,104
2023-07-28,15,Desk Lamp,Accessories,63,34.99,False,0,True,New York,250
2023-07-29,6,Office Chair,Furniture,17,299.99,False,0,False,Phoenix,42
2023-07-29,3,USB-C Hub,Electronics,54,49.99,False,0,False,Houston,209
2023-07-29,12,Markers Pack,Stationery,186,6.99,False,0,False,New York,566
2023-07-29,6,Office Chair,Furniture,16,299.99,False,0,False,Houston,28
2023-07-29,5,Monitor 27inch,Electronics,24,399.99,False,0,False,Chicago,44
2023-07-29,2,Wireless Mouse,Electronics,141,29.99,False,0,False,Houston,600
2023-07-29,7,Standing Desk,Furniture,15,599.99,False,0,False,Chicago,28
2023-07-29,1,Laptop Pro 15,Electronics,17,1299.99,False,0,False,Houston,47
2023-07-29,10,Pen Set,Stationery,190,12.99,False,0,True,Chicago,459
2023-07-29,9,Notebook A4,Stationery,237,4.99,False,0,False,Phoenix,1169
2023-07-29,10,Pen Set,Stationery,191,12.99,False,0,False,New York,612
2023-07-29,15,Desk Lamp,Accessories,52,34.99,False,0,False,Phoenix,194
2023-07-30,6,Office Chair,Furniture,9,299.99,False,0,False,Phoenix,34
2023-07-30,7,Standing Desk,Furniture,9,599.99,False,0,False,Houston,44
2023-07-30,9,Notebook A4,Stationery,588,3.74,True,25,False,New York,2403
2023-07-30,15,Desk Lamp,Accessories,52,34.99,False,0,False,Los Angeles,177
2023-07-30,8,Bookshelf,Furniture,23,149.99,True,25,False,Los Angeles,53
2023-07-30,7,Standing Desk,Furniture,8,599.99,False,0,False,Houston,25
2023-07-31,1,Laptop Pro 15,Electronics,14,1299.99,False,0,False,Los Angeles,26
2023-07-31,7,Standing Desk,Furniture,8,599.99,False,0,False,Los Angeles,38
2023-07-31,4,Mechanical Keyboard,Electronics,42,112.49,True,25,False,Houston,197
2023-07-31,6,Office Chair,Furniture,15,299.99,False,0,False,Houston,74
2023-07-31,6,Office Chair,Furniture,10,299.99,False,0,False,New York,43
2023-08-01,13,Backpack Pro,Accessories,35,79.99,False,0,False,Los Angeles,133
2023-08-01,1,Laptop Pro 15,Electronics,18,1299.99,False,0,False,Houston,81
2023-08-01,9,Notebook A4,Stationery,317,4.99,False,0,True,Chicago,491
2023-08-01,8,Bookshelf,Furniture,9,199.99,False,0,False,Los Angeles,36
2023-08-02,15,Desk Lamp,Accessories,55,34.99,False,0,False,New York,184
2023-08-02,3,USB-C Hub,Electronics,41,49.99,False,0,False,Phoenix,124
2023-08-02,9,Notebook A4,Stationery,233,4.99,False,0,False,New York,372
2023-08-02,1,Laptop Pro 15,Electronics,10,1299.99,False,0,False,Phoenix,22
2023-08-02,12,Markers Pack,Stationery,116,6.99,False,0,False,Houston,286
2023-08-03,14,Water Bottle,Accessories,35,19.99,False,0,False,Chicago,138
2023-08-03,1,Laptop Pro 15,Electronics,11,1299.99,False,0,True,Chicago,19
2023-08-03,2,Wireless Mouse,Electronics,109,29.99,False,0,False,Los Angeles,257
2023-08-03,2,Wireless Mouse,Electronics,81,29.99,False,0,False,Phoenix,128
2023-08-03,8,Bookshelf,Furniture,20,199.99,False,0,False,Los Angeles,82
2023-08-03,12,Markers Pack,Stationery,175,6.99,False,0,False,Chicago,817
2023-08-03,8,Bookshelf,Furniture,15,199.99,False,0,False,Chicago,55
2023-08-03,8,Bookshelf,Furniture,19,199.99,False,0,False,New York,76
2023-08-04,6,Office Chair,Furniture,15,299.99,False,0,False,Chicago,24
2023-08-04,11,Printer Paper,Stationery,159,8.99,False,0,False,Los Angeles,585
2023-08-04,9,Notebook A4,Stationery,182,4.99,False,0,False,Phoenix,789
2023-08-04,6,Office Chair,Furniture,8,299.99,False,0,False,Houston,32
2023-08-04,11,Printer Paper,Stationery,147,8.99,False,0,False,Chicago,553
2023-08-05,9,Notebook A4,Stationery,312,4.99,False,0,False,Chicago,597
2023-08-05,3,USB-C Hub,Electronics,39,49.99,False,0,False,Houston,150
2023-08-05,2,Wireless Mouse,Electronics,150,29.99,False,0,False,New York,675
2023-08-05,10,Pen Set,Stationery,148,12.99,False,0,False,Chicago,663
2023-08-05,9,Notebook A4,Stationery,195,4.99,False,0,False,Houston,419
2023-08-06,5,Monitor 27inch,Electronics,26,399.99,False,0,False,Chicago,121
2023-08-06,13,Backpack Pro,Accessories,31,79.99,False,0,False,New York,138
2023-08-06,13,Backpack Pro,Accessories,25,79.99,False,0,False,Houston,120
2023-08-06,7,Standing Desk,Furniture,6,599.99,False,0,False,New York,12
2023-08-06,13,Backpack Pro,Accessories,25,79.99,False,0,False,Houston,72
2023-08-07,8,Bookshelf,Furniture,12,199.99,False,0,False,Chicago,47
2023-08-07,4,Mechanical Keyboard,Electronics,23,149.99,False,0,False,Houston,45
2023-08-07,3,USB-C Hub,Electronics,49,49.99,False,0,False,New York,86
2023-08-07,14,Water Bottle,Accessories,144,19.99,False,0,False,Phoenix,611
2023-08-07,11,Printer Paper,Stationery,181,8.99,False,0,False,Phoenix,464
2023-08-08,1,Laptop Pro 15,Electronics,20,1299.99,True,0,False,Houston,45
2023-08-09,1,Laptop Pro 15,Electronics,3,1299.99,False,0,True,Chicago,13
2023-08-09,4,Mechanical Keyboard,Electronics,29,149.99,False,0,False,New York,141
2023-08-09,11,Printer Paper,Stationery,184,8.99,False,0,False,Phoenix,388
2023-08-09,6,Office Chair,Furniture,12,299.99,False,0,False,Los Angeles,33
2023-08-10,3,USB-C Hub,Electronics,37,49.99,False,0,False,Chicago,64
2023-08-10,3,USB-C Hub,Electronics,53,49.99,False,0,False,Houston,137
2023-08-10,2,Wireless Mouse,Electronics,81,23.99,True,20,False,New York,207
2023-08-10,11,Printer Paper,Stationery,159,8.99,False,0,True,Phoenix,264
2023-08-10,14,Water Bottle,Accessories,132,19.99,False,0,False,Houston,582
2023-08-11,9,Notebook A4,Stationery,234,4.99,False,0,False,Phoenix,516
2023-08-11,6,Office Chair,Furniture,15,299.99,False,0,True,Houston,55
2023-08-11,1,Laptop Pro 15,Electronics,25,1299.99,False,0,False,Houston,67
2023-08-11,15,Desk Lamp,Accessories,77,33.24,True,5,False,Phoenix,300
2023-08-11,7,Standing Desk,Furniture,7,599.99,False,0,False,Phoenix,25
2023-08-11,2,Wireless Mouse,Electronics,74,29.99,False,0,True,Los Angeles,152
2023-08-11,8,Bookshelf,Furniture,19,199.99,False,0,False,Chicago,90
2023-08-12,14,Water Bottle,Accessories,117,19.99,False,0,True,Phoenix,428
2023-08-12,14,Water Bottle,Accessories,248,14.99,True,25,False,Los Angeles,517
2023-08-12,12,Markers Pack,Stationery,218,6.99,False,0,False,Houston,1072
2023-08-12,2,Wireless Mouse,Electronics,102,29.99,False,0,False,Phoenix,418
2023-08-12,9,Notebook A4,Stationery,324,4.99,False,0,False,Houston,888
2023-08-12,7,Standing Desk,Furniture,10,599.99,False,0,False,Los Angeles,28
2023-08-12,5,Monitor 27inch,Electronics,17,399.99,False,0,False,Houston,39
2023-08-12,10,Pen Set,Stationery,257,12.99,False,0,True,Chicago,489
2023-08-12,11,Printer Paper,Stationery,269,7.64,True,15,False,Los Angeles,916
2023-08-13,10,Pen Set,Stationery,400,9.74,True,25,False,Phoenix,1901
2023-08-13,12,Markers Pack,Stationery,163,6.99,False,0,False,Chicago,691
2023-08-13,14,Water Bottle,Accessories,82,19.99,False,0,False,Phoenix,167
2023-08-13,2,Wireless Mouse,Electronics,98,29.99,False,0,False,Houston,166
2023-08-14,4,Mechanical Keyboard,Electronics,27,149.99,False,0,False,Houston,52
2023-08-14,8,Bookshelf,Furniture,13,199.99,False,0,False,New York,39
2023-08-15,3,USB-C Hub,Electronics,58,49.99,False,0,False,Phoenix,127
2023-08-15,7,Standing Desk,Furniture,9,599.99,True,0,False,Phoenix,44
2023-08-15,10,Pen Set,Stationery,157,12.99,False,0,True,Los Angeles,330
2023-08-15,5,Monitor 27inch,Electronics,18,399.99,False,0,False,Los Angeles,29
2023-08-15,12,Markers Pack,Stationery,75,6.99,False,0,False,Houston,269
2023-08-15,8,Bookshelf,Furniture,12,199.99,False,0,False,New York,29
2023-08-15,3,USB-C Hub,Electronics,37,49.99,False,0,False,Los Angeles,100
2023-08-15,15,Desk Lamp,Accessories,45,26.24,True,25,False,Los Angeles,127
2023-08-16,12,Markers Pack,Stationery,133,6.99,False,0,True,Chicago,354
2023-08-16,4,Mechanical Keyboard,Electronics,22,149.99,False,0,False,Phoenix,56
2023-08-16,6,Office Chair,Furniture,12,299.99,False,0,False,Phoenix,24
2023-08-16,2,Wireless Mouse,Electronics,119,29.99,False,0,False,Los Angeles,314
2023-08-17,5,Monitor 27inch,Electronics,23,299.99,True,25,True,New York,92
2023-08-17,1,Laptop Pro 15,Electronics,9,1299.99,False,0,False,Los Angeles,24
2023-08-17,14,Water Bottle,Accessories,98,19.99,False,0,False,Los Angeles,421
2023-08-18,7,Standing Desk,Furniture,11,599.99,False,0,False,Houston,23
2023-08-18,9,Notebook A4,Stationery,196,4.99,False,0,False,Chicago,797
2023-08-18,9,Notebook A4,Stationery,95,4.99,False,0,False,Houston,359
2023-08-18,11,Printer Paper,Stationery,168,8.99,False,0,False,Phoenix,812
2023-08-18,14,Water Bottle,Accessories,91,19.99,False,0,False,Houston,260
2023-08-18,5,Monitor 27inch,Electronics,19,399.99,False,0,False,Houston,84
2023-08-18,9,Notebook A4,Stationery,110,4.99,False,0,False,Phoenix,345
2023-08-18,1,Laptop Pro 15,Electronics,25,1039.99,True,20,False,Los Angeles,57
2023-08-19,14,Water Bottle,Accessories,61,14.99,True,25,False,New York,153
2023-08-19,4,Mechanical Keyboard,Electronics,73,134.99,True,10,False,Houston,315
2023-08-19,10,Pen Set,Stationery,120,12.99,False,0,False,Chicago,233
2023-08-19,15,Desk Lamp,Accessories,75,34.99,False,0,False,Los Angeles,138
2023-08-19,3,USB-C Hub,Electronics,53,49.99,False,0,False,Los Angeles,203
2023-08-19,14,Water Bottle,Accessories,205,19.99,False,0,False,Chicago,655
2023-08-20,4,Mechanical Keyboard,Electronics,49,149.99,False,0,False,Phoenix,231
2023-08-20,7,Standing Desk,Furniture,7,599.99,False,0,False,Los Angeles,29
2023-08-20,11,Printer Paper,Stationery,521,7.19,True,20,False,Houston,2195
2023-08-20,2,Wireless Mouse,Electronics,60,29.99,False,0,False,Chicago,197
2023-08-20,11,Printer Paper,Stationery,183,8.99,False,0,False,Chicago,406
2023-08-20,5,Monitor 27inch,Electronics,26,399.99,False,0,False,Houston,81
2023-08-20,4,Mechanical Keyboard,Electronics,30,149.99,False,0,False,Chicago,99
2023-08-20,1,Laptop Pro 15,Electronics,7,1299.99,False,0,False,New York,26
2023-08-21,4,Mechanical Keyboard,Electronics,37,149.99,False,0,False,Houston,97
2023-08-21,3,USB-C Hub,Electronics,46,37.49,True,25,False,Chicago,69
2023-08-21,8,Bookshelf,Furniture,16,199.99,False,0,False,Phoenix,53
2023-08-21,6,Office Chair,Furniture,11,299.99,False,0,False,Houston,37
2023-08-21,4,Mechanical Keyboard,Electronics,33,149.99,False,0,False,Chicago,59
2023-08-22,10,Pen Set,Stationery,207,12.99,False,0,False,Chicago,684
2023-08-22,6,Office Chair,Furniture,19,299.99,False,0,True,Los Angeles,83
2023-08-22,15,Desk Lamp,Accessories,41,34.99,False,0,False,New York,140
2023-08-22,14,Water Bottle,Accessories,159,19.99,False,0,False,Chicago,732
2023-08-22,5,Monitor 27inch,Electronics,40,339.99,True,15,False,Phoenix,151
2023-08-23,9,Notebook A4,Stationery,128,4.99,False,0,False,Los Angeles,518
2023-08-23,8,Bookshelf,Furniture,9,199.99,False,0,False,New York,21
2023-08-23,2,Wireless Mouse,Electronics,92,29.99,False,0,False,Phoenix,322
2023-08-23,9,Notebook A4,Stationery,146,4.99,False,0,False,New York,275
2023-08-24,9,Notebook A4,Stationery,205,4.99,False,0,False,New York,792
2023-08-24,11,Printer Paper,Stationery,188,8.99,False,0,False,Houston,368
2023-08-24,1,Laptop Pro 15,Electronics,16,1299.99,False,0,False,Chicago,34
2023-08-24,14,Water Bottle,Accessories,89,19.99,False,0,False,Phoenix,278
2023-08-24,6,Office Chair,Furniture,6,299.99,False,0,False,Los Angeles,23
2023-08-24,7,Standing Desk,Furniture,4,599.99,False,0,False,Los Angeles,14
2023-08-24,12,Markers Pack,Stationery,153,6.99,False,0,False,Houston,233
2023-08-24,11,Printer Paper,Stationery,179,8.99,False,0,False,Los Angeles,319
2023-08-24,4,Mechanical Keyboard,Electronics,35,149.99,False,0,False,Chicago,161
2023-08-25,7,Standing Desk,Furniture,15,509.99,True,15,False,Phoenix,51
2023-08-25,6,Office Chair,Furniture,8,299.99,False,0,False,Los Angeles,28
2023-08-25,1,Laptop Pro 15,Electronics,9,1299.99,False,0,False,Phoenix,16
2023-08-26,7,Standing Desk,Furniture,9,599.99,False,0,False,Phoenix,28
2023-08-26,6,Office Chair,Furniture,17,299.99,False,0,False,Chicago,72
2023-08-26,6,Office Chair,Furniture,11,299.99,False,0,False,New York,44
2023-08-26,3,USB-C Hub,Electronics,70,49.99,False,0,False,Phoenix,110
2023-08-27,4,Mechanical Keyboard,Electronics,57,149.99,False,0,False,New York,90
2023-08-27,2,Wireless Mouse,Electronics,143,22.49,True,25,False,Houston,252
2023-08-27,15,Desk Lamp,Accessories,97,29.74,True,15,False,Houston,374
2023-08-27,3,USB-C Hub,Electronics,54,49.99,False,0,False,Houston,254
2023-08-27,6,Office Chair,Furniture,11,299.99,False,0,False,Los Angeles,30
2023-08-27,15,Desk Lamp,Accessories,52,34.99,False,0,False,Houston,122
2023-08-27,7,Standing Desk,Furniture,10,599.99,False,0,False,Houston,35
2023-08-27,9,Notebook A4,Stationery,197,4.99,False,0,False,Phoenix,782
2023-08-27,11,Printer Paper,Stationery,276,7.19,True,20,False,Houston,1159
2023-08-27,3,USB-C Hub,Electronics,43,49.99,False,0,False,Chicago,182
2023-08-28,14,Water Bottle,Accessories,58,19.99,False,0,False,Phoenix,250
2023-08-28,6,Office Chair,Furniture,15,299.99,False,0,False,Phoenix,44
2023-08-28,2,Wireless Mouse,Electronics,28,29.99,False,0,False,Houston,92
2023-08-28,8,Bookshelf,Furniture,22,199.99,False,0,False,Houston,43
2023-08-28,13,Backpack Pro,Accessories,17,79.99,False,0,False,Chicago,70
2023-08-28,5,Monitor 27inch,Electronics,20,399.99,False,0,False,Chicago,70
2023-08-28,2,Wireless Mouse,Electronics,70,29.99,False,0,False,Phoenix,246
2023-08-29,14,Water Bottle,Accessories,121,19.99,False,0,False,Chicago,535
2023-08-29,14,Water Bottle,Accessories,51,16.99,True,15,False,Chicago,138
2023-08-29,3,USB-C Hub,Electronics,46,49.99,False,0,False,Houston,98
2023-08-30,10,Pen Set,Stationery,183,12.99,False,0,False,Los Angeles,834
2023-08-30,14,Water Bottle,Accessories,132,17.99,True,10,False,Phoenix,222
2023-08-30,15,Desk Lamp,Accessories,20,34.99,False,0,False,Chicago,91
2023-08-31,8,Bookshelf,Furniture,13,199.99,False,0,False,Chicago,44
2023-08-31,7,Standing Desk,Furniture,4,599.99,False,0,False,Chicago,13
2023-08-31,12,Markers Pack,Stationery,94,6.99,False,0,False,Chicago,465
2023-08-31,7,Standing Desk,Furniture,11,599.99,False,0,False,New York,31
2023-08-31,15,Desk Lamp,Accessories,67,34.99,False,0,False,Chicago,330
2023-08-31,2,Wireless Mouse,Electronics,116,29.99,False,0,False,Houston,504
2023-08-31,12,Markers Pack,Stationery,61,6.99,False,0,False,Los Angeles,107
2023-08-31,11,Printer Paper,Stationery,172,8.99,False,0,False,Chicago,794
2023-09-01,15,Desk Lamp,Accessories,53,34.99,False,0,False,Houston,264
2023-09-01,14,Water Bottle,Accessories,74,19.99,False,0,False,Phoenix,317
2023-09-01,1,Laptop Pro 15,Electronics,16,1299.99,False,0,False,Los Angeles,65
2023-09-02,10,Pen Set,Stationery,192,12.99,False,0,False,Los Angeles,488
2023-09-02,7,Standing Desk,Furniture,5,599.99,False,0,False,Los Angeles,18
2023-09-02,14,Water Bottle,Accessories,206,17.99,True,10,False,Chicago,653
2023-09-02,6,Office Chair,Furniture,13,299.99,False,0,False,Houston,26
2023-09-03,12,Markers Pack,Stationery,246,6.99,False,0,True,Phoenix,750
2023-09-03,2,Wireless Mouse,Electronics,199,29.99,False,0,True,Chicago,959
2023-09-04,8,Bookshelf,Furniture,21,199.99,False,0,False,Houston,41
2023-09-04,4,Mechanical Keyboard,Electronics,22,149.99,False,0,False,Chicago,103
2023-09-04,12,Markers Pack,Stationery,70,6.99,False,0,False,New York,263
2023-09-04,11,Printer Paper,Stationery,187,8.99,False,0,False,Chicago,354
2023-09-04,5,Monitor 27inch,Electronics,21,399.99,True,0,False,New York,85
2023-09-04,3,USB-C Hub,Electronics,48,49.99,False,0,True,Phoenix,96
2023-09-04,8,Bookshelf,Furniture,16,199.99,False,0,False,Houston,24
2023-09-04,7,Standing Desk,Furniture,8,599.99,False,0,False,New York,29
2023-09-04,14,Water Bottle,Accessories,122,19.99,False,0,False,Phoenix,348
2023-09-04,3,USB-C Hub,Electronics,32,49.99,False,0,False,Phoenix,137
2023-09-04,8,Bookshelf,Furniture,20,199.99,False,0,False,New York,56
2023-09-04,3,USB-C Hub,Electronics,64,49.99,False,0,False,Phoenix,285
2023-09-05,9,Notebook A4,Stationery,85,4.99,False,0,False,Phoenix,225
2023-09-05,12,Markers Pack,Stationery,92,6.99,False,0,False,Phoenix,331
2023-09-05,8,Bookshelf,Furniture,15,199.99,False,0,False,Los Angeles,73
2023-09-05,11,Printer Paper,Stationery,196,8.99,False,0,False,Chicago,517
2023-09-06,11,Printer Paper,Stationery,209,8.99,False,0,False,Los Angeles,1009
2023-09-07,2,Wireless Mouse,Electronics,144,26.99,True,10,False,Phoenix,254
2023-09-07,9,Notebook A4,Stationery,207,4.99,False,0,False,Chicago,643
2023-09-07,14,Water Bottle,Accessories,65,19.99,False,0,False,New York,210
2023-09-07,9,Notebook A4,Stationery,264,4.24,True,15,False,New York,684
2023-09-07,12,Markers Pack,Stationery,131,6.99,False,0,False,Phoenix,235
2023-09-07,10,Pen Set,Stationery,111,12.99,False,0,False,Los Angeles,412
2023-09-08,4,Mechanical Keyboard,Electronics,55,149.99,True,0,False,Los Angeles,175
2023-09-08,10,Pen Set,Stationery,135,12.99,False,0,False,Los Angeles,526
2023-09-08,6,Office Chair,Furniture,13,299.99,False,0,False,Houston,22
2023-09-08,15,Desk Lamp,Accessories,92,34.99,True,0,False,Houston,379
2023-09-08,6,Office Chair,Furniture,15,299.99,False,0,False,Los Angeles,26
2023-09-09,14,Water Bottle,Accessories,123,19.99,False,0,False,Chicago,353
2023-09-09,9,Notebook A4,Stationery,174,4.99,False,0,False,Chicago,347
2023-09-09,11,Printer Paper,Stationery,190,8.99,False,0,False,New York,671
2023-09-09,12,Markers Pack,Stationery,148,6.99,False,0,True,New York,688
2023-09-09,10,Pen Set,Stationery,177,12.99,False,0,False,New York,530
2023-09-10,14,Water Bottle,Accessories,160,19.99,False,0,False,New York,697
2023-09-10,1,Laptop Pro 15,Electronics,25,1299.99,False,0,False,Chicago,111
2023-09-10,14,Water Bottle,Accessories,98,19.99,False,0,False,Los Angeles,445
2023-09-10,14,Water Bottle,Accessories,148,19.99,False,0,False,Los Angeles,683
2023-09-11,10,Pen Set,Stationery,164,12.99,False,0,False,New York,249
2023-09-11,7,Standing Desk,Furniture,5,599.99,False,0,False,Phoenix,20
2023-09-11,14,Water Bottle,Accessories,117,17.99,True,10,False,Chicago,253
2023-09-11,7,Standing Desk,Furniture,11,599.99,False,0,False,Chicago,49
2023-09-12,6,Office Chair,Furniture,16,299.99,False,0,True,Los Angeles,30
2023-09-12,4,Mechanical Keyboard,Electronics,33,149.99,False,0,False,Phoenix,148
2023-09-12,6,Office Chair,Furniture,10,299.99,False,0,False,New York,27
2023-09-12,2,Wireless Mouse,Electronics,168,25.49,True,15,False,Phoenix,266
2023-09-13,7,Standing Desk,Furniture,18,599.99,True,0,False,Chicago,60
2023-09-13,2,Wireless Mouse,Electronics,94,29.99,False,0,False,Los Angeles,236
2023-09-13,3,USB-C Hub,Electronics,63,49.99,False,0,False,Houston,163
2023-09-13,15,Desk Lamp,Accessories,35,34.99,False,0,False,Los Angeles,93
2023-09-14,15,Desk Lamp,Accessories,59,34.99,False,0,False,Houston,170
2023-09-14,11,Printer Paper,Stationery,363,7.64,True,15,False,Los Angeles,1623
2023-09-14,7,Standing Desk,Furniture,9,599.99,False,0,False,New York,42
2023-09-15,7,Standing Desk,Furniture,3,599.99,False,0,False,Houston,6
2023-09-15,6,Office Chair,Furniture,9,299.99,False,0,False,Chicago,25
2023-09-15,5,Monitor 27inch,Electronics,13,399.99,False,0,False,Los Angeles,52
2023-09-15,5,Monitor 27inch,Electronics,20,399.99,False,0,False,Houston,89
2023-09-15,13,Backpack Pro,Accessories,17,79.99,False,0,False,Houston,39
2023-09-15,5,Monitor 27inch,Electronics,12,399.99,False,0,False,New York,52
2023-09-15,14,Water Bottle,Accessories,94,19.99,False,0,False,Phoenix,434
2023-09-15,13,Backpack Pro,Accessories,40,75.99,True,5,False,Los Angeles,105
2023-09-16,7,Standing Desk,Furniture,3,599.99,False,0,False,Phoenix,8
2023-09-16,12,Markers Pack,Stationery,131,6.99,False,0,False,Houston,277
2023-09-16,2,Wireless Mouse,Electronics,95,29.99,False,0,False,Chicago,382
2023-09-16,4,Mechanical Keyboard,Electronics,55,149.99,False,0,True,New York,233
2023-09-16,12,Markers Pack,Stationery,257,5.59,True,20,False,Chicago,707
2023-09-16,2,Wireless Mouse,Electronics,162,29.99,False,0,False,Los Angeles,430
2023-09-17,8,Bookshelf,Furniture,23,199.99,False,0,False,Chicago,89
2023-09-17,13,Backpack Pro,Accessories,43,79.99,False,0,False,New York,201
2023-09-18,11,Printer Paper,Stationery,222,8.99,False,0,False,New York,958
2023-09-19,6,Office Chair,Furniture,12,299.99,False,0,False,Los Angeles,36
2023-09-19,15,Desk Lamp,Accessories,60,29.74,True,15,False,Phoenix,294
2023-09-19,15,Desk Lamp,Accessories,44,34.99,False,0,False,Phoenix,121
2023-09-20,6,Office Chair,Furniture,8,299.99,False,0,False,Houston,28
2023-09-20,6,Office Chair,Furniture,22,239.99,True,20,False,Houston,99
2023-09-20,6,Office Chair,Furniture,11,299.99,False,0,False,Houston,31
2023-09-20,12,Markers Pack,Stationery,198,6.99,False,0,False,Phoenix,656
2023-09-20,11,Printer Paper,Stationery,130,8.99,False,0,False,Chicago,351
2023-09-21,1,Laptop Pro 15,Electronics,13,1299.99,False,0,False,Chicago,48
2023-09-21,6,Office Chair,Furniture,17,299.99,False,0,False,Los Angeles,30
2023-09-21,14,Water Bottle,Accessories,68,19.99,False,0,False,Phoenix,116
2023-09-21,3,USB-C Hub,Electronics,38,37.49,True,25,False,Los Angeles,163
2023-09-22,14,Water Bottle,Accessories,98,19.99,False,0,False,New York,212
2023-09-22,9,Notebook A4,Stationery,127,4.99,False,0,False,New York,405
2023-09-22,11,Printer Paper,Stationery,220,8.99,False,0,False,Chicago,710
2023-09-23,3,USB-C Hub,Electronics,25,49.99,False,0,False,Houston,54
2023-09-23,14,Water Bottle,Accessories,100,19.99,False,0,False,Phoenix,166
2023-09-24,3,USB-C Hub,Electronics,49,49.99,False,0,False,Houston,116
2023-09-24,12,Markers Pack,Stationery,233,6.99,False,0,False,New York,1163
2023-09-24,7,Standing Desk,Furniture,19,479.99,True,20,False,Chicago,59
2023-09-24,5,Monitor 27inch,Electronics,32,399.99,False,0,False,Phoenix,149
2023-09-24,5,Monitor 27inch,Electronics,35,399.99,False,0,False,Los Angeles,72
2023-09-25,12,Markers Pack,Stationery,103,6.99,False,0,False,New York,168
2023-09-25,3,USB-C Hub,Electronics,35,49.99,False,0,False,New York,71
2023-09-25,11,Printer Paper,Stationery,228,8.99,False,0,False,Houston,983
2023-09-25,4,Mechanical Keyboard,Electronics,39,149.99,False,0,False,Los Angeles,95
2023-09-25,2,Wireless Mouse,Electronics,97,29.99,False,0,False,New York,236
2023-09-25,4,Mechanical Keyboard,Electronics,59,134.99,True,10,False,New York,271
2023-09-26,2,Wireless Mouse,Electronics,59,29.99,False,0,False,Los Angeles,98
2023-09-26,8,Bookshelf,Furniture,6,199.99,False,0,False,Houston,13
2023-09-26,5,Monitor 27inch,Electronics,4,399.99,False,0,False,Los Angeles,13
2023-09-27,8,Bookshelf,Furniture,17,199.99,False,0,False,Houston,33
2023-09-27,14,Water Bottle,Accessories,125,19.99,False,0,False,New York,348
2023-09-27,12,Markers Pack,Stationery,24,6.99,False,0,False,New York,114
2023-09-27,12,Markers Pack,Stationery,132,6.99,False,0,False,Chicago,589
2023-09-27,5,Monitor 27inch,Electronics,21,399.99,False,0,True,New York,74
2023-09-28,3,USB-C Hub,Electronics,32,49.99,False,0,False,Phoenix,117
2023-09-28,9,Notebook A4,Stationery,155,4.99,False,0,False,Phoenix,661
2023-09-29,10,Pen Set,Stationery,189,12.99,False,0,False,Phoenix,768
2023-09-29,6,Office Chair,Furniture,13,299.99,False,0,False,Chicago,55
2023-09-29,14,Water Bottle,Accessories,135,19.99,False,0,False,Los Angeles,273
2023-09-29,1,Laptop Pro 15,Electronics,18,1299.99,False,0,False,New York,70
2023-09-29,5,Monitor 27inch,Electronics,13,399.99,False,0,False,Chicago,47
2023-09-29,2,Wireless Mouse,Electronics,124,29.99,False,0,False,Los Angeles,240
2023-09-29,11,Printer Paper,Stationery,149,8.99,False,0,False,Phoenix,606
2023-09-30,4,Mechanical Keyboard,Electronics,91,134.99,True,10,False,Houston,379
2023-09-30,7,Standing Desk,Furniture,13,599.99,False,0,False,Houston,27
2023-09-30,9,Notebook A4,Stationery,144,4.99,False,0,False,Phoenix,528
2023-09-30,12,Markers Pack,Stationery,103,6.99,False,0,False,New York,204
2023-09-30,12,Markers Pack,Stationery,89,6.99,False,0,False,Houston,271
2023-10-01,6,Office Chair,Furniture,10,299.99,False,0,False,Chicago,48
2023-10-01,7,Standing Desk,Furniture,6,599.99,False,0,False,Phoenix,25
2023-10-01,2,Wireless Mouse,Electronics,201,23.99,True,20,False,Houston,319
2023-10-01,5,Monitor 27inch,Electronics,14,399.99,False,0,False,Houston,36
2023-10-01,2,Wireless Mouse,Electronics,48,29.99,False,0,False,Chicago,215
2023-10-01,8,Bookshelf,Furniture,26,199.99,False,0,False,Houston,53
2023-10-02,8,Bookshelf,Furniture,26,199.99,False,0,False,Phoenix,86
2023-10-02,3,USB-C Hub,Electronics,46,49.99,False,0,False,Phoenix,174
2023-10-02,11,Printer Paper,Stationery,128,8.99,False,0,False,Houston,315
2023-10-02,3,USB-C Hub,Electronics,50,49.99,False,0,False,Phoenix,182
2023-10-02,5,Monitor 27inch,Electronics,18,399.99,False,0,False,New York,33
2023-10-02,2,Wireless Mouse,Electronics,66,29.99,False,0,False,Chicago,251
2023-10-04,4,Mechanical Keyboard,Electronics,23,149.99,False,0,False,Los Angeles,40
2023-10-04,9,Notebook A4,Stationery,200,4.99,False,0,False,Chicago,429
2023-10-04,15,Desk Lamp,Accessories,37,34.99,False,0,False,New York,164
2023-10-04,14,Water Bottle,Accessories,112,19.99,False,0,False,Houston,172
2023-10-04,3,USB-C Hub,Electronics,23,49.99,False,0,False,Los Angeles,81
2023-10-04,7,Standing Desk,Furniture,7,599.99,False,0,False,Los Angeles,29
2023-10-05,2,Wireless Mouse,Electronics,94,29.99,True,0,False,Los Angeles,267
2023-10-05,11,Printer Paper,Stationery,174,8.99,False,0,False,Los Angeles,392
2023-10-06,1,Laptop Pro 15,Electronics,12,1299.99,False,0,False,New York,19
2023-10-06,3,USB-C Hub,Electronics,48,49.99,False,0,False,New York,230
2023-10-07,14,Water Bottle,Accessories,138,19.99,False,0,False,New York,602
2023-10-07,6,Office Chair,Furniture,19,299.99,False,0,False,Houston,41
2023-10-07,12,Markers Pack,Stationery,217,6.29,True,10,False,Los Angeles,1026
2023-10-08,2,Wireless Mouse,Electronics,145,29.99,False,0,False,Houston,376
2023-10-08,7,Standing Desk,Furniture,26,449.99,True,25,False,Chicago,45
2023-10-08,13,Backpack Pro,Accessories,32,79.99,False,0,False,New York,76
2023-10-08,2,Wireless Mouse,Electronics,123,29.99,False,0,False,Chicago,488
2023-10-09,2,Wireless Mouse,Electronics,36,29.99,False,0,False,Houston,91
2023-10-09,9,Notebook A4,Stationery,240,4.99,False,0,False,Los Angeles,985
2023-10-10,13,Backpack Pro,Accessories,53,59.99,True,25,False,Los Angeles,115
2023-10-10,11,Printer Paper,Stationery,124,8.99,False,0,False,New York,606
2023-10-10,5,Monitor 27inch,Electronics,37,399.99,True,0,False,Phoenix,177
2023-10-11,2,Wireless Mouse,Electronics,114,29.99,False,0,False,New York,488
2023-10-11,12,Markers Pack,Stationery,217,6.99,False,0,False,New York,995
2023-10-11,2,Wireless Mouse,Electronics,90,29.99,False,0,False,Chicago,395
2023-10-11,12,Markers Pack,Stationery,150,6.99,False,0,False,Los Angeles,487
2023-10-11,10,Pen Set,Stationery,216,12.99,False,0,False,Chicago,845
2023-10-11,4,Mechanical Keyboard,Electronics,23,149.99,False,0,False,Los Angeles,57
2023-10-12,12,Markers Pack,Stationery,76,6.99,False,0,False,Phoenix,194
2023-10-12,10,Pen Set,Stationery,112,12.99,False,0,False,Houston,231
2023-10-12,8,Bookshelf,Furniture,11,199.99,False,0,False,Phoenix,50
2023-10-13,5,Monitor 27inch,Electronics,14,399.99,False,0,False,Houston,58
2023-10-13,5,Monitor 27inch,Electronics,32,399.99,False,0,True,Phoenix,77
2023-10-13,1,Laptop Pro 15,Electronics,8,1299.99,False,0,False,Chicago,25
2023-10-13,11,Printer Paper,Stationery,189,8.99,False,0,False,Los Angeles,871
2023-10-13,6,Office Chair,Furniture,13,299.99,False,0,False,Chicago,51
2023-10-14,12,Markers Pack,Stationery,93,6.99,False,0,False,Phoenix,242
2023-10-14,3,USB-C Hub,Electronics,79,49.99,False,0,False,Phoenix,283
2023-10-14,11,Printer Paper,Stationery,252,8.99,False,0,False,Los Angeles,1127
2023-10-14,12,Markers Pack,Stationery,109,6.99,False,0,False,Los Angeles,503
2023-10-14,1,Laptop Pro 15,Electronics,16,1299.99,False,0,False,Houston,33
2023-10-14,10,Pen Set,Stationery,239,12.99,False,0,False,Los Angeles,905
2023-10-14,14,Water Bottle,Accessories,79,19.99,False,0,False,Los Angeles,128
2023-10-15,4,Mechanical Keyboard,Electronics,33,149.99,False,0,False,Phoenix,100
2023-10-15,7,Standing Desk,Furniture,1,599.99,False,0,False,Phoenix,4
2023-10-15,14,Water Bottle,Accessories,130,19.99,False,0,False,Los Angeles,305
2023-10-15,10,Pen Set,Stationery,184,12.99,False,0,False,New York,756
2023-10-15,10,Pen Set,Stationery,172,12.99,False,0,False,New York,455
2023-10-15,6,Office Chair,Furniture,19,299.99,False,0,False,Los Angeles,42
2023-10-15,13,Backpack Pro,Accessories,45,79.99,False,0,False,Phoenix,93
2023-10-15,9,Notebook A4,Stationery,228,4.99,False,0,True,Houston,902
2023-10-15,9,Notebook A4,Stationery,249,4.99,False,0,False,New York,1224
2023-10-15,11,Printer Paper,Stationery,310,8.99,False,0,False,Los Angeles,1018
2023-10-16,2,Wireless Mouse,Electronics,105,29.99,True,0,False,Chicago,325
2023-10-16,2,Wireless Mouse,Electronics,155,29.99,True,0,False,Chicago,314
2023-10-16,11,Printer Paper,Stationery,147,8.99,False,0,False,New York,347
2023-10-16,5,Monitor 27inch,Electronics,37,319.99,True,20,False,Phoenix,132
2023-10-16,9,Notebook A4,Stationery,185,4.99,False,0,False,New York,865
2023-10-17,7,Standing Desk,Furniture,14,599.99,True,0,False,Phoenix,47
2023-10-17,11,Printer Paper,Stationery,126,8.99,False,0,False,Los Angeles,578
2023-10-17,15,Desk Lamp,Accessories,39,34.99,False,0,False,New York,117
2023-10-17,4,Mechanical Keyboard,Electronics,32,149.99,False,0,False,Los Angeles,104
2023-10-17,10,Pen Set,Stationery,246,12.99,False,0,False,Chicago,840
2023-10-18,15,Desk Lamp,Accessories,42,34.99,False,0,False,Los Angeles,202
2023-10-18,11,Printer Paper,Stationery,227,7.64,True,15,False,Los Angeles,807
2023-10-18,4,Mechanical Keyboard,Electronics,40,149.99,False,0,False,Houston,123
2023-10-18,9,Notebook A4,Stationery,339,4.74,True,5,False,Chicago,1553
2023-10-19,12,Markers Pack,Stationery,35,6.99,False,0,False,Houston,171
2023-10-19,9,Notebook A4,Stationery,200,4.24,True,15,False,Houston,661
2023-10-19,3,USB-C Hub,Electronics,37,49.99,False,0,False,Chicago,60
2023-10-19,3,USB-C Hub,Electronics,52,49.99,False,0,True,New York,147
2023-10-19,15,Desk Lamp,Accessories,74,34.99,False,0,False,New York,325
2023-10-19,14,Water Bottle,Accessories,106,19.99,False,0,False,Phoenix,250
2023-10-19,6,Office Chair,Furniture,11,299.99,False,0,False,New York,42
2023-10-19,8,Bookshelf,Furniture,20,199.99,False,0,True,Phoenix,30
2023-10-19,1,Laptop Pro 15,Electronics,8,1299.99,False,0,False,Chicago,28
2023-10-20,14,Water Bottle,Accessories,181,15.99,True,20,False,Houston,552
2023-10-20,2,Wireless Mouse,Electronics,76,29.99,False,0,False,New York,224
2023-10-20,15,Desk Lamp,Accessories,44,34.99,False,0,True,Chicago,190
2023-10-20,10,Pen Set,Stationery,339,11.04,True,15,True,Phoenix,789
2023-10-20,8,Bookshelf,Furniture,15,199.99,False,0,False,Los Angeles,26
2023-10-20,3,USB-C Hub,Electronics,59,49.99,False,0,False,Chicago,132
2023-10-20,10,Pen Set,Stationery,141,12.99,False,0,False,Houston,449
2023-10-20,9,Notebook A4,Stationery,250,4.99,False,0,False,Chicago,1063
2023-10-21,9,Notebook A4,Stationery,198,4.99,False,0,False,Chicago,506
2023-10-21,15,Desk Lamp,Accessories,67,34.99,False,0,False,Houston,263
2023-10-21,3,USB-C Hub,Electronics,76,49.99,False,0,False,Houston,274
2023-10-22,10,Pen Set,Stationery,146,12.99,False,0,False,Phoenix,726
2023-10-22,9,Notebook A4,Stationery,257,4.99,False,0,False,Chicago,846
2023-10-22,1,Laptop Pro 15,Electronics,21,974.99,True,25,False,New York,59
2023-10-23,15,Desk Lamp,Accessories,22,34.99,False,0,False,Phoenix,97
2023-10-23,2,Wireless Mouse,Electronics,59,25.49,True,15,False,Houston,112
2023-10-23,5,Monitor 27inch,Electronics,26,399.99,False,0,False,Phoenix,70
2023-10-23,3,USB-C Hub,Electronics,43,49.99,False,0,False,Phoenix,127
2023-10-23,3,USB-C Hub,Electronics,55,49.99,False,0,False,Phoenix,231
2023-10-23,2,Wireless Mouse,Electronics,66,29.99,False,0,False,Chicago,247
2023-10-23,1,Laptop Pro 15,Electronics,7,1299.99,False,0,False,Los Angeles,30
2023-10-24,9,Notebook A4,Stationery,256,4.99,False,0,False,Houston,1146
2023-10-24,1,Laptop Pro 15,Electronics,20,1169.99,True,10,False,Chicago,46
2023-10-24,6,Office Chair,Furniture,13,299.99,False,0,False,Chicago,63
2023-10-24,12,Markers Pack,Stationery,105,6.99,False,0,False,Chicago,344
2023-10-24,13,Backpack Pro,Accessories,21,79.99,True,0,True,Houston,97
2023-10-25,6,Office Chair,Furniture,13,284.99,True,5,False,Chicago,44
2023-10-25,6,Office Chair,Furniture,14,299.99,False,0,False,Chicago,28
2023-10-25,8,Bookshelf,Furniture,20,189.99,True,5,False,Chicago,76
2023-10-26,3,USB-C Hub,Electronics,55,49.99,False,0,False,Phoenix,258
2023-10-26,6,Office Chair,Furniture,15,299.99,False,0,False,Houston,63
2023-10-26,10,Pen Set,Stationery,131,12.99,False,0,False,Los Angeles,416
2023-10-26,6,Office Chair,Furniture,12,299.99,False,0,False,New York,26
2023-10-26,6,Office Chair,Furniture,16,284.99,True,5,False,New York,39
2023-10-27,5,Monitor 27inch,Electronics,26,399.99,False,0,False,Chicago,108
2023-10-27,3,USB-C Hub,Electronics,41,49.99,False,0,False,Chicago,203
2023-10-27,13,Backpack Pro,Accessories,27,79.99,False,0,False,Phoenix,42
2023-10-27,14,Water Bottle,Accessories,42,19.99,False,0,False,Phoenix,102
2023-10-27,6,Office Chair,Furniture,14,299.99,False,0,False,Chicago,55
2023-10-27,7,Standing Desk,Furniture,10,599.99,False,0,False,Los Angeles,44
2023-10-28,13,Backpack Pro,Accessories,33,79.99,False,0,False,Los Angeles,76
2023-10-28,3,USB-C Hub,Electronics,59,49.99,False,0,False,Phoenix,251
2023-10-28,4,Mechanical Keyboard,Electronics,26,149.99,False,0,False,Los Angeles,116
2023-10-28,7,Standing Desk,Furniture,12,599.99,False,0,False,Phoenix,36
2023-10-29,5,Monitor 27inch,Electronics,36,399.99,False,0,False,Phoenix,111
2023-10-29,3,USB-C Hub,Electronics,51,49.99,False,0,False,Houston,184
2023-10-29,3,USB-C Hub,Electronics,55,49.99,False,0,False,Phoenix,167
2023-10-30,15,Desk Lamp,Accessories,49,34.99,False,0,False,Phoenix,212
2023-10-30,1,Laptop Pro 15,Electronics,16,1299.99,False,0,False,Chicago,75
2023-10-30,6,Office Chair,Furniture,10,299.99,True,0,False,Phoenix,36
2023-10-30,14,Water Bottle,Accessories,171,19.99,False,0,False,Phoenix,305
2023-10-31,1,Laptop Pro 15,Electronics,15,1299.99,False,0,False,Phoenix,67
2023-10-31,6,Office Chair,Furniture,15,299.99,False,0,False,Phoenix,39
2023-11-01,2,Wireless Mouse,Electronics,156,29.99,False,0,False,Houston,687
2023-11-01,2,Wireless Mouse,Electronics,144,29.99,False,0,False,New York,430
2023-11-01,4,Mechanical Keyboard,Electronics,67,149.99,True,0,False,Chicago,285
2023-11-01,15,Desk Lamp,Accessories,87,31.49,True,10,False,Los Angeles,238
2023-11-02,9,Notebook A4,Stationery,362,4.99,False,0,False,Houston,1096
2023-11-02,1,Laptop Pro 15,Electronics,7,1299.99,False,0,False,Chicago,15
2023-11-03,7,Standing Desk,Furniture,10,599.99,False,0,False,Chicago,40
2023-11-03,8,Bookshelf,Furniture,28,189.99,True,5,False,Houston,66
2023-11-03,12,Markers Pack,Stationery,227,5.59,True,20,False,Chicago,603
2023-11-03,3,USB-C Hub,Electronics,59,49.99,False,0,False,New York,270
2023-11-03,9,Notebook A4,Stationery,249,4.99,False,0,False,Los Angeles,574
2023-11-03,2,Wireless Mouse,Electronics,172,29.99,False,0,False,Houston,570
2023-11-04,14,Water Bottle,Accessories,339,19.99,True,0,False,Los Angeles,1055
2023-11-04,9,Notebook A4,Stationery,368,4.24,True,15,False,Phoenix,1354
2023-11-04,5,Monitor 27inch,Electronics,41,399.99,False,0,False,Phoenix,119
2023-11-04,8,Bookshelf,Furniture,33,199.99,False,0,False,Phoenix,146
2023-11-04,4,Mechanical Keyboard,Electronics,50,127.49,True,15,False,Houston,90
2023-11-05,14,Water Bottle,Accessories,195,19.99,False,0,False,Houston,969
2023-11-05,6,Office Chair,Furniture,24,299.99,False,0,False,New York,55
2023-11-05,9,Notebook A4,Stationery,217,4.99,False,0,False,Los Angeles,683
2023-11-05,8,Bookshelf,Furniture,27,199.99,False,0,False,Houston,127
2023-11-05,3,USB-C Hub,Electronics,94,49.99,False,0,False,Houston,397
2023-11-05,4,Mechanical Keyboard,Electronics,72,149.99,False,0,False,Houston,120
2023-11-05,8,Bookshelf,Furniture,23,199.99,False,0,False,New York,62
2023-11-05,15,Desk Lamp,Accessories,47,34.99,False,0,False,Houston,75
2023-11-06,7,Standing Desk,Furniture,6,599.99,False,0,False,Houston,9
2023-11-06,4,Mechanical Keyboard,Electronics,91,119.99,True,20,False,Phoenix,204
2023-11-06,12,Markers Pack,Stationery,153,6.99,False,0,False,Chicago,592
2023-11-06,13,Backpack Pro,Accessories,38,79.99,False,0,False,Chicago,163
2023-11-07,10,Pen Set,Stationery,296,12.99,False,0,False,Chicago,1441
2023-11-07,5,Monitor 27inch,Electronics,23,399.99,False,0,False,Houston,46
2023-11-07,15,Desk Lamp,Accessories,60,34.99,False,0,False,Los Angeles,128
2023-11-07,4,Mechanical Keyboard,Electronics,51,149.99,False,0,False,New York,228
2023-11-08,11,Printer Paper,Stationery,330,8.99,False,0,False,Phoenix,1258
2023-11-08,9,Notebook A4,Stationery,320,3.99,True,20,False,Los Angeles,1428
2023-11-08,11,Printer Paper,Stationery,267,8.99,False,0,False,Chicago,623
2023-11-08,13,Backpack Pro,Accessories,44,79.99,False,0,False,Houston,148
2023-11-08,10,Pen Set,Stationery,286,12.99,False,0,False,New York,1129
2023-11-09,1,Laptop Pro 15,Electronics,26,1299.99,False,0,False,Los Angeles,43
2023-11-09,2,Wireless Mouse,Electronics,76,25.49,True,15,False,Phoenix,163
2023-11-09,7,Standing Desk,Furniture,9,599.99,False,0,False,Houston,32
2023-11-09,13,Backpack Pro,Accessories,71,75.99,True,5,False,Phoenix,164
2023-11-09,4,Mechanical Keyboard,Electronics,36,149.99,False,0,False,Chicago,151
2023-11-09,10,Pen Set,Stationery,323,12.99,False,0,False,Houston,1426
2023-11-10,10,Pen Set,Stationery,197,12.99,False,0,False,New York,533
2023-11-10,10,Pen Set,Stationery,263,12.99,False,0,False,Houston,702
2023-11-10,4,Mechanical Keyboard,Electronics,102,134.99,True,10,True,Houston,268
2023-11-10,3,USB-C Hub,Electronics,71,49.99,False,0,False,Los Angeles,219
2023-11-10,11,Printer Paper,Stationery,264,8.99,False,0,False,Chicago,783
2023-11-10,1,Laptop Pro 15,Electronics,17,1299.99,False,0,False,Chicago,54
2023-11-10,8,Bookshelf,Furniture,32,199.99,False,0,False,New York,66
2023-11-11,6,Office Chair,Furniture,18,299.99,False,0,False,Phoenix,76
2023-11-11,3,USB-C Hub,Electronics,88,49.99,False,0,False,Chicago,346
2023-11-11,11,Printer Paper,Stationery,215,8.99,False,0,False,Chicago,829
2023-11-11,13,Backpack Pro,Accessories,48,79.99,False,0,False,Phoenix,78
2023-11-11,6,Office Chair,Furniture,25,299.99,False,0,False,Houston,117
2023-11-11,13,Backpack Pro,Accessories,91,79.99,False,0,False,New York,313
2023-11-12,15,Desk Lamp,Accessories,48,34.99,False,0,False,Phoenix,89
2023-11-12,7,Standing Desk,Furniture,17,599.99,False,0,False,Los Angeles,83
2023-11-12,5,Monitor 27inch,Electronics,34,399.99,False,0,False,Houston,86
2023-11-12,1,Laptop Pro 15,Electronics,37,1299.99,False,0,False,Chicago,92
2023-11-12,8,Bookshelf,Furniture,9,149.99,True,25,False,New York,14
2023-11-13,12,Markers Pack,Stationery,318,6.99,False,0,False,Los Angeles,1004
2023-11-13,3,USB-C Hub,Electronics,47,49.99,False,0,False,Los Angeles,171
2023-11-14,13,Backpack Pro,Accessories,53,79.99,False,0,False,Houston,228
2023-11-14,13,Backpack Pro,Accessories,43,79.99,False,0,False,Phoenix,103
2023-11-14,9,Notebook A4,Stationery,350,4.99,False,0,False,Phoenix,706
2023-11-14,13,Backpack Pro,Accessories,31,79.99,False,0,False,Houston,64
2023-11-14,4,Mechanical Keyboard,Electronics,60,149.99,False,0,False,Los Angeles,245
2023-11-15,5,Monitor 27inch,Electronics,25,399.99,False,0,False,New York,72
2023-11-15,4,Mechanical Keyboard,Electronics,94,119.99,True,20,False,Chicago,226
2023-11-15,1,Laptop Pro 15,Electronics,30,1299.99,False,0,False,Los Angeles,61
2023-11-15,2,Wireless Mouse,Electronics,162,29.99,False,0,False,Phoenix,577
2023-11-15,10,Pen Set,Stationery,264,12.99,False,0,False,New York,784
2023-11-15,8,Bookshelf,Furniture,20,199.99,False,0,False,New York,32
2023-11-15,13,Backpack Pro,Accessories,23,79.99,False,0,False,New York,72
2023-11-15,13,Backpack Pro,Accessories,34,79.99,False,0,False,Houston,137
2023-11-15,15,Desk Lamp,Accessories,46,34.99,False,0,False,New York,124
2023-11-16,12,Markers Pack,Stationery,190,6.99,False,0,True,Phoenix,313
2023-11-16,12,Markers Pack,Stationery,68,5.94,True,15,False,Phoenix,205
2023-11-16,1,Laptop Pro 15,Electronics,21,1299.99,False,0,False,Houston,44
2023-11-16,9,Notebook A4,Stationery,289,4.99,False,0,False,Phoenix,1074
2023-11-16,15,Desk Lamp,Accessories,65,34.99,False,0,False,Phoenix,180
2023-11-16,13,Backpack Pro,Accessories,25,79.99,False,0,False,Houston,92
2023-11-16,14,Water Bottle,Accessories,174,19.99,False,0,False,Los Angeles,822
2023-11-17,13,Backpack Pro,Accessories,33,79.99,False,0,False,Chicago,69
2023-11-17,7,Standing Desk,Furniture,3,599.99,False,0,False,Phoenix,5
2023-11-17,5,Monitor 27inch,Electronics,26,399.99,False,0,True,Phoenix,109
2023-11-18,6,Office Chair,Furniture,26,299.99,False,0,False,Houston,117
2023-11-18,14,Water Bottle,Accessories,260,19.99,False,0,False,Houston,578
2023-11-18,12,Markers Pack,Stationery,229,6.99,False,0,False,Phoenix,1015
2023-11-19,1,Laptop Pro 15,Electronics,34,1169.99,True,10,False,Phoenix,108
2023-11-19,11,Printer Paper,Stationery,468,8.99,False,0,False,Chicago,1502
2023-11-19,2,Wireless Mouse,Electronics,137,29.99,False,0,False,Chicago,265
2023-11-19,12,Markers Pack,Stationery,157,6.99,False,0,False,Chicago,636
2023-11-20,7,Standing Desk,Furniture,16,599.99,False,0,False,Phoenix,72
2023-11-20,2,Wireless Mouse,Electronics,109,26.99,True,10,False,Los Angeles,270
2023-11-20,12,Markers Pack,Stationery,320,6.99,False,0,True,Los Angeles,920
2023-11-20,13,Backpack Pro,Accessories,79,59.99,True,25,False,Chicago,315
2023-11-20,7,Standing Desk,Furniture,15,599.99,False,0,False,Houston,55
2023-11-21,12,Markers Pack,Stationery,205,6.99,False,0,False,Houston,584
2023-11-21,7,Standing Desk,Furniture,5,599.99,False,0,False,Houston,22
2023-11-21,8,Bookshelf,Furniture,18,199.99,False,0,False,Los Angeles,79
2023-11-21,12,Markers Pack,Stationery,230,6.99,False,0,False,Houston,731
2023-11-21,9,Notebook A4,Stationery,276,3.74,True,25,False,Houston,1219
2023-11-21,9,Notebook A4,Stationery,341,4.99,False,0,False,Houston,673
2023-11-21,8,Bookshelf,Furniture,11,199.99,False,0,False,Phoenix,46
2023-11-21,14,Water Bottle,Accessories,144,19.99,False,0,False,Chicago,719
2023-11-21,14,Water Bottle,Accessories,155,19.99,False,0,False,Chicago,430
2023-11-22,8,Bookshelf,Furniture,49,189.99,True,5,True,New York,194
2023-11-22,10,Pen Set,Stationery,232,12.99,False,0,False,Phoenix,412
2023-11-22,10,Pen Set,Stationery,208,12.99,False,0,False,Houston,491
2023-11-22,11,Printer Paper,Stationery,316,8.99,False,0,True,Houston,1240
2023-11-22,6,Office Chair,Furniture,26,299.99,False,0,False,New York,122
2023-11-22,7,Standing Desk,Furniture,10,599.99,False,0,False,Los Angeles,37
2023-11-22,11,Printer Paper,Stationery,250,8.09,True,10,False,Houston,694
2023-11-23,5,Monitor 27inch,Electronics,31,399.99,False,0,False,Phoenix,54
2023-11-23,7,Standing Desk,Furniture,17,479.99,True,20,False,Los Angeles,40
2023-11-23,13,Backpack Pro,Accessories,26,79.99,False,0,False,Chicago,85
2023-11-24,12,Markers Pack,Stationery,105,6.99,False,0,False,Chicago,415
2023-11-24,4,Mechanical Keyboard,Electronics,27,149.99,False,0,False,Los Angeles,65
2023-11-24,13,Backpack Pro,Accessories,43,79.99,True,0,False,Phoenix,207
2023-11-24,2,Wireless Mouse,Electronics,89,29.99,False,0,False,Los Angeles,370
2023-11-24,15,Desk Lamp,Accessories,56,34.99,False,0,False,Houston,198
2023-11-24,13,Backpack Pro,Accessories,47,79.99,False,0,False,New York,156
2023-11-25,2,Wireless Mouse,Electronics,117,29.99,False,0,False,Phoenix,383
2023-11-25,7,Standing Desk,Furniture,16,599.99,False,0,False,Chicago,73
2023-11-25,7,Standing Desk,Furniture,17,599.99,False,0,False,New York,26
2023-11-25,8,Bookshelf,Furniture,44,199.99,False,0,False,Houston,160
2023-11-25,13,Backpack Pro,Accessories,37,79.99,False,0,False,Los Angeles,177
2023-11-25,6,Office Chair,Furniture,43,269.99,True,10,False,New York,121
2023-11-26,9,Notebook A4,Stationery,324,4.99,False,0,False,Chicago,1614
2023-11-26,5,Monitor 27inch,Electronics,39,399.99,False,0,False,Chicago,180
2023-11-26,13,Backpack Pro,Accessories,65,79.99,False,0,False,Chicago,122
2023-11-26,4,Mechanical Keyboard,Electronics,86,149.99,False,0,False,New York,344
2023-11-26,5,Monitor 27inch,Electronics,44,399.99,False,0,False,Chicago,204
2023-11-27,8,Bookshelf,Furniture,31,199.99,False,0,False,Chicago,154
2023-11-27,10,Pen Set,Stationery,257,12.99,False,0,False,Houston,719
2023-11-27,3,USB-C Hub,Electronics,58,49.99,False,0,False,Phoenix,249
2023-11-27,12,Markers Pack,Stationery,206,6.99,False,0,False,Los Angeles,975
2023-11-27,12,Markers Pack,Stationery,302,6.99,False,0,True,Los Angeles,1219
2023-11-28,7,Standing Desk,Furniture,12,599.99,False,0,False,New York,23
2023-11-28,7,Standing Desk,Furniture,8,599.99,False,0,False,Los Angeles,13
2023-11-29,6,Office Chair,Furniture,20,299.99,False,0,False,Los Angeles,77
2023-11-29,14,Water Bottle,Accessories,166,19.99,False,0,False,Chicago,720
2023-11-29,8,Bookshelf,Furniture,31,199.99,False,0,False,Chicago,95
2023-11-29,8,Bookshelf,Furniture,17,199.99,False,0,False,Houston,84
2023-11-29,15,Desk Lamp,Accessories,68,34.99,False,0,False,New York,222
2023-11-29,13,Backpack Pro,Accessories,9,79.99,True,0,False,Phoenix,33
2023-11-30,2,Wireless Mouse,Electronics,114,29.99,False,0,False,Houston,211
2023-11-30,6,Office Chair,Furniture,19,299.99,False,0,False,Chicago,40
2023-12-01,3,USB-C Hub,Electronics,61,49.99,False,0,False,Houston,267
2023-12-01,9,Notebook A4,Stationery,292,4.99,False,0,False,Los Angeles,642
2023-12-01,5,Monitor 27inch,Electronics,42,399.99,False,0,False,Phoenix,143
2023-12-01,8,Bookshelf,Furniture,28,199.99,False,0,False,Houston,86
2023-12-01,14,Water Bottle,Accessories,129,19.99,False,0,False,New York,557
2023-12-02,2,Wireless Mouse,Electronics,255,26.99,True,10,False,Chicago,765
2023-12-02,13,Backpack Pro,Accessories,47,79.99,False,0,False,Chicago,164
2023-12-02,14,Water Bottle,Accessories,244,19.99,False,0,False,Phoenix,781
2023-12-02,10,Pen Set,Stationery,203,12.99,False,0,False,Phoenix,601
2023-12-02,6,Office Chair,Furniture,20,299.99,False,0,False,Phoenix,40
2023-12-02,15,Desk Lamp,Accessories,86,34.99,False,0,False,Houston,177
2023-12-03,8,Bookshelf,Furniture,33,199.99,False,0,False,Los Angeles,67
2023-12-03,8,Bookshelf,Furniture,21,189.99,True,5,False,New York,60
2023-12-03,8,Bookshelf,Furniture,12,199.99,False,0,False,Los Angeles,26
2023-12-03,5,Monitor 27inch,Electronics,59,399.99,False,0,False,Chicago,284
2023-12-03,1,Laptop Pro 15,Electronics,21,1299.99,False,0,False,Houston,43
2023-12-03,13,Backpack Pro,Accessories,40,79.99,False,0,False,Chicago,87
2023-12-03,4,Mechanical Keyboard,Electronics,58,149.99,False,0,True,Phoenix,98
2023-12-03,6,Office Chair,Furniture,20,299.99,False,0,False,Phoenix,37
2023-12-04,9,Notebook A4,Stationery,273,4.99,False,0,False,Phoenix,1310
2023-12-04,3,USB-C Hub,Electronics,90,49.99,False,0,False,Chicago,271
2023-12-04,3,USB-C Hub,Electronics,36,49.99,False,0,False,Chicago,107
2023-12-04,13,Backpack Pro,Accessories,38,79.99,False,0,False,Phoenix,69
2023-12-04,7,Standing Desk,Furniture,13,599.99,False,0,False,Phoenix,61
2023-12-05,8,Bookshelf,Furniture,29,199.99,True,0,False,Houston,100
2023-12-05,4,Mechanical Keyboard,Electronics,42,149.99,False,0,False,New York,65
2023-12-06,3,USB-C Hub,Electronics,79,49.99,False,0,False,Chicago,270
2023-12-06,4,Mechanical Keyboard,Electronics,14,149.99,False,0,False,New York,40
2023-12-06,12,Markers Pack,Stationery,280,5.24,True,25,False,Phoenix,492
2023-12-06,6,Office Chair,Furniture,9,299.99,False,0,False,Chicago,20
2023-12-07,10,Pen Set,Stationery,259,12.99,False,0,False,Chicago,857
2023-12-07,6,Office Chair,Furniture,21,299.99,False,0,False,Houston,58
2023-12-07,8,Bookshelf,Furniture,29,199.99,False,0,False,Phoenix,138
2023-12-07,14,Water Bottle,Accessories,159,19.99,False,0,False,Los Angeles,328
2023-12-08,5,Monitor 27inch,Electronics,31,399.99,True,0,False,Chicago,107
2023-12-08,11,Printer Paper,Stationery,297,8.99,False,0,False,Phoenix,1429
2023-12-08,15,Desk Lamp,Accessories,71,34.99,False,0,False,Houston,223
2023-12-09,13,Backpack Pro,Accessories,40,79.99,False,0,False,Houston,188
2023-12-09,6,Office Chair,Furniture,24,299.99,False,0,False,New York,45
2023-12-09,10,Pen Set,Stationery,206,12.99,True,0,False,Los Angeles,490
2023-12-09,1,Laptop Pro 15,Electronics,24,1299.99,False,0,False,Houston,115
2023-12-09,14,Water Bottle,Accessories,75,19.99,False,0,False,Chicago,194
2023-12-09,5,Monitor 27inch,Electronics,39,399.99,False,0,False,Houston,122
2023-12-09,12,Markers Pack,Stationery,380,6.99,True,0,False,New York,1470
2023-12-10,11,Printer Paper,Stationery,158,8.99,False,0,False,Houston,655
2023-12-10,3,USB-C Hub,Electronics,117,49.99,False,0,False,New York,203
2023-12-10,12,Markers Pack,Stationery,306,6.99,False,0,False,Houston,915
2023-12-10,3,USB-C Hub,Electronics,75,49.99,False,0,False,Chicago,352
2023-12-10,14,Water Bottle,Accessories,385,19.99,True,0,False,Los Angeles,1859
2023-12-10,6,Office Chair,Furniture,21,299.99,False,0,False,Houston,77
2023-12-10,4,Mechanical Keyboard,Electronics,53,149.99,False,0,False,Phoenix,239
2023-12-10,3,USB-C Hub,Electronics,125,49.99,False,0,False,Houston,604
2023-12-10,1,Laptop Pro 15,Electronics,34,1299.99,True,0,False,Chicago,140
2023-12-11,15,Desk Lamp,Accessories,81,34.99,False,0,False,Los Angeles,389
2023-12-12,12,Markers Pack,Stationery,107,6.99,False,0,False,Phoenix,328
2023-12-12,9,Notebook A4,Stationery,413,4.49,True,10,False,Chicago,1095
2023-12-12,15,Desk Lamp,Accessories,56,34.99,False,0,False,Houston,237
2023-12-12,9,Notebook A4,Stationery,324,4.99,False,0,False,New York,1084
2023-12-12,9,Notebook A4,Stationery,394,4.99,False,0,False,Los Angeles,1670
2023-12-12,14,Water Bottle,Accessories,122,19.99,False,0,False,New York,185
2023-12-13,11,Printer Paper,Stationery,188,8.99,False,0,True,Chicago,292
2023-12-14,14,Water Bottle,Accessories,175,19.99,False,0,False,New York,779
2023-12-14,8,Bookshelf,Furniture,23,199.99,False,0,False,New York,67
2023-12-14,15,Desk Lamp,Accessories,97,34.99,False,0,False,Houston,466
2023-12-14,13,Backpack Pro,Accessories,52,79.99,False,0,False,New York,248
2023-12-14,1,Laptop Pro 15,Electronics,25,1299.99,False,0,False,New York,54
2023-12-14,5,Monitor 27inch,Electronics,32,399.99,False,0,False,Houston,65
2023-12-15,12,Markers Pack,Stationery,47,6.99,False,0,False,Los Angeles,158
2023-12-15,9,Notebook A4,Stationery,263,4.99,False,0,False,Houston,650
2023-12-15,10,Pen Set,Stationery,147,12.99,False,0,False,Chicago,429
2023-12-15,11,Printer Paper,Stationery,243,8.99,False,0,True,Los Angeles,1197
2023-12-16,9,Notebook A4,Stationery,510,4.99,False,0,False,Phoenix,1214
2023-12-16,8,Bookshelf,Furniture,40,199.99,False,0,False,Phoenix,160
2023-12-16,5,Monitor 27inch,Electronics,19,399.99,False,0,False,Chicago,49
2023-12-16,15,Desk Lamp,Accessories,175,31.49,True,10,False,New York,715
2023-12-16,7,Standing Desk,Furniture,18,599.99,False,0,False,New York,44
2023-12-17,9,Notebook A4,Stationery,322,4.99,False,0,False,Chicago,1028
2023-12-17,2,Wireless Mouse,Electronics,160,29.99,False,0,False,Houston,597
2023-12-17,11,Printer Paper,Stationery,530,8.99,False,0,False,New York,2512
2023-12-17,2,Wireless Mouse,Electronics,296,26.99,True,10,False,Phoenix,991
2023-12-18,10,Pen Set,Stationery,220,12.99,False,0,False,Los Angeles,368
2023-12-18,1,Laptop Pro 15,Electronics,15,1299.99,False,0,False,New York,68
2023-12-18,10,Pen Set,Stationery,144,12.99,False,0,False,New York,545
2023-12-18,11,Printer Paper,Stationery,298,8.99,False,0,False,Los Angeles,1188
2023-12-18,14,Water Bottle,Accessories,97,19.99,False,0,False,Chicago,175
2023-12-18,12,Markers Pack,Stationery,247,6.99,False,0,False,Los Angeles,1161
2023-12-19,10,Pen Set,Stationery,309,12.99,False,0,False,Los Angeles,1173
2023-12-19,14,Water Bottle,Accessories,319,17.99,True,10,False,Phoenix,1509
2023-12-19,5,Monitor 27inch,Electronics,19,399.99,False,0,False,Chicago,87
2023-12-20,1,Laptop Pro 15,Electronics,23,1299.99,False,0,False,Chicago,84
2023-12-20,14,Water Bottle,Accessories,196,19.99,False,0,False,New York,691
2023-12-21,8,Bookshelf,Furniture,23,199.99,False,0,False,Los Angeles,112
2023-12-21,5,Monitor 27inch,Electronics,36,399.99,True,0,False,New York,116
2023-12-21,6,Office Chair,Furniture,29,299.99,True,0,False,New York,130
2023-12-21,14,Water Bottle,Accessories,145,19.99,False,0,False,Chicago,660
2023-12-21,12,Markers Pack,Stationery,129,6.99,False,0,False,New York,335
2023-12-21,13,Backpack Pro,Accessories,46,79.99,False,0,False,Chicago,135
2023-12-21,11,Printer Paper,Stationery,397,8.99,False,0,False,Los Angeles,1727
2023-12-22,11,Printer Paper,Stationery,303,8.99,False,0,False,Houston,698
2023-12-22,5,Monitor 27inch,Electronics,45,399.99,True,0,False,Chicago,166
2023-12-22,7,Standing Desk,Furniture,15,599.99,False,0,False,Chicago,65
2023-12-22,5,Monitor 27inch,Electronics,39,399.99,False,0,False,New York,140
2023-12-22,8,Bookshelf,Furniture,17,199.99,False,0,False,Chicago,59
2023-12-22,9,Notebook A4,Stationery,469,4.74,True,5,False,Phoenix,940
2023-12-22,8,Bookshelf,Furniture,20,199.99,False,0,False,Chicago,74
2023-12-22,2,Wireless Mouse,Electronics,107,29.99,False,0,False,Phoenix,300
2023-12-23,9,Notebook A4,Stationery,427,4.99,False,0,False,Houston,988
2023-12-23,13,Backpack Pro,Accessories,58,79.99,False,0,False,Los Angeles,252
2023-12-23,7,Standing Desk,Furniture,15,599.99,False,0,True,Houston,41
2023-12-24,13,Backpack Pro,Accessories,42,79.99,False,0,False,Los Angeles,144
2023-12-24,11,Printer Paper,Stationery,495,8.99,False,0,False,Chicago,1997
2023-12-24,6,Office Chair,Furniture,35,299.99,False,0,False,Phoenix,105
2023-12-24,14,Water Bottle,Accessories,277,19.99,False,0,False,New York,905
2023-12-24,1,Laptop Pro 15,Electronics,32,1299.99,False,0,False,Phoenix,124
2023-12-25,2,Wireless Mouse,Electronics,114,29.99,False,0,False,Houston,566
2023-12-25,12,Markers Pack,Stationery,156,6.99,False,0,False,Houston,662
2023-12-25,9,Notebook A4,Stationery,794,4.74,True,5,True,Phoenix,2081
2023-12-26,14,Water Bottle,Accessories,172,19.99,False,0,False,Los Angeles,804
2023-12-26,12,Markers Pack,Stationery,188,6.99,False,0,False,Los Angeles,837
2023-12-26,11,Printer Paper,Stationery,302,8.99,False,0,False,Chicago,1194
2023-12-26,4,Mechanical Keyboard,Electronics,70,134.99,True,10,False,Los Angeles,194
2023-12-26,3,USB-C Hub,Electronics,69,47.49,True,5,False,New York,233
2023-12-26,4,Mechanical Keyboard,Electronics,45,149.99,False,0,False,Los Angeles,147
2023-12-27,8,Bookshelf,Furniture,19,199.99,False,0,False,Phoenix,93
2023-12-27,10,Pen Set,Stationery,296,12.99,False,0,False,Phoenix,1024
2023-12-27,7,Standing Desk,Furniture,16,599.99,False,0,False,Houston,64
2023-12-27,4,Mechanical Keyboard,Electronics,62,149.99,False,0,False,Houston,226
2023-12-27,8,Bookshelf,Furniture,25,199.99,False,0,False,New York,79
2023-12-27,8,Bookshelf,Furniture,29,199.99,True,0,False,Houston,49
2023-12-28,15,Desk Lamp,Accessories,85,34.99,False,0,False,New York,173
2023-12-28,12,Markers Pack,Stationery,116,6.99,True,0,False,Los Angeles,308
2023-12-28,2,Wireless Mouse,Electronics,65,29.99,False,0,False,New York,206
2023-12-29,12,Markers Pack,Stationery,241,6.99,False,0,False,Los Angeles,493
2023-12-29,6,Office Chair,Furniture,18,299.99,False,0,False,Houston,28
2023-12-29,10,Pen Set,Stationery,124,12.99,False,0,False,Houston,514
2023-12-29,8,Bookshelf,Furniture,11,149.99,True,25,False,Houston,20
2023-12-30,10,Pen Set,Stationery,389,12.99,False,0,False,Chicago,1062
2023-12-30,12,Markers Pack,Stationery,209,6.99,False,0,False,Houston,640
2023-12-30,2,Wireless Mouse,Electronics,137,29.99,False,0,False,New York,397
2023-12-31,11,Printer Paper,Stationery,349,8.99,False,0,False,New York,1319
2023-12-31,7,Standing Desk,Furniture,14,599.99,False,0,False,Chicago,40
2023-12-31,13,Backpack Pro,Accessories,57,79.99,False,0,False,New York,217
2023-12-31,9,Notebook A4,Stationery,349,4.99,False,0,False,New York,825
2024-01-01,8,Bookshelf,Furniture,9,199.99,False,0,False,Los Angeles,27
2024-01-01,11,Printer Paper,Stationery,134,8.99,False,0,False,Chicago,309
2024-01-01,7,Standing Desk,Furniture,7,599.99,False,0,False,New York,18
2024-01-01,7,Standing Desk,Furniture,8,599.99,False,0,False,Chicago,34
2024-01-01,8,Bookshelf,Furniture,7,199.99,False,0,False,New York,24
2024-01-02,15,Desk Lamp,Accessories,41,34.99,False,0,False,Los Angeles,115
2024-01-02,4,Mechanical Keyboard,Electronics,20,149.99,False,0,False,Los Angeles,32
2024-01-02,12,Markers Pack,Stationery,83,6.99,False,0,False,Houston,178
2024-01-02,1,Laptop Pro 15,Electronics,5,1299.99,False,0,False,Chicago,10
2024-01-02,3,USB-C Hub,Electronics,55,49.99,False,0,False,Phoenix,239
2024-01-02,13,Backpack Pro,Accessories,32,79.99,False,0,False,Los Angeles,89
2024-01-03,10,Pen Set,Stationery,132,12.99,False,0,False,Los Angeles,344
2024-01-03,6,Office Chair,Furniture,8,299.99,False,0,False,Los Angeles,30
2024-01-03,12,Markers Pack,Stationery,97,6.99,False,0,False,Chicago,458
2024-01-03,3,USB-C Hub,Electronics,27,49.99,False,0,False,New York,64
2024-01-03,13,Backpack Pro,Accessories,25,79.99,False,0,False,Chicago,78
2024-01-04,14,Water Bottle,Accessories,58,19.99,False,0,False,Los Angeles,178
2024-01-04,11,Printer Paper,Stationery,223,8.99,False,0,False,Los Angeles,869
2024-01-04,9,Notebook A4,Stationery,115,4.99,False,0,False,New York,317
2024-01-05,12,Markers Pack,Stationery,103,6.99,False,0,False,Houston,258
2024-01-05,9,Notebook A4,Stationery,198,4.99,False,0,False,Houston,741
2024-01-05,1,Laptop Pro 15,Electronics,12,1299.99,False,0,False,Chicago,46
2024-01-05,9,Notebook A4,Stationery,148,4.99,False,0,False,Phoenix,593
2024-01-06,1,Laptop Pro 15,Electronics,16,1299.99,False,0,False,Los Angeles,66
2024-01-06,14,Water Bottle,Accessories,151,19.99,False,0,False,New York,366
2024-01-07,14,Water Bottle,Accessories,78,19.99,False,0,False,Houston,347
2024-01-07,14,Water Bottle,Accessories,142,19.99,False,0,False,Phoenix,237
2024-01-07,5,Monitor 27inch,Electronics,12,399.99,False,0,False,Houston,28
2024-01-07,2,Wireless Mouse,Electronics,73,29.99,False,0,False,Chicago,203
2024-01-07,5,Monitor 27inch,Electronics,30,399.99,False,0,False,Houston,49
2024-01-07,15,Desk Lamp,Accessories,58,34.99,False,0,False,New York,145
2024-01-07,6,Office Chair,Furniture,18,224.99,True,25,False,New York,83
2024-01-07,12,Markers Pack,Stationery,108,6.99,False,0,False,New York,256
2024-01-08,2,Wireless Mouse,Electronics,40,29.99,False,0,False,Phoenix,157
2024-01-08,11,Printer Paper,Stationery,227,8.09,True,10,False,Chicago,947
2024-01-08,8,Bookshelf,Furniture,17,199.99,False,0,False,Chicago,74
2024-01-08,8,Bookshelf,Furniture,9,149.99,True,25,False,Chicago,40
2024-01-08,1,Laptop Pro 15,Electronics,13,1299.99,False,0,False,Phoenix,53
2024-01-08,6,Office Chair,Furniture,9,299.99,False,0,False,Los Angeles,14
2024-01-09,7,Standing Desk,Furniture,7,599.99,False,0,True,Chicago,12
2024-01-09,10,Pen Set,Stationery,142,12.99,False,0,False,Los Angeles,571
2024-01-10,5,Monitor 27inch,Electronics,25,399.99,False,0,False,Los Angeles,61
2024-01-10,2,Wireless Mouse,Electronics,59,29.99,False,0,False,New York,197
2024-01-10,2,Wireless Mouse,Electronics,45,29.99,False,0,False,Los Angeles,95
2024-01-11,12,Markers Pack,Stationery,70,6.99,False,0,False,Houston,133
2024-01-11,14,Water Bottle,Accessories,88,19.99,False,0,False,New York,142
2024-01-11,5,Monitor 27inch,Electronics,20,399.99,False,0,False,New York,49
2024-01-12,10,Pen Set,Stationery,40,12.99,False,0,False,New York,145
2024-01-12,9,Notebook A4,Stationery,243,4.99,False,0,False,Chicago,652
2024-01-13,7,Standing Desk,Furniture,11,599.99,False,0,False,New York,32
2024-01-13,8,Bookshelf,Furniture,21,199.99,False,0,False,Houston,83
2024-01-13,15,Desk Lamp,Accessories,68,34.99,False,0,False,Los Angeles,174
2024-01-14,11,Printer Paper,Stationery,149,8.99,False,0,False,Phoenix,593
2024-01-14,2,Wireless Mouse,Electronics,133,28.49,True,5,False,Houston,369
2024-01-14,8,Bookshelf,Furniture,16,199.99,False,0,False,Los Angeles,64
2024-01-14,3,USB-C Hub,Electronics,46,49.99,False,0,False,New York,133
2024-01-14,4,Mechanical Keyboard,Electronics,30,149.99,False,0,False,Los Angeles,113
2024-01-15,12,Markers Pack,Stationery,95,6.99,False,0,False,Los Angeles,428
2024-01-15,9,Notebook A4,Stationery,165,4.99,False,0,False,Houston,379
2024-01-15,9,Notebook A4,Stationery,144,4.99,False,0,False,Los Angeles,427
2024-01-16,8,Bookshelf,Furniture,11,199.99,False,0,False,New York,26
2024-01-16,3,USB-C Hub,Electronics,41,49.99,False,0,False,Phoenix,182
2024-01-16,6,Office Chair,Furniture,13,299.99,False,0,False,New York,31
2024-01-17,12,Markers Pack,Stationery,90,6.99,False,0,False,Houston,187
2024-01-17,9,Notebook A4,Stationery,158,4.99,False,0,False,Los Angeles,583
2024-01-17,14,Water Bottle,Accessories,109,19.99,False,0,False,Houston,469
2024-01-17,15,Desk Lamp,Accessories,30,34.99,False,0,False,Los Angeles,75
2024-01-17,1,Laptop Pro 15,Electronics,11,1299.99,False,0,False,Chicago,39
2024-01-17,10,Pen Set,Stationery,87,12.99,False,0,False,Houston,419
2024-01-18,2,Wireless Mouse,Electronics,23,29.99,False,0,False,Houston,93
2024-01-18,9,Notebook A4,Stationery,34,4.99,False,0,False,New York,67
2024-01-18,2,Wireless Mouse,Electronics,31,29.99,False,0,False,Chicago,129
2024-01-19,12,Markers Pack,Stationery,133,6.99,False,0,False,Chicago,378
2024-01-19,10,Pen Set,Stationery,170,12.99,False,0,False,Phoenix,632
2024-01-19,2,Wireless Mouse,Electronics,92,29.99,False,0,True,New York,335
2024-01-19,12,Markers Pack,Stationery,77,6.99,False,0,False,Los Angeles,206
2024-01-19,6,Office Chair,Furniture,10,299.99,False,0,False,Phoenix,36
2024-01-20,12,Markers Pack,Stationery,136,6.99,False,0,False,Phoenix,640
2024-01-20,6,Office Chair,Furniture,9,299.99,False,0,False,Phoenix,21
2024-01-20,7,Standing Desk,Furniture,7,599.99,False,0,False,Houston,20
2024-01-21,11,Printer Paper,Stationery,201,8.99,False,0,False,Los Angeles,493
2024-01-21,6,Office Chair,Furniture,7,299.99,False,0,False,Los Angeles,15
2024-01-21,8,Bookshelf,Furniture,19,199.99,False,0,False,Houston,45
2024-01-21,15,Desk Lamp,Accessories,62,34.99,False,0,False,Houston,169
2024-01-21,2,Wireless Mouse,Electronics,54,29.99,False,0,False,New York,166
2024-01-21,4,Mechanical Keyboard,Electronics,38,149.99,False,0,False,New York,143
2024-01-22,11,Printer Paper,Stationery,227,8.99,False,0,False,Chicago,809
2024-01-22,3,USB-C Hub,Electronics,60,42.49,True,15,False,Los Angeles,194
2024-01-22,14,Water Bottle,Accessories,113,19.99,False,0,False,Phoenix,440
2024-01-22,12,Markers Pack,Stationery,89,5.59,True,20,False,Los Angeles,417
2024-01-22,8,Bookshelf,Furniture,10,199.99,False,0,False,Houston,44
2024-01-22,15,Desk Lamp,Accessories,59,33.24,True,5,False,Los Angeles,217
2024-01-22,2,Wireless Mouse,Electronics,58,29.99,False,0,False,Phoenix,273
2024-01-23,6,Office Chair,Furniture,14,299.99,False,0,False,Chicago,54
2024-01-23,7,Standing Desk,Furniture,7,599.99,False,0,False,Los Angeles,34
2024-01-23,10,Pen Set,Stationery,101,12.99,False,0,False,Chicago,407
2024-01-23,10,Pen Set,Stationery,98,12.99,False,0,False,New York,443
2024-01-24,8,Bookshelf,Furniture,14,199.99,False,0,False,Los Angeles,60
2024-01-24,4,Mechanical Keyboard,Electronics,31,149.99,False,0,False,New York,78
2024-01-24,11,Printer Paper,Stationery,103,8.99,False,0,False,Chicago,487
2024-01-24,4,Mechanical Keyboard,Electronics,19,149.99,False,0,False,Los Angeles,33
2024-01-24,10,Pen Set,Stationery,157,12.99,False,0,False,Chicago,388
2024-01-24,12,Markers Pack,Stationery,60,6.99,False,0,False,Houston,157
2024-01-24,4,Mechanical Keyboard,Electronics,46,134.99,True,10,False,New York,141
2024-01-24,11,Printer Paper,Stationery,209,8.99,False,0,False,New York,982
2024-01-24,13,Backpack Pro,Accessories,35,79.99,True,0,False,Houston,146
2024-01-25,6,Office Chair,Furniture,14,299.99,True,0,False,Chicago,24
2024-01-25,1,Laptop Pro 15,Electronics,13,1299.99,False,0,False,Chicago,52
2024-01-26,4,Mechanical Keyboard,Electronics,19,149.99,False,0,False,Chicago,77
2024-01-27,11,Printer Paper,Stationery,123,8.99,False,0,False,Houston,515
2024-01-27,6,Office Chair,Furniture,12,299.99,False,0,False,Chicago,31
2024-01-27,7,Standing Desk,Furniture,8,599.99,False,0,False,Los Angeles,20
2024-01-27,15,Desk Lamp,Accessories,56,29.74,True,15,False,Chicago,139
2024-01-28,13,Backpack Pro,Accessories,29,71.99,True,10,False,Houston,100
2024-01-28,2,Wireless Mouse,Electronics,72,29.99,False,0,False,Phoenix,142
2024-01-29,9,Notebook A4,Stationery,283,4.99,False,0,False,New York,1216
2024-01-29,6,Office Chair,Furniture,6,299.99,False,0,False,Chicago,18
2024-01-30,13,Backpack Pro,Accessories,25,79.99,False,0,False,Los Angeles,117
2024-01-30,10,Pen Set,Stationery,116,12.99,False,0,False,Houston,476
2024-01-30,7,Standing Desk,Furniture,5,599.99,False,0,False,Phoenix,17
2024-01-30,6,Office Chair,Furniture,9,239.99,True,20,False,New York,21
2024-01-31,11,Printer Paper,Stationery,96,8.99,False,0,False,Houston,437
2024-01-31,1,Laptop Pro 15,Electronics,13,1299.99,False,0,False,Chicago,35
2024-01-31,6,Office Chair,Furniture,12,269.99,True,10,False,Houston,38
2024-01-31,11,Printer Paper,Stationery,182,8.99,False,0,True,Chicago,552
2024-01-31,13,Backpack Pro,Accessories,24,63.99,True,20,False,Houston,112
2024-01-31,5,Monitor 27inch,Electronics,11,399.99,False,0,False,Houston,42
2024-01-31,4,Mechanical Keyboard,Electronics,9,149.99,False,0,False,New York,21
2024-02-01,6,Office Chair,Furniture,4,299.99,False,0,False,New York,7
2024-02-01,8,Bookshelf,Furniture,20,199.99,False,0,False,New York,69
2024-02-01,3,USB-C Hub,Electronics,46,49.99,False,0,False,Houston,149
2024-02-01,10,Pen Set,Stationery,130,12.99,False,0,False,Los Angeles,554
2024-02-01,7,Standing Desk,Furniture,5,599.99,False,0,True,Los Angeles,24
2024-02-02,12,Markers Pack,Stationery,70,6.99,False,0,False,Houston,226
2024-02-02,12,Markers Pack,Stationery,69,6.99,False,0,False,Houston,189
2024-02-02,9,Notebook A4,Stationery,262,4.99,False,0,False,Houston,1052
2024-02-03,7,Standing Desk,Furniture,11,599.99,False,0,False,Los Angeles,31
2024-02-03,5,Monitor 27inch,Electronics,15,399.99,False,0,False,Los Angeles,38
2024-02-03,3,USB-C Hub,Electronics,44,49.99,False,0,False,Houston,184
2024-02-03,6,Office Chair,Furniture,12,299.99,False,0,False,Houston,19
2024-02-03,3,USB-C Hub,Electronics,45,49.99,False,0,False,Houston,112
2024-02-04,6,Office Chair,Furniture,6,299.99,False,0,False,Chicago,14
2024-02-04,13,Backpack Pro,Accessories,24,79.99,False,0,False,New York,100
2024-02-04,3,USB-C Hub,Electronics,75,49.99,False,0,False,Chicago,208
2024-02-04,8,Bookshelf,Furniture,12,199.99,False,0,False,Houston,38
2024-02-04,7,Standing Desk,Furniture,10,599.99,False,0,False,Los Angeles,39
2024-02-05,4,Mechanical Keyboard,Electronics,31,149.99,False,0,False,Chicago,113
2024-02-05,1,Laptop Pro 15,Electronics,12,1299.99,False,0,False,Houston,50
2024-02-05,5,Monitor 27inch,Electronics,18,399.99,False,0,False,New York,31
2024-02-06,1,Laptop Pro 15,Electronics,7,1299.99,False,0,False,Los Angeles,26
2024-02-06,11,Printer Paper,Stationery,234,8.99,False,0,False,Houston,1069
2024-02-06,10,Pen Set,Stationery,72,12.99,False,0,False,New York,168
2024-02-06,13,Backpack Pro,Accessories,26,79.99,False,0,False,Los Angeles,46
2024-02-07,4,Mechanical Keyboard,Electronics,32,149.99,False,0,False,Phoenix,91
2024-02-07,8,Bookshelf,Furniture,11,199.99,False,0,False,Phoenix,34
2024-02-07,13,Backpack Pro,Accessories,20,79.99,False,0,False,Houston,59
2024-02-07,5,Monitor 27inch,Electronics,16,399.99,False,0,False,New York,70
2024-02-08,13,Backpack Pro,Accessories,32,71.99,True,10,False,Houston,116
2024-02-08,8,Bookshelf,Furniture,16,199.99,False,0,False,Phoenix,54
2024-02-08,10,Pen Set,Stationery,101,12.99,False,0,False,Los Angeles,354
2024-02-09,13,Backpack Pro,Accessories,14,79.99,False,0,False,Houston,32
2024-02-09,3,USB-C Hub,Electronics,43,49.99,False,0,False,Los Angeles,202
2024-02-09,12,Markers Pack,Stationery,146,6.99,False,0,False,New York,463
2024-02-09,4,Mechanical Keyboard,Electronics,22,149.99,True,0,False,Chicago,41
2024-02-09,4,Mechanical Keyboard,Electronics,16,149.99,False,0,False,Chicago,45
2024-02-10,9,Notebook A4,Stationery,265,4.99,False,0,False,Los Angeles,889
2024-02-10,8,Bookshelf,Furniture,16,199.99,False,0,False,New York,44
2024-02-10,9,Notebook A4,Stationery,315,4.99,False,0,False,New York,1195
2024-02-10,3,USB-C Hub,Electronics,56,49.99,False,0,False,New York,268
2024-02-10,13,Backpack Pro,Accessories,31,79.99,False,0,False,New York,110
2024-02-11,3,USB-C Hub,Electronics,32,49.99,False,0,False,Chicago,98
2024-02-11,2,Wireless Mouse,Electronics,93,29.99,False,0,False,New York,264
2024-02-11,13,Backpack Pro,Accessories,42,59.99,True,25,False,Los Angeles,74
2024-02-11,8,Bookshelf,Furniture,14,199.99,False,0,False,Los Angeles,22
2024-02-11,6,Office Chair,Furniture,20,284.99,True,5,False,New York,78
2024-02-12,11,Printer Paper,Stationery,164,8.99,False,0,False,Los Angeles,282
2024-02-12,7,Standing Desk,Furniture,6,599.99,False,0,False,Los Angeles,16
2024-02-13,3,USB-C Hub,Electronics,25,49.99,False,0,False,Houston,94
2024-02-13,8,Bookshelf,Furniture,20,169.99,True,15,False,Chicago,88
2024-02-13,2,Wireless Mouse,Electronics,102,29.99,True,0,False,New York,361
2024-02-13,6,Office Chair,Furniture,9,299.99,False,0,False,Los Angeles,24
2024-02-13,3,USB-C Hub,Electronics,30,49.99,False,0,False,Los Angeles,88
2024-02-13,1,Laptop Pro 15,Electronics,10,1299.99,False,0,False,Phoenix,42
2024-02-14,6,Office Chair,Furniture,8,299.99,False,0,False,Houston,15
2024-02-14,9,Notebook A4,Stationery,168,4.99,False,0,False,Houston,506
2024-02-14,11,Printer Paper,Stationery,120,8.99,False,0,False,New York,503
2024-02-14,7,Standing Desk,Furniture,6,599.99,False,0,False,Houston,21
2024-02-14,10,Pen Set,Stationery,75,12.99,False,0,False,Phoenix,345
2024-02-15,7,Standing Desk,Furniture,3,599.99,False,0,False,Los Angeles,5
2024-02-15,8,Bookshelf,Furniture,23,159.99,True,20,False,New York,98
2024-02-15,14,Water Bottle,Accessories,44,19.99,False,0,False,Houston,90
2024-02-15,4,Mechanical Keyboard,Electronics,23,149.99,False,0,False,Houston,49
2024-02-16,2,Wireless Mouse,Electronics,66,28.49,True,5,False,Phoenix,291
2024-02-16,12,Markers Pack,Stationery,96,5.94,True,15,False,Los Angeles,287
2024-02-17,9,Notebook A4,Stationery,293,4.99,False,0,False,Los Angeles,696
2024-02-17,15,Desk Lamp,Accessories,54,29.74,True,15,False,Houston,166
2024-02-17,15,Desk Lamp,Accessories,49,34.99,False,0,False,Phoenix,185
2024-02-17,11,Printer Paper,Stationery,134,8.99,False,0,False,New York,247
2024-02-17,1,Laptop Pro 15,Electronics,11,1299.99,False,0,True,Houston,19
2024-02-18,12,Markers Pack,Stationery,182,6.99,False,0,False,Phoenix,647
2024-02-18,10,Pen Set,Stationery,248,12.99,False,0,False,Phoenix,632
2024-02-19,5,Monitor 27inch,Electronics,19,399.99,False,0,False,Chicago,91
2024-02-19,1,Laptop Pro 15,Electronics,11,1299.99,False,0,False,New York,36
2024-02-19,2,Wireless Mouse,Electronics,92,29.99,False,0,False,Houston,362
2024-02-19,15,Desk Lamp,Accessories,24,34.99,False,0,False,Phoenix,43
2024-02-19,10,Pen Set,Stationery,113,9.74,True,25,False,Phoenix,456
2024-02-20,3,USB-C Hub,Electronics,29,49.99,False,0,False,New York,134
2024-02-20,11,Printer Paper,Stationery,117,8.99,False,0,False,Los Angeles,486
2024-02-20,14,Water Bottle,Accessories,83,19.99,False,0,False,Chicago,303
2024-02-20,10,Pen Set,Stationery,68,12.99,False,0,False,Houston,185
2024-02-20,3,USB-C Hub,Electronics,11,49.99,False,0,False,Houston,42
2024-02-20,1,Laptop Pro 15,Electronics,16,1299.99,False,0,False,Houston,42
2024-02-21,5,Monitor 27inch,Electronics,15,399.99,False,0,False,Chicago,72
2024-02-21,15,Desk Lamp,Accessories,29,34.99,False,0,False,New York,89
2024-02-22,10,Pen Set,Stationery,123,12.34,True,5,False,Houston,351
2024-02-22,10,Pen Set,Stationery,164,12.99,False,0,False,Los Angeles,306
2024-02-22,13,Backpack Pro,Accessories,45,79.99,False,0,True,Chicago,76
2024-02-22,4,Mechanical Keyboard,Electronics,34,149.99,False,0,False,Houston,71
2024-02-22,2,Wireless Mouse,Electronics,82,29.99,False,0,False,Los Angeles,233
2024-02-23,12,Markers Pack,Stationery,81,6.99,False,0,False,Los Angeles,364
2024-02-23,7,Standing Desk,Furniture,7,599.99,False,0,False,Phoenix,14
2024-02-23,14,Water Bottle,Accessories,59,19.99,False,0,False,New York,175
2024-02-23,5,Monitor 27inch,Electronics,8,399.99,False,0,False,Los Angeles,21
2024-02-23,4,Mechanical Keyboard,Electronics,29,149.99,False,0,False,New York,81
2024-02-23,7,Standing Desk,Furniture,4,599.99,False,0,False,Houston,19
2024-02-23,12,Markers Pack,Stationery,290,6.99,True,0,False,Chicago,1036
2024-02-23,8,Bookshelf,Furniture,20,199.99,False,0,True,Chicago,89
2024-02-24,10,Pen Set,Stationery,118,12.99,False,0,False,Phoenix,299
2024-02-24,2,Wireless Mouse,Electronics,93,29.99,False,0,False,Houston,177
2024-02-24,5,Monitor 27inch,Electronics,23,399.99,False,0,False,Chicago,89
2024-02-24,13,Backpack Pro,Accessories,9,79.99,False,0,False,Phoenix,14
2024-02-24,13,Backpack Pro,Accessories,29,79.99,False,0,False,Houston,46
2024-02-24,14,Water Bottle,Accessories,107,19.99,False,0,False,Houston,168
2024-02-24,10,Pen Set,Stationery,155,12.99,False,0,False,New York,717
2024-02-25,8,Bookshelf,Furniture,15,199.99,False,0,False,Los Angeles,35
2024-02-25,8,Bookshelf,Furniture,8,199.99,False,0,False,New York,13
2024-02-25,15,Desk Lamp,Accessories,45,34.99,False,0,True,Los Angeles,212
2024-02-25,15,Desk Lamp,Accessories,36,34.99,False,0,False,Phoenix,78
2024-02-26,6,Office Chair,Furniture,14,239.99,True,20,False,Phoenix,34
2024-02-26,10,Pen Set,Stationery,135,12.99,False,0,False,New York,350
2024-02-26,5,Monitor 27inch,Electronics,11,399.99,False,0,False,Chicago,23
2024-02-26,1,Laptop Pro 15,Electronics,14,1299.99,False,0,False,New York,30
2024-02-26,12,Markers Pack,Stationery,83,6.99,False,0,False,Chicago,198
2024-02-26,7,Standing Desk,Furniture,5,599.99,False,0,False,New York,12
2024-02-27,6,Office Chair,Furniture,14,299.99,False,0,False,Houston,32
2024-02-27,2,Wireless Mouse,Electronics,63,29.99,False,0,False,Chicago,230
2024-02-28,9,Notebook A4,Stationery,166,4.99,False,0,False,New York,275
2024-02-28,4,Mechanical Keyboard,Electronics,20,149.99,False,0,False,Phoenix,43
2024-02-28,14,Water Bottle,Accessories,100,19.99,False,0,False,Houston,304
2024-02-29,2,Wireless Mouse,Electronics,26,29.99,False,0,False,Houston,56
2024-02-29,5,Monitor 27inch,Electronics,4,399.99,False,0,False,Houston,6
2024-02-29,2,Wireless Mouse,Electronics,55,29.99,False,0,False,Houston,157
2024-03-01,15,Desk Lamp,Accessories,47,34.99,False,0,False,Chicago,151
2024-03-01,11,Printer Paper,Stationery,226,8.54,True,5,False,Los Angeles,622
2024-03-01,5,Monitor 27inch,Electronics,18,399.99,False,0,False,Los Angeles,71
2024-03-01,10,Pen Set,Stationery,149,12.99,False,0,True,Phoenix,532
2024-03-01,4,Mechanical Keyboard,Electronics,9,149.99,False,0,False,Chicago,23
2024-03-01,5,Monitor 27inch,Electronics,27,399.99,False,0,False,Phoenix,101
2024-03-01,13,Backpack Pro,Accessories,15,79.99,False,0,False,Chicago,67
2024-03-01,2,Wireless Mouse,Electronics,53,29.99,False,0,False,New York,124
2024-03-01,9,Notebook A4,Stationery,221,4.99,False,0,False,Chicago,1069
2024-03-01,13,Backpack Pro,Accessories,16,79.99,False,0,False,Los Angeles,64
2024-03-02,13,Backpack Pro,Accessories,25,79.99,False,0,False,Chicago,103
2024-03-02,7,Standing Desk,Furniture,9,599.99,False,0,False,Phoenix,36
2024-03-02,2,Wireless Mouse,Electronics,106,29.99,False,0,False,Houston,405
2024-03-02,3,USB-C Hub,Electronics,64,49.99,False,0,False,New York,283
2024-03-03,1,Laptop Pro 15,Electronics,34,1299.99,False,0,False,Houston,73
2024-03-03,12,Markers Pack,Stationery,199,6.99,False,0,False,Los Angeles,692
2024-03-03,1,Laptop Pro 15,Electronics,11,1299.99,False,0,False,New York,29
2024-03-03,4,Mechanical Keyboard,Electronics,53,149.99,False,0,False,Houston,236
2024-03-03,2,Wireless Mouse,Electronics,58,29.99,False,0,False,Chicago,229
2024-03-04,3,USB-C Hub,Electronics,37,49.99,False,0,False,Los Angeles,78
2024-03-04,8,Bookshelf,Furniture,17,199.99,False,0,False,Phoenix,25
2024-03-04,4,Mechanical Keyboard,Electronics,49,112.49,True,25,False,New York,106
2024-03-04,10,Pen Set,Stationery,172,12.99,False,0,False,New York,429
2024-03-04,5,Monitor 27inch,Electronics,22,399.99,False,0,False,New York,73
2024-03-04,4,Mechanical Keyboard,Electronics,20,149.99,False,0,False,Chicago,67
2024-03-05,10,Pen Set,Stationery,82,12.99,False,0,False,Los Angeles,370
2024-03-06,3,USB-C Hub,Electronics,38,49.99,False,0,False,Houston,83
2024-03-06,5,Monitor 27inch,Electronics,15,399.99,False,0,False,Los Angeles,67
2024-03-06,7,Standing Desk,Furniture,5,599.99,False,0,False,Chicago,21
2024-03-06,5,Monitor 27inch,Electronics,26,399.99,False,0,False,Los Angeles,39
2024-03-06,1,Laptop Pro 15,Electronics,18,1299.99,True,0,False,Houston,80
2024-03-06,12,Markers Pack,Stationery,218,5.24,True,25,False,Los Angeles,1028
2024-03-06,9,Notebook A4,Stationery,201,4.99,False,0,False,Phoenix,602
2024-03-06,3,USB-C Hub,Electronics,28,49.99,False,0,False,Los Angeles,60
2024-03-07,4,Mechanical Keyboard,Electronics,37,149.99,False,0,False,Houston,76
2024-03-07,8,Bookshelf,Furniture,26,149.99,True,25,False,Houston,94
2024-03-07,4,Mechanical Keyboard,Electronics,20,149.99,False,0,False,New York,59
2024-03-07,11,Printer Paper,Stationery,214,8.99,False,0,False,Chicago,730
2024-03-08,3,USB-C Hub,Electronics,38,49.99,False,0,False,Houston,110
2024-03-08,4,Mechanical Keyboard,Electronics,40,149.99,False,0,False,Houston,175
2024-03-08,2,Wireless Mouse,Electronics,95,29.99,False,0,True,Houston,363
2024-03-08,6,Office Chair,Furniture,10,299.99,False,0,False,Los Angeles,20
2024-03-08,15,Desk Lamp,Accessories,34,34.99,False,0,False,Chicago,63
2024-03-08,12,Markers Pack,Stationery,104,6.99,False,0,False,Los Angeles,175
2024-03-08,9,Notebook A4,Stationery,370,4.99,True,0,False,Houston,1594
2024-03-08,13,Backpack Pro,Accessories,40,79.99,False,0,False,New York,114
2024-03-08,9,Notebook A4,Stationery,214,4.99,False,0,True,Houston,805
2024-03-09,13,Backpack Pro,Accessories,27,79.99,False,0,False,Chicago,81
2024-03-09,10,Pen Set,Stationery,212,12.99,False,0,False,Chicago,709
2024-03-09,3,USB-C Hub,Electronics,70,49.99,False,0,False,Chicago,310
2024-03-09,1,Laptop Pro 15,Electronics,14,1299.99,False,0,False,Los Angeles,62
2024-03-10,3,USB-C Hub,Electronics,27,49.99,False,0,False,Houston,93
2024-03-10,14,Water Bottle,Accessories,182,19.99,False,0,False,Chicago,845
2024-03-10,13,Backpack Pro,Accessories,34,79.99,False,0,False,Los Angeles,90
2024-03-10,3,USB-C Hub,Electronics,98,49.99,True,0,False,Chicago,308
2024-03-10,5,Monitor 27inch,Electronics,17,399.99,False,0,False,Chicago,77
2024-03-10,12,Markers Pack,Stationery,194,6.99,False,0,False,Phoenix,738
2024-03-10,14,Water Bottle,Accessories,148,19.99,False,0,False,New York,263
2024-03-11,1,Laptop Pro 15,Electronics,21,1299.99,False,0,False,Chicago,79
2024-03-11,7,Standing Desk,Furniture,6,599.99,False,0,False,New York,25
2024-03-11,14,Water Bottle,Accessories,96,19.99,False,0,False,New York,452
2024-03-11,2,Wireless Mouse,Electronics,62,29.99,False,0,False,Phoenix,225
2024-03-11,13,Backpack Pro,Accessories,33,79.99,False,0,False,Houston,111
2024-03-11,2,Wireless Mouse,Electronics,93,29.99,False,0,False,Phoenix,287
2024-03-11,4,Mechanical Keyboard,Electronics,19,149.99,False,0,False,Chicago,46
2024-03-11,5,Monitor 27inch,Electronics,17,339.99,True,15,False,Houston,70
2024-03-11,11,Printer Paper,Stationery,71,8.99,False,0,False,Los Angeles,108
2024-03-11,11,Printer Paper,Stationery,98,8.99,False,0,False,Chicago,355
2024-03-12,1,Laptop Pro 15,Electronics,16,1299.99,False,0,False,Phoenix,58
2024-03-12,10,Pen Set,Stationery,180,12.99,False,0,True,Phoenix,700
2024-03-12,15,Desk Lamp,Accessories,56,29.74,True,15,False,Chicago,207
2024-03-12,6,Office Chair,Furniture,8,299.99,False,0,False,Houston,37
2024-03-12,12,Markers Pack,Stationery,151,6.99,False,0,False,Houston,682
2024-03-12,10,Pen Set,Stationery,223,12.99,False,0,False,Phoenix,578
2024-03-13,5,Monitor 27inch,Electronics,16,399.99,False,0,False,Chicago,33
2024-03-14,10,Pen Set,Stationery,114,12.99,False,0,False,Phoenix,456
2024-03-14,7,Standing Desk,Furniture,12,599.99,False,0,False,Chicago,33
2024-03-14,4,Mechanical Keyboard,Electronics,37,149.99,False,0,False,Houston,151
2024-03-14,12,Markers Pack,Stationery,68,6.99,False,0,False,Phoenix,238
2024-03-14,2,Wireless Mouse,Electronics,54,29.99,False,0,False,New York,103
2024-03-14,15,Desk Lamp,Accessories,24,34.99,False,0,False,Chicago,116
2024-03-15,13,Backpack Pro,Accessories,40,59.99,True,25,False,New York,87
2024-03-15,9,Notebook A4,Stationery,188,4.99,False,0,False,New York,913
2024-03-15,8,Bookshelf,Furniture,17,199.99,False,0,False,Chicago,27
2024-03-15,8,Bookshelf,Furniture,19,179.99,True,10,False,Phoenix,89
2024-03-15,2,Wireless Mouse,Electronics,118,26.99,True,10,False,Houston,345
2024-03-15,8,Bookshelf,Furniture,1,199.99,False,0,False,Los Angeles,4
2024-03-15,10,Pen Set,Stationery,162,12.99,False,0,False,Chicago,532
2024-03-16,14,Water Bottle,Accessories,209,16.99,True,15,False,Houston,330
2024-03-16,14,Water Bottle,Accessories,89,19.99,False,0,False,Los Angeles,359
2024-03-16,9,Notebook A4,Stationery,316,4.99,False,0,False,New York,1564
2024-03-16,2,Wireless Mouse,Electronics,68,25.49,True,15,True,Phoenix,317
2024-03-16,9,Notebook A4,Stationery,237,4.99,False,0,False,Los Angeles,612
2024-03-17,5,Monitor 27inch,Electronics,19,399.99,False,0,False,Houston,41
2024-03-17,8,Bookshelf,Furniture,20,199.99,False,0,False,Los Angeles,56
2024-03-18,2,Wireless Mouse,Electronics,37,29.99,True,0,False,Houston,59
2024-03-18,3,USB-C Hub,Electronics,41,49.99,False,0,False,Chicago,114
2024-03-18,5,Monitor 27inch,Electronics,24,399.99,False,0,False,Houston,93
2024-03-19,15,Desk Lamp,Accessories,47,34.99,False,0,False,Houston,96
2024-03-19,7,Standing Desk,Furniture,7,599.99,False,0,False,Los Angeles,16
2024-03-19,14,Water Bottle,Accessories,138,19.99,False,0,False,Houston,348
2024-03-19,8,Bookshelf,Furniture,21,199.99,False,0,True,Houston,85
2024-03-19,12,Markers Pack,Stationery,190,6.99,False,0,False,New York,685
2024-03-19,6,Office Chair,Furniture,15,299.99,False,0,False,Chicago,71
2024-03-19,10,Pen Set,Stationery,188,12.99,False,0,False,Houston,530
2024-03-19,15,Desk Lamp,Accessories,43,26.24,True,25,False,Chicago,122
2024-03-19,6,Office Chair,Furniture,15,299.99,False,0,False,Phoenix,33
2024-03-20,5,Monitor 27inch,Electronics,27,299.99,True,25,False,Houston,122
2024-03-20,2,Wireless Mouse,Electronics,48,29.99,False,0,False,Houston,237
2024-03-20,13,Backpack Pro,Accessories,14,79.99,False,0,False,New York,60
2024-03-20,6,Office Chair,Furniture,17,299.99,False,0,False,New York,26
2024-03-21,10,Pen Set,Stationery,217,12.99,False,0,False,Phoenix,976
2024-03-21,8,Bookshelf,Furniture,17,199.99,False,0,False,Chicago,62
2024-03-21,5,Monitor 27inch,Electronics,25,399.99,False,0,False,New York,73
2024-03-21,6,Office Chair,Furniture,10,299.99,True,0,False,Chicago,44
2024-03-21,2,Wireless Mouse,Electronics,33,29.99,False,0,False,Los Angeles,83
2024-03-21,4,Mechanical Keyboard,Electronics,26,149.99,False,0,False,Houston,64
2024-03-22,10,Pen Set,Stationery,213,11.04,True,15,False,Houston,639
2024-03-22,11,Printer Paper,Stationery,358,8.99,False,0,True,New York,1728
2024-03-22,8,Bookshelf,Furniture,8,199.99,False,0,False,Phoenix,20
2024-03-23,5,Monitor 27inch,Electronics,23,399.99,False,0,False,Los Angeles,69
2024-03-23,14,Water Bottle,Accessories,133,19.99,False,0,False,Chicago,301
2024-03-23,9,Notebook A4,Stationery,365,4.99,False,0,False,Chicago,1069
2024-03-23,12,Markers Pack,Stationery,166,6.99,False,0,False,Los Angeles,709
2024-03-23,9,Notebook A4,Stationery,330,4.99,False,0,False,Phoenix,734
2024-03-24,7,Standing Desk,Furniture,8,599.99,False,0,False,Houston,15
2024-03-24,8,Bookshelf,Furniture,13,199.99,False,0,False,Los Angeles,20
2024-03-24,4,Mechanical Keyboard,Electronics,29,149.99,False,0,False,New York,62
2024-03-24,9,Notebook A4,Stationery,232,4.99,False,0,False,Houston,825
2024-03-24,13,Backpack Pro,Accessories,24,79.99,False,0,False,Houston,47
2024-03-24,10,Pen Set,Stationery,159,12.99,False,0,False,Chicago,558
2024-03-24,7,Standing Desk,Furniture,7,599.99,False,0,False,Phoenix,18
2024-03-24,14,Water Bottle,Accessories,77,19.99,False,0,False,Los Angeles,382
2024-03-25,13,Backpack Pro,Accessories,27,79.99,False,0,False,Phoenix,91
2024-03-25,13,Backpack Pro,Accessories,31,79.99,False,0,False,Phoenix,96
2024-03-25,13,Backpack Pro,Accessories,27,79.99,False,0,False,New York,132
2024-03-25,9,Notebook A4,Stationery,273,4.99,False,0,False,Phoenix,702
2024-03-26,6,Office Chair,Furniture,10,299.99,False,0,False,Houston,15
2024-03-26,8,Bookshelf,Furniture,13,199.99,False,0,False,Phoenix,31
2024-03-26,2,Wireless Mouse,Electronics,91,29.99,False,0,False,Phoenix,286
2024-03-26,13,Backpack Pro,Accessories,20,79.99,False,0,False,Phoenix,77
2024-03-26,14,Water Bottle,Accessories,53,19.99,False,0,False,Phoenix,174
2024-03-27,7,Standing Desk,Furniture,15,479.99,True,20,False,Houston,33
2024-03-27,14,Water Bottle,Accessories,169,19.99,False,0,False,New York,793
2024-03-27,11,Printer Paper,Stationery,188,8.99,False,0,False,Chicago,716
2024-03-28,12,Markers Pack,Stationery,134,6.99,False,0,False,Houston,430
2024-03-28,8,Bookshelf,Furniture,19,199.99,False,0,False,Los Angeles,40
2024-03-28,1,Laptop Pro 15,Electronics,16,1299.99,False,0,False,Chicago,41
2024-03-28,3,USB-C Hub,Electronics,41,49.99,False,0,False,Chicago,154
2024-03-28,7,Standing Desk,Furniture,14,569.99,True,5,False,Houston,66
2024-03-29,15,Desk Lamp,Accessories,56,34.99,True,0,False,Phoenix,155
2024-03-29,10,Pen Set,Stationery,127,12.99,False,0,False,Houston,488
2024-03-29,12,Markers Pack,Stationery,84,6.99,False,0,False,Chicago,397
2024-03-30,12,Markers Pack,Stationery,219,6.99,False,0,False,Los Angeles,428
2024-03-30,15,Desk Lamp,Accessories,54,34.99,False,0,False,Los Angeles,94
2024-03-30,9,Notebook A4,Stationery,532,4.24,True,15,False,Chicago,1052
2024-03-30,14,Water Bottle,Accessories,137,19.99,False,0,False,Los Angeles,501
2024-03-31,7,Standing Desk,Furniture,5,599.99,False,0,False,Houston,21
2024-03-31,10,Pen Set,Stationery,92,12.99,False,0,False,Los Angeles,323
2024-03-31,6,Office Chair,Furniture,7,299.99,False,0,False,Houston,19
2024-03-31,7,Standing Desk,Furniture,6,599.99,False,0,False,New York,25
2024-03-31,7,Standing Desk,Furniture,10,599.99,False,0,False,Los Angeles,46
2024-03-31,14,Water Bottle,Accessories,156,19.99,False,0,False,New York,475
2024-04-01,12,Markers Pack,Stationery,130,6.99,False,0,False,Phoenix,648
2024-04-01,6,Office Chair,Furniture,10,299.99,False,0,False,Houston,16
2024-04-01,7,Standing Desk,Furniture,12,599.99,False,0,False,Chicago,44
2024-04-02,1,Laptop Pro 15,Electronics,18,1299.99,False,0,True,New York,43
2024-04-02,14,Water Bottle,Accessories,76,19.99,False,0,False,Phoenix,351
2024-04-02,15,Desk Lamp,Accessories,39,34.99,False,0,False,Chicago,100
2024-04-03,4,Mechanical Keyboard,Electronics,32,149.99,False,0,False,Houston,49
2024-04-03,1,Laptop Pro 15,Electronics,15,1299.99,False,0,False,Houston,51
2024-04-03,15,Desk Lamp,Accessories,20,34.99,False,0,False,Houston,55
2024-04-03,2,Wireless Mouse,Electronics,153,22.49,True,25,False,New York,287
2024-04-03,14,Water Bottle,Accessories,99,19.99,False,0,False,Chicago,486
2024-04-03,2,Wireless Mouse,Electronics,64,29.99,False,0,False,New York,199
2024-04-04,7,Standing Desk,Furniture,6,599.99,False,0,False,Houston,16
2024-04-04,13,Backpack Pro,Accessories,16,79.99,False,0,False,New York,27
2024-04-04,13,Backpack Pro,Accessories,49,59.99,True,25,False,Phoenix,73
2024-04-04,15,Desk Lamp,Accessories,40,34.99,False,0,False,Los Angeles,109
2024-04-05,7,Standing Desk,Furniture,5,599.99,False,0,False,Phoenix,8
2024-04-05,5,Monitor 27inch,Electronics,17,399.99,False,0,False,New York,26
2024-04-05,9,Notebook A4,Stationery,114,4.99,False,0,False,Los Angeles,477
2024-04-05,7,Standing Desk,Furniture,12,599.99,False,0,False,Houston,53
2024-04-06,12,Markers Pack,Stationery,130,6.99,False,0,True,New York,206
2024-04-06,1,Laptop Pro 15,Electronics,30,1234.99,True,5,False,New York,75
2024-04-06,2,Wireless Mouse,Electronics,138,29.99,False,0,False,Houston,490
2024-04-06,12,Markers Pack,Stationery,232,6.99,False,0,False,New York,869
2024-04-06,4,Mechanical Keyboard,Electronics,48,149.99,False,0,False,Los Angeles,103
2024-04-07,3,USB-C Hub,Electronics,80,47.49,True,5,False,New York,371
2024-04-07,11,Printer Paper,Stationery,125,8.99,False,0,False,New York,585
2024-04-07,8,Bookshelf,Furniture,22,199.99,False,0,False,Chicago,90
2024-04-07,10,Pen Set,Stationery,137,12.99,False,0,False,Los Angeles,439
2024-04-08,13,Backpack Pro,Accessories,29,79.99,False,0,False,Houston,137
2024-04-09,13,Backpack Pro,Accessories,15,79.99,False,0,False,New York,34
2024-04-09,1,Laptop Pro 15,Electronics,21,1299.99,False,0,False,Phoenix,92
2024-04-09,14,Water Bottle,Accessories,124,19.99,False,0,False,New York,467
2024-04-09,5,Monitor 27inch,Electronics,18,399.99,False,0,False,New York,53
2024-04-09,8,Bookshelf,Furniture,13,199.99,False,0,False,Chicago,55
2024-04-10,3,USB-C Hub,Electronics,50,39.99,True,20,False,Chicago,187
2024-04-10,1,Laptop Pro 15,Electronics,18,1299.99,False,0,False,Los Angeles,81
2024-04-10,15,Desk Lamp,Accessories,33,34.99,False,0,False,Los Angeles,144
2024-04-10,14,Water Bottle,Accessories,91,19.99,False,0,False,Houston,319
2024-04-10,9,Notebook A4,Stationery,418,4.99,False,0,True,New York,1807
2024-04-11,2,Wireless Mouse,Electronics,106,25.49,True,15,False,Chicago,465
2024-04-11,12,Markers Pack,Stationery,147,6.99,False,0,False,Chicago,534
2024-04-11,11,Printer Paper,Stationery,91,8.99,False,0,False,Los Angeles,246
2024-04-12,11,Printer Paper,Stationery,340,8.54,True,5,False,Phoenix,705
2024-04-12,7,Standing Desk,Furniture,9,599.99,False,0,False,Houston,24
2024-04-12,4,Mechanical Keyboard,Electronics,32,149.99,False,0,False,New York,103
2024-04-12,12,Markers Pack,Stationery,183,6.99,False,0,False,Phoenix,704
2024-04-12,1,Laptop Pro 15,Electronics,14,1299.99,False,0,False,Los Angeles,34
2024-04-12,3,USB-C Hub,Electronics,32,49.99,False,0,False,New York,112
2024-04-13,12,Markers Pack,Stationery,150,6.99,False,0,False,Chicago,469
2024-04-13,3,USB-C Hub,Electronics,48,49.99,False,0,True,Los Angeles,119
2024-04-13,14,Water Bottle,Accessories,174,19.99,False,0,True,Chicago,723
2024-04-13,10,Pen Set,Stationery,173,12.99,False,0,False,Phoenix,347
2024-04-13,13,Backpack Pro,Accessories,39,79.99,False,0,False,Phoenix,84
2024-04-13,3,USB-C Hub,Electronics,65,42.49,True,15,False,New York,211
2024-04-14,12,Markers Pack,Stationery,123,6.99,False,0,False,Phoenix,301
2024-04-14,12,Markers Pack,Stationery,150,6.99,False,0,False,Chicago,543
2024-04-14,11,Printer Paper,Stationery,516,8.99,True,0,False,Chicago,1120
2024-04-15,9,Notebook A4,Stationery,317,4.99,False,0,True,Chicago,1046
2024-04-15,2,Wireless Mouse,Electronics,125,29.99,False,0,True,Chicago,515
2024-04-15,2,Wireless Mouse,Electronics,74,29.99,False,0,False,Los Angeles,200
2024-04-15,9,Notebook A4,Stationery,216,4.99,False,0,False,Chicago,696
2024-04-15,11,Printer Paper,Stationery,204,8.99,False,0,False,New York,903
2024-04-15,3,USB-C Hub,Electronics,62,49.99,False,0,False,Phoenix,287
2024-04-15,7,Standing Desk,Furniture,11,599.99,False,0,False,Chicago,36
2024-04-16,10,Pen Set,Stationery,156,12.99,False,0,False,Phoenix,661
2024-04-16,15,Desk Lamp,Accessories,32,34.99,False,0,False,Chicago,155
2024-04-16,1,Laptop Pro 15,Electronics,15,1299.99,False,0,False,New York,43
2024-04-16,11,Printer Paper,Stationery,283,7.64,True,15,False,Phoenix,940
2024-04-16,3,USB-C Hub,Electronics,72,49.99,False,0,False,New York,202
2024-04-17,10,Pen Set,Stationery,133,12.99,False,0,False,Houston,206
2024-04-17,12,Markers Pack,Stationery,117,6.99,False,0,False,Phoenix,214
2024-04-17,13,Backpack Pro,Accessories,31,79.99,False,0,False,Phoenix,95
2024-04-17,10,Pen Set,Stationery,198,12.99,False,0,False,Chicago,738
2024-04-18,14,Water Bottle,Accessories,86,19.99,False,0,False,Chicago,264
2024-04-18,7,Standing Desk,Furniture,5,599.99,False,0,False,Phoenix,12
2024-04-18,1,Laptop Pro 15,Electronics,18,1299.99,False,0,False,Chicago,78
2024-04-18,13,Backpack Pro,Accessories,48,79.99,False,0,False,Chicago,206
2024-04-18,4,Mechanical Keyboard,Electronics,43,149.99,False,0,False,New York,191
2024-04-18,9,Notebook A4,Stationery,173,4.99,False,0,False,Chicago,557
2024-04-19,4,Mechanical Keyboard,Electronics,28,149.99,False,0,False,Chicago,83
2024-04-19,5,Monitor 27inch,Electronics,21,399.99,False,0,False,New York,39
2024-04-19,10,Pen Set,Stationery,179,12.99,False,0,False,Los Angeles,529
2024-04-19,5,Monitor 27inch,Electronics,20,399.99,False,0,False,Los Angeles,40
2024-04-19,5,Monitor 27inch,Electronics,15,399.99,False,0,False,Houston,29
2024-04-19,4,Mechanical Keyboard,Electronics,41,149.99,False,0,False,Chicago,109
2024-04-20,6,Office Chair,Furniture,19,299.99,False,0,True,New York,79
2024-04-20,3,USB-C Hub,Electronics,67,49.99,False,0,False,Los Angeles,142
2024-04-20,1,Laptop Pro 15,Electronics,21,1169.99,True,10,False,Los Angeles,72
2024-04-20,11,Printer Paper,Stationery,327,8.99,False,0,False,Houston,1022
2024-04-20,8,Bookshelf,Furniture,27,199.99,False,0,False,Chicago,122
2024-04-20,3,USB-C Hub,Electronics,65,49.99,False,0,False,Phoenix,233
2024-04-21,3,USB-C Hub,Electronics,51,49.99,False,0,False,Chicago,108
2024-04-22,11,Printer Paper,Stationery,258,8.99,False,0,False,Chicago,932
2024-04-22,4,Mechanical Keyboard,Electronics,40,149.99,False,0,False,New York,177
2024-04-22,2,Wireless Mouse,Electronics,89,29.99,False,0,False,Los Angeles,337
2024-04-23,2,Wireless Mouse,Electronics,123,28.49,True,5,False,Los Angeles,553
2024-04-23,9,Notebook A4,Stationery,210,3.74,True,25,False,Chicago,957
2024-04-23,1,Laptop Pro 15,Electronics,30,1234.99,True,5,False,New York,95
2024-04-23,5,Monitor 27inch,Electronics,19,399.99,False,0,False,New York,91
2024-04-23,7,Standing Desk,Furniture,5,599.99,False,0,False,Los Angeles,21
2024-04-23,4,Mechanical Keyboard,Electronics,24,149.99,False,0,False,Houston,85
2024-04-24,15,Desk Lamp,Accessories,49,34.99,False,0,False,Los Angeles,151
2024-04-24,11,Printer Paper,Stationery,175,8.99,False,0,False,Houston,676
2024-04-24,15,Desk Lamp,Accessories,36,34.99,False,0,False,Chicago,173
2024-04-24,7,Standing Desk,Furniture,12,599.99,False,0,False,Phoenix,51
2024-04-24,13,Backpack Pro,Accessories,26,79.99,False,0,False,New York,114
2024-04-24,15,Desk Lamp,Accessories,42,34.99,False,0,False,Chicago,155
2024-04-25,8,Bookshelf,Furniture,18,199.99,False,0,False,Los Angeles,43
2024-04-25,7,Standing Desk,Furniture,8,599.99,False,0,False,Houston,14
2024-04-25,7,Standing Desk,Furniture,12,599.99,True,0,False,Houston,56
2024-04-25,5,Monitor 27inch,Electronics,21,399.99,False,0,False,Houston,96
2024-04-25,14,Water Bottle,Accessories,114,19.99,False,0,False,Phoenix,352
2024-04-25,3,USB-C Hub,Electronics,51,49.99,False,0,False,Phoenix,241
2024-04-26,9,Notebook A4,Stationery,239,4.99,False,0,False,New York,749
2024-04-26,13,Backpack Pro,Accessories,16,79.99,False,0,False,Los Angeles,42
2024-04-26,7,Standing Desk,Furniture,11,599.99,False,0,False,Phoenix,19
2024-04-26,3,USB-C Hub,Electronics,49,49.99,False,0,False,Chicago,177
2024-04-27,9,Notebook A4,Stationery,147,4.99,False,0,False,Houston,314
2024-04-27,7,Standing Desk,Furniture,4,599.99,False,0,False,Chicago,9
2024-04-27,12,Markers Pack,Stationery,117,6.99,False,0,False,Los Angeles,206
2024-04-28,6,Office Chair,Furniture,9,299.99,False,0,False,Phoenix,31
2024-04-28,4,Mechanical Keyboard,Electronics,40,149.99,False,0,False,Houston,161
2024-04-28,1,Laptop Pro 15,Electronics,21,1299.99,False,0,False,Phoenix,41
2024-04-28,6,Office Chair,Furniture,8,299.99,False,0,False,Phoenix,35
2024-04-29,1,Laptop Pro 15,Electronics,17,1299.99,False,0,False,Phoenix,32
2024-04-29,6,Office Chair,Furniture,8,299.99,False,0,False,Phoenix,25
2024-04-29,15,Desk Lamp,Accessories,45,34.99,False,0,False,New York,143
2024-04-29,15,Desk Lamp,Accessories,48,34.99,False,0,False,Phoenix,194
2024-04-30,9,Notebook A4,Stationery,258,4.99,False,0,False,Phoenix,680
2024-04-30,3,USB-C Hub,Electronics,38,49.99,False,0,False,Los Angeles,167
2024-04-30,6,Office Chair,Furniture,15,299.99,False,0,False,Phoenix,39
2024-04-30,1,Laptop Pro 15,Electronics,27,1299.99,False,0,False,Houston,61
2024-05-01,13,Backpack Pro,Accessories,32,79.99,False,0,False,Chicago,88
2024-05-01,5,Monitor 27inch,Electronics,33,399.99,False,0,False,Chicago,90
2024-05-01,5,Monitor 27inch,Electronics,44,319.99,True,20,False,Chicago,84
2024-05-01,5,Monitor 27inch,Electronics,20,399.99,False,0,False,Phoenix,81
2024-05-01,4,Mechanical Keyboard,Electronics,40,127.49,True,15,False,Phoenix,122
2024-05-01,11,Printer Paper,Stationery,111,7.64,True,15,False,Houston,292
2024-05-01,8,Bookshelf,Furniture,3,199.99,False,0,False,New York,9
2024-05-02,15,Desk Lamp,Accessories,68,34.99,False,0,False,Phoenix,329
2024-05-02,10,Pen Set,Stationery,171,12.99,False,0,False,Los Angeles,357
2024-05-02,6,Office Chair,Furniture,7,299.99,False,0,False,Houston,33
2024-05-03,12,Markers Pack,Stationery,130,6.99,False,0,False,New York,415
2024-05-03,4,Mechanical Keyboard,Electronics,48,149.99,False,0,False,Chicago,177
2024-05-03,12,Markers Pack,Stationery,132,6.99,False,0,False,New York,439
2024-05-04,4,Mechanical Keyboard,Electronics,28,149.99,False,0,False,Chicago,56
2024-05-04,14,Water Bottle,Accessories,165,19.99,True,0,False,New York,306
2024-05-04,7,Standing Desk,Furniture,6,599.99,False,0,False,Los Angeles,29
2024-05-04,11,Printer Paper,Stationery,175,7.19,True,20,False,New York,811
2024-05-05,7,Standing Desk,Furniture,7,599.99,False,0,False,New York,15
2024-05-05,11,Printer Paper,Stationery,278,8.99,False,0,False,Houston,660
2024-05-05,8,Bookshelf,Furniture,15,199.99,False,0,False,Phoenix,55
2024-05-05,5,Monitor 27inch,Electronics,24,399.99,False,0,False,Los Angeles,55
2024-05-05,6,Office Chair,Furniture,15,299.99,False,0,False,New York,31
2024-05-06,4,Mechanical Keyboard,Electronics,34,149.99,False,0,False,Phoenix,124
2024-05-06,7,Standing Desk,Furniture,11,599.99,False,0,False,Chicago,22
2024-05-06,11,Printer Paper,Stationery,211,8.99,False,0,False,Chicago,782
2024-05-06,10,Pen Set,Stationery,183,12.99,False,0,False,Houston,878
2024-05-07,13,Backpack Pro,Accessories,41,79.99,False,0,False,Chicago,139
2024-05-07,9,Notebook A4,Stationery,184,4.99,False,0,False,Phoenix,360
2024-05-07,4,Mechanical Keyboard,Electronics,32,149.99,False,0,False,New York,57
2024-05-08,13,Backpack Pro,Accessories,20,79.99,False,0,True,Houston,92
2024-05-08,1,Laptop Pro 15,Electronics,6,1299.99,False,0,False,Chicago,15
2024-05-08,2,Wireless Mouse,Electronics,109,28.49,True,5,False,Houston,524
2024-05-08,14,Water Bottle,Accessories,154,19.99,False,0,False,Houston,311
2024-05-08,2,Wireless Mouse,Electronics,119,29.99,False,0,False,Phoenix,566
2024-05-09,3,USB-C Hub,Electronics,55,49.99,False,0,False,New York,240
2024-05-09,7,Standing Desk,Furniture,5,599.99,False,0,False,Los Angeles,11
2024-05-09,11,Printer Paper,Stationery,152,8.99,False,0,False,Phoenix,626
2024-05-09,2,Wireless Mouse,Electronics,78,29.99,False,0,False,Phoenix,201
2024-05-09,6,Office Chair,Furniture,17,224.99,True,25,False,New York,67
2024-05-10,7,Standing Desk,Furniture,5,599.99,False,0,False,Chicago,15
2024-05-10,13,Backpack Pro,Accessories,20,79.99,False,0,False,New York,86
2024-05-10,13,Backpack Pro,Accessories,32,79.99,False,0,False,New York,149
2024-05-10,2,Wireless Mouse,Electronics,109,29.99,False,0,False,New York,503
2024-05-11,15,Desk Lamp,Accessories,90,34.99,False,0,False,Los Angeles,156
2024-05-12,15,Desk Lamp,Accessories,53,34.99,False,0,False,Chicago,93
2024-05-12,8,Bookshelf,Furniture,18,199.99,False,0,False,Los Angeles,48
2024-05-12,5,Monitor 27inch,Electronics,35,339.99,True,15,False,Chicago,154
2024-05-12,9,Notebook A4,Stationery,352,4.99,False,0,True,Chicago,682
2024-05-12,11,Printer Paper,Stationery,298,7.19,True,20,False,New York,570
2024-05-13,13,Backpack Pro,Accessories,18,79.99,False,0,False,Houston,84
2024-05-13,7,Standing Desk,Furniture,8,599.99,False,0,False,Los Angeles,30
2024-05-14,8,Bookshelf,Furniture,18,199.99,False,0,False,Phoenix,56
2024-05-14,3,USB-C Hub,Electronics,49,49.99,False,0,True,Los Angeles,171
2024-05-15,4,Mechanical Keyboard,Electronics,28,149.99,False,0,False,Los Angeles,139
2024-05-15,4,Mechanical Keyboard,Electronics,80,142.49,True,5,False,Chicago,319
2024-05-15,14,Water Bottle,Accessories,112,19.99,False,0,False,Phoenix,511
2024-05-15,13,Backpack Pro,Accessories,12,79.99,False,0,False,Phoenix,53
2024-05-15,4,Mechanical Keyboard,Electronics,22,149.99,False,0,False,Los Angeles,83
2024-05-15,3,USB-C Hub,Electronics,51,49.99,False,0,False,Chicago,171
2024-05-16,5,Monitor 27inch,Electronics,23,399.99,False,0,False,Chicago,85
2024-05-16,6,Office Chair,Furniture,26,299.99,True,0,False,Chicago,105
2024-05-16,15,Desk Lamp,Accessories,38,34.99,False,0,False,Phoenix,102
2024-05-16,4,Mechanical Keyboard,Electronics,25,149.99,False,0,False,Houston,95
2024-05-17,8,Bookshelf,Furniture,14,199.99,False,0,True,Chicago,40
2024-05-17,5,Monitor 27inch,Electronics,22,399.99,False,0,False,Houston,45
2024-05-17,15,Desk Lamp,Accessories,35,34.99,False,0,False,Los Angeles,126
2024-05-17,6,Office Chair,Furniture,15,299.99,False,0,False,Phoenix,74
2024-05-17,1,Laptop Pro 15,Electronics,15,1299.99,False,0,False,Los Angeles,56
2024-05-17,10,Pen Set,Stationery,152,12.99,False,0,False,New York,556
2024-05-18,3,USB-C Hub,Electronics,89,44.99,True,10,False,Los Angeles,350
2024-05-18,5,Monitor 27inch,Electronics,19,399.99,False,0,False,Houston,93
2024-05-18,9,Notebook A4,Stationery,316,4.99,False,0,False,Chicago,1311
2024-05-18,4,Mechanical Keyboard,Electronics,36,149.99,False,0,False,New York,168
2024-05-18,10,Pen Set,Stationery,164,12.99,False,0,False,Phoenix,580
2024-05-19,3,USB-C Hub,Electronics,45,49.99,False,0,False,Los Angeles,134
2024-05-19,1,Laptop Pro 15,Electronics,30,1299.99,False,0,True,New York,51
2024-05-19,3,USB-C Hub,Electronics,36,49.99,False,0,False,New York,127
2024-05-19,3,USB-C Hub,Electronics,49,49.99,False,0,False,Los Angeles,219
2024-05-19,4,Mechanical Keyboard,Electronics,38,149.99,False,0,False,Houston,175
2024-05-19,1,Laptop Pro 15,Electronics,32,1299.99,True,0,False,Los Angeles,57
2024-05-19,4,Mechanical Keyboard,Electronics,47,149.99,False,0,False,Phoenix,154
2024-05-20,10,Pen Set,Stationery,165,11.69,True,10,False,Chicago,376
2024-05-20,13,Backpack Pro,Accessories,42,79.99,True,0,False,Los Angeles,130
2024-05-20,9,Notebook A4,Stationery,213,4.99,False,0,False,Houston,1061
2024-05-20,12,Markers Pack,Stationery,92,6.99,False,0,False,Phoenix,432
2024-05-20,15,Desk Lamp,Accessories,58,34.99,False,0,False,Chicago,194
2024-05-21,5,Monitor 27inch,Electronics,39,399.99,False,0,True,Los Angeles,157
2024-05-21,15,Desk Lamp,Accessories,28,34.99,False,0,False,Chicago,43
2024-05-21,11,Printer Paper,Stationery,187,8.99,False,0,False,Phoenix,584
2024-05-21,13,Backpack Pro,Accessories,41,59.99,True,25,False,Houston,76
2024-05-22,2,Wireless Mouse,Electronics,80,29.99,False,0,False,Los Angeles,320
2024-05-22,9,Notebook A4,Stationery,92,4.99,False,0,False,Houston,349
2024-05-22,12,Markers Pack,Stationery,87,6.99,False,0,False,New York,366
2024-05-22,11,Printer Paper,Stationery,164,8.99,False,0,False,Chicago,718
2024-05-23,14,Water Bottle,Accessories,56,19.99,False,0,False,Los Angeles,243
2024-05-24,8,Bookshelf,Furniture,6,199.99,False,0,False,New York,29
2024-05-24,7,Standing Desk,Furniture,8,599.99,True,0,False,Chicago,16
2024-05-24,13,Backpack Pro,Accessories,10,79.99,False,0,False,Houston,15
2024-05-24,5,Monitor 27inch,Electronics,23,399.99,False,0,False,Phoenix,76
2024-05-25,2,Wireless Mouse,Electronics,101,29.99,False,0,False,New York,366
2024-05-25,11,Printer Paper,Stationery,186,8.99,False,0,False,Phoenix,379
2024-05-25,11,Printer Paper,Stationery,227,8.99,False,0,True,Houston,712
2024-05-25,10,Pen Set,Stationery,147,12.99,False,0,False,Phoenix,265
2024-05-26,14,Water Bottle,Accessories,125,19.99,False,0,False,New York,352
2024-05-26,10,Pen Set,Stationery,246,12.99,False,0,False,Phoenix,788
2024-05-26,12,Markers Pack,Stationery,179,6.99,False,0,False,Chicago,824
2024-05-26,6,Office Chair,Furniture,13,299.99,False,0,False,Phoenix,34
2024-05-26,1,Laptop Pro 15,Electronics,20,1299.99,False,0,False,Phoenix,35
2024-05-27,9,Notebook A4,Stationery,239,4.99,False,0,False,Houston,783
2024-05-27,11,Printer Paper,Stationery,131,8.99,False,0,False,Houston,273
2024-05-27,10,Pen Set,Stationery,158,12.99,False,0,False,Houston,554
2024-05-28,6,Office Chair,Furniture,16,299.99,False,0,False,Los Angeles,24
2024-05-28,2,Wireless Mouse,Electronics,55,29.99,False,0,False,Los Angeles,92
2024-05-28,2,Wireless Mouse,Electronics,63,29.99,False,0,False,Chicago,295
2024-05-28,12,Markers Pack,Stationery,104,6.99,False,0,False,Houston,295
2024-05-28,7,Standing Desk,Furniture,9,599.99,False,0,False,Houston,16
2024-05-28,1,Laptop Pro 15,Electronics,15,1299.99,False,0,False,Los Angeles,53
2024-05-28,7,Standing Desk,Furniture,7,599.99,False,0,False,Phoenix,27
2024-05-28,1,Laptop Pro 15,Electronics,14,1299.99,False,0,False,New York,34
2024-05-29,10,Pen Set,Stationery,178,12.99,False,0,False,Chicago,781
2024-05-29,3,USB-C Hub,Electronics,84,49.99,False,0,True,Chicago,251
2024-05-29,11,Printer Paper,Stationery,162,8.99,False,0,False,New York,558
2024-05-29,9,Notebook A4,Stationery,240,4.99,False,0,False,New York,591
2024-05-30,6,Office Chair,Furniture,14,299.99,False,0,False,Chicago,49
2024-05-30,1,Laptop Pro 15,Electronics,9,1299.99,False,0,False,Houston,31
2024-05-30,3,USB-C Hub,Electronics,74,49.99,False,0,False,Phoenix,210
2024-05-30,5,Monitor 27inch,Electronics,16,399.99,False,0,False,Phoenix,41
2024-05-30,3,USB-C Hub,Electronics,43,49.99,False,0,False,Chicago,212
2024-05-30,14,Water Bottle,Accessories,152,19.99,False,0,False,New York,682
2024-05-31,2,Wireless Mouse,Electronics,134,25.49,True,15,True,Los Angeles,374
2024-05-31,8,Bookshelf,Furniture,10,199.99,False,0,False,Los Angeles,29
2024-05-31,7,Standing Desk,Furniture,5,599.99,False,0,False,Los Angeles,11
2024-05-31,14,Water Bottle,Accessories,130,19.99,False,0,False,Chicago,626
2024-05-31,2,Wireless Mouse,Electronics,72,29.99,False,0,False,New York,352
2024-05-31,7,Standing Desk,Furniture,7,599.99,False,0,False,New York,14
2024-06-01,2,Wireless Mouse,Electronics,91,29.99,False,0,False,Los Angeles,162
2024-06-01,14,Water Bottle,Accessories,189,19.99,False,0,False,New York,437
2024-06-01,12,Markers Pack,Stationery,137,6.99,False,0,False,Houston,567
2024-06-01,6,Office Chair,Furniture,15,299.99,False,0,False,Houston,45
2024-06-01,2,Wireless Mouse,Electronics,209,26.99,True,10,False,Phoenix,476
2024-06-01,1,Laptop Pro 15,Electronics,19,1299.99,False,0,False,Houston,77
2024-06-02,1,Laptop Pro 15,Electronics,28,1169.99,True,10,False,New York,72
2024-06-02,9,Notebook A4,Stationery,342,4.99,False,0,False,New York,666
2024-06-02,10,Pen Set,Stationery,170,12.99,False,0,False,Houston,385
2024-06-02,6,Office Chair,Furniture,21,299.99,False,0,False,New York,50
2024-06-02,15,Desk Lamp,Accessories,85,34.99,False,0,True,Phoenix,193
2024-06-02,12,Markers Pack,Stationery,163,6.99,False,0,False,New York,600
2024-06-03,6,Office Chair,Furniture,10,299.99,False,0,False,Houston,47
2024-06-03,4,Mechanical Keyboard,Electronics,31,149.99,False,0,False,New York,60
2024-06-03,13,Backpack Pro,Accessories,13,79.99,False,0,False,Los Angeles,27
2024-06-04,2,Wireless Mouse,Electronics,54,29.99,False,0,False,Chicago,82
2024-06-04,15,Desk Lamp,Accessories,27,34.99,False,0,False,Los Angeles,100
2024-06-04,1,Laptop Pro 15,Electronics,11,1299.99,False,0,False,Phoenix,50
2024-06-04,15,Desk Lamp,Accessories,18,34.99,False,0,False,Phoenix,58
2024-06-05,11,Printer Paper,Stationery,254,8.54,True,5,False,Chicago,1262
2024-06-06,6,Office Chair,Furniture,14,299.99,False,0,False,New York,54
2024-06-06,14,Water Bottle,Accessories,123,19.99,False,0,False,Phoenix,485
2024-06-06,9,Notebook A4,Stationery,316,4.99,True,0,False,Houston,1379
2024-06-06,10,Pen Set,Stationery,146,12.99,False,0,False,Chicago,316
2024-06-07,12,Markers Pack,Stationery,107,5.94,True,15,False,Chicago,485
2024-06-07,11,Printer Paper,Stationery,179,8.99,False,0,False,New York,745
2024-06-07,12,Markers Pack,Stationery,120,6.29,True,10,False,New York,464
2024-06-07,3,USB-C Hub,Electronics,44,49.99,False,0,True,Phoenix,194
2024-06-07,7,Standing Desk,Furniture,12,599.99,True,0,False,Houston,36
2024-06-08,10,Pen Set,Stationery,396,10.39,True,20,True,Phoenix,1129
2024-06-08,7,Standing Desk,Furniture,8,599.99,False,0,False,New York,32
2024-06-08,13,Backpack Pro,Accessories,38,79.99,False,0,False,New York,91
2024-06-08,4,Mechanical Keyboard,Electronics,25,149.99,False,0,False,Los Angeles,46
2024-06-09,7,Standing Desk,Furniture,8,599.99,False,0,False,Chicago,26
2024-06-10,1,Laptop Pro 15,Electronics,15,1299.99,False,0,False,Houston,59
2024-06-10,8,Bookshelf,Furniture,12,199.99,False,0,False,Houston,40
2024-06-10,3,USB-C Hub,Electronics,28,49.99,False,0,False,Los Angeles,86
2024-06-10,5,Monitor 27inch,Electronics,25,299.99,True,25,False,Los Angeles,51
2024-06-11,15,Desk Lamp,Accessories,55,27.99,True,20,False,Chicago,195
2024-06-11,1,Laptop Pro 15,Electronics,14,1299.99,False,0,False,Los Angeles,40
2024-06-11,12,Markers Pack,Stationery,213,6.99,False,0,False,New York,970
2024-06-12,13,Backpack Pro,Accessories,35,79.99,False,0,False,Phoenix,61
2024-06-12,13,Backpack Pro,Accessories,16,79.99,False,0,True,Los Angeles,48
2024-06-12,1,Laptop Pro 15,Electronics,23,1104.99,True,15,False,Los Angeles,97
2024-06-12,15,Desk Lamp,Accessories,58,34.99,False,0,False,Houston,268
2024-06-12,12,Markers Pack,Stationery,116,6.99,False,0,False,Los Angeles,535
2024-06-13,9,Notebook A4,Stationery,222,4.99,False,0,False,Los Angeles,592
2024-06-13,2,Wireless Mouse,Electronics,147,29.99,False,0,False,New York,620
2024-06-13,15,Desk Lamp,Accessories,54,34.99,False,0,False,Houston,206
2024-06-13,10,Pen Set,Stationery,162,12.99,False,0,False,Phoenix,362
2024-06-13,10,Pen Set,Stationery,138,12.99,False,0,False,Houston,574
2024-06-14,7,Standing Desk,Furniture,17,449.99,True,25,False,Chicago,33
2024-06-14,8,Bookshelf,Furniture,16,179.99,True,10,True,Los Angeles,76
2024-06-14,13,Backpack Pro,Accessories,44,79.99,False,0,False,New York,180
2024-06-14,5,Monitor 27inch,Electronics,14,399.99,False,0,False,Phoenix,30
2024-06-14,11,Printer Paper,Stationery,176,8.99,False,0,False,Phoenix,351
2024-06-14,5,Monitor 27inch,Electronics,20,399.99,False,0,False,Los Angeles,43
2024-06-15,2,Wireless Mouse,Electronics,117,29.99,False,0,False,Phoenix,245
2024-06-15,7,Standing Desk,Furniture,10,599.99,False,0,False,Los Angeles,17
2024-06-15,9,Notebook A4,Stationery,348,4.99,False,0,False,Los Angeles,675
2024-06-15,5,Monitor 27inch,Electronics,31,399.99,False,0,False,New York,146
2024-06-16,15,Desk Lamp,Accessories,87,29.74,True,15,False,Phoenix,250
2024-06-16,9,Notebook A4,Stationery,370,3.74,True,25,False,Los Angeles,825
2024-06-16,9,Notebook A4,Stationery,186,4.99,False,0,False,Chicago,843
2024-06-16,9,Notebook A4,Stationery,306,4.99,False,0,False,Chicago,1392
2024-06-16,8,Bookshelf,Furniture,18,199.99,False,0,False,Los Angeles,37
2024-06-16,10,Pen Set,Stationery,277,12.99,True,0,False,New York,687
2024-06-16,3,USB-C Hub,Electronics,69,49.99,False,0,False,Los Angeles,279
2024-06-16,8,Bookshelf,Furniture,19,199.99,False,0,False,Houston,38
2024-06-16,9,Notebook A4,Stationery,376,4.99,False,0,False,Houston,1211
2024-06-16,9,Notebook A4,Stationery,266,4.99,False,0,False,Houston,586
2024-06-16,1,Laptop Pro 15,Electronics,12,1299.99,False,0,False,Phoenix,58
2024-06-16,10,Pen Set,Stationery,241,12.99,False,0,False,New York,983
2024-06-16,14,Water Bottle,Accessories,166,19.99,False,0,False,Los Angeles,345
2024-06-17,3,USB-C Hub,Electronics,32,49.99,False,0,False,New York,79
2024-06-17,3,USB-C Hub,Electronics,27,49.99,False,0,False,Houston,119
2024-06-17,8,Bookshelf,Furniture,12,199.99,False,0,False,Los Angeles,23
2024-06-17,13,Backpack Pro,Accessories,14,79.99,False,0,False,New York,23
2024-06-17,10,Pen Set,Stationery,123,12.99,False,0,False,New York,515
2024-06-18,1,Laptop Pro 15,Electronics,15,1299.99,False,0,False,Phoenix,39
2024-06-18,4,Mechanical Keyboard,Electronics,75,119.99,True,20,False,New York,236
2024-06-18,9,Notebook A4,Stationery,223,4.99,False,0,False,Chicago,742
2024-06-18,10,Pen Set,Stationery,181,12.99,False,0,False,Los Angeles,733
2024-06-18,3,USB-C Hub,Electronics,65,49.99,False,0,False,Chicago,105
2024-06-18,2,Wireless Mouse,Electronics,34,29.99,False,0,False,Los Angeles,128
2024-06-19,7,Standing Desk,Furniture,8,599.99,False,0,False,New York,15
2024-06-19,8,Bookshelf,Furniture,14,199.99,False,0,False,New York,27
2024-06-19,9,Notebook A4,Stationery,191,4.99,False,0,False,New York,419
2024-06-19,13,Backpack Pro,Accessories,36,79.99,False,0,False,Phoenix,144
2024-06-19,10,Pen Set,Stationery,126,12.99,False,0,False,Los Angeles,341
2024-06-19,2,Wireless Mouse,Electronics,61,29.99,False,0,False,Chicago,245
2024-06-19,9,Notebook A4,Stationery,176,4.99,False,0,False,Los Angeles,359
2024-06-20,3,USB-C Hub,Electronics,61,39.99,True,20,False,Phoenix,97
2024-06-20,8,Bookshelf,Furniture,24,199.99,True,0,False,Los Angeles,118
2024-06-20,15,Desk Lamp,Accessories,38,34.99,False,0,False,Chicago,86
2024-06-21,8,Bookshelf,Furniture,16,199.99,False,0,False,New York,61
2024-06-21,3,USB-C Hub,Electronics,70,49.99,True,0,False,Phoenix,238
2024-06-21,5,Monitor 27inch,Electronics,37,379.99,True,5,False,New York,179
2024-06-21,4,Mechanical Keyboard,Electronics,35,149.99,False,0,False,Houston,169
2024-06-22,3,USB-C Hub,Electronics,45,49.99,False,0,False,Chicago,70
2024-06-22,10,Pen Set,Stationery,193,12.99,False,0,False,Phoenix,355
2024-06-22,10,Pen Set,Stationery,147,12.99,False,0,False,New York,533
2024-06-22,6,Office Chair,Furniture,16,299.99,False,0,False,Chicago,76
2024-06-22,14,Water Bottle,Accessories,209,19.99,True,0,False,Los Angeles,667
2024-06-23,4,Mechanical Keyboard,Electronics,29,149.99,False,0,False,Houston,56
2024-06-23,13,Backpack Pro,Accessories,85,71.99,True,10,False,Los Angeles,405
2024-06-23,6,Office Chair,Furniture,7,299.99,False,0,False,Chicago,17
2024-06-23,14,Water Bottle,Accessories,145,19.99,False,0,False,Houston,489
2024-06-23,13,Backpack Pro,Accessories,27,79.99,False,0,False,Houston,122
2024-06-24,3,USB-C Hub,Electronics,60,49.99,False,0,False,Phoenix,126
2024-06-24,5,Monitor 27inch,Electronics,21,399.99,False,0,False,New York,75
2024-06-24,5,Monitor 27inch,Electronics,17,399.99,False,0,False,Chicago,27
2024-06-25,14,Water Bottle,Accessories,194,14.99,True,25,False,Houston,786
2024-06-25,4,Mechanical Keyboard,Electronics,27,149.99,False,0,False,Houston,72
2024-06-25,10,Pen Set,Stationery,181,12.99,False,0,False,New York,303
2024-06-25,10,Pen Set,Stationery,135,12.99,False,0,False,Houston,367
2024-06-25,15,Desk Lamp,Accessories,27,34.99,False,0,False,Phoenix,53
2024-06-25,5,Monitor 27inch,Electronics,10,399.99,False,0,False,New York,20
2024-06-26,10,Pen Set,Stationery,157,12.99,False,0,False,New York,332
2024-06-26,2,Wireless Mouse,Electronics,86,29.99,False,0,False,Los Angeles,407
2024-06-26,12,Markers Pack,Stationery,158,6.99,False,0,False,Houston,290
2024-06-27,2,Wireless Mouse,Electronics,113,29.99,False,0,False,Chicago,530
2024-06-27,14,Water Bottle,Accessories,87,19.99,False,0,False,Phoenix,292
2024-06-28,10,Pen Set,Stationery,143,12.99,False,0,False,Los Angeles,545
2024-06-28,9,Notebook A4,Stationery,94,4.99,False,0,False,Chicago,144
2024-06-28,12,Markers Pack,Stationery,182,6.64,True,5,False,Houston,298
2024-06-28,9,Notebook A4,Stationery,222,4.99,False,0,False,New York,747
2024-06-29,1,Laptop Pro 15,Electronics,13,1299.99,False,0,False,Houston,48
2024-06-29,6,Office Chair,Furniture,12,299.99,False,0,False,Los Angeles,18
2024-06-29,10,Pen Set,Stationery,220,12.99,False,0,False,Los Angeles,372
2024-06-29,13,Backpack Pro,Accessories,40,79.99,False,0,False,Houston,89
2024-06-29,4,Mechanical Keyboard,Electronics,45,149.99,False,0,False,Chicago,206
2024-07-01,15,Desk Lamp,Accessories,45,34.99,False,0,False,Los Angeles,130
2024-07-01,14,Water Bottle,Accessories,66,19.99,False,0,False,Houston,303
2024-07-01,12,Markers Pack,Stationery,114,6.99,False,0,False,New York,436
2024-07-01,5,Monitor 27inch,Electronics,18,399.99,False,0,False,Phoenix,69
2024-07-01,15,Desk Lamp,Accessories,78,29.74,True,15,False,Los Angeles,227
2024-07-02,10,Pen Set,Stationery,286,11.04,True,15,False,Chicago,777
2024-07-02,4,Mechanical Keyboard,Electronics,31,149.99,False,0,False,Chicago,90
2024-07-02,13,Backpack Pro,Accessories,24,79.99,False,0,False,Chicago,50
2024-07-02,8,Bookshelf,Furniture,12,199.99,False,0,False,Phoenix,30
2024-07-02,15,Desk Lamp,Accessories,48,26.24,True,25,False,New York,171
2024-07-02,11,Printer Paper,Stationery,207,8.99,False,0,False,Los Angeles,744
2024-07-02,10,Pen Set,Stationery,159,12.99,False,0,False,New York,446
2024-07-02,6,Office Chair,Furniture,3,299.99,False,0,False,New York,7
2024-07-03,1,Laptop Pro 15,Electronics,11,1299.99,False,0,False,New York,53
2024-07-03,8,Bookshelf,Furniture,11,199.99,False,0,False,Chicago,17
2024-07-03,12,Markers Pack,Stationery,97,6.99,False,0,False,Phoenix,460
2024-07-03,13,Backpack Pro,Accessories,23,79.99,False,0,False,Los Angeles,103
2024-07-04,4,Mechanical Keyboard,Electronics,39,149.99,False,0,False,New York,137
2024-07-04,5,Monitor 27inch,Electronics,20,399.99,False,0,False,Los Angeles,54
2024-07-05,11,Printer Paper,Stationery,196,8.99,False,0,False,Chicago,306
2024-07-05,14,Water Bottle,Accessories,111,17.99,True,10,False,Phoenix,279
2024-07-05,6,Office Chair,Furniture,16,299.99,False,0,True,Chicago,36
2024-07-05,4,Mechanical Keyboard,Electronics,26,149.99,False,0,False,Chicago,102
2024-07-05,8,Bookshelf,Furniture,15,199.99,False,0,False,Los Angeles,40
2024-07-05,13,Backpack Pro,Accessories,30,79.99,False,0,False,Houston,98
2024-07-06,1,Laptop Pro 15,Electronics,16,1299.99,False,0,False,Los Angeles,46
2024-07-06,15,Desk Lamp,Accessories,42,34.99,False,0,False,Chicago,170
2024-07-06,1,Laptop Pro 15,Electronics,23,1299.99,False,0,False,Chicago,43
2024-07-06,7,Standing Desk,Furniture,8,599.99,False,0,False,Houston,24
2024-07-07,8,Bookshelf,Furniture,15,199.99,False,0,False,New York,30
2024-07-07,4,Mechanical Keyboard,Electronics,35,149.99,False,0,False,Houston,158
2024-07-07,5,Monitor 27inch,Electronics,29,379.99,True,5,False,Chicago,51
2024-07-07,14,Water Bottle,Accessories,239,16.99,True,15,False,Chicago,1024
2024-07-07,12,Markers Pack,Stationery,169,5.59,True,20,False,New York,457
2024-07-07,11,Printer Paper,Stationery,182,8.99,False,0,False,Phoenix,453
2024-07-08,2,Wireless Mouse,Electronics,99,29.99,False,0,False,Los Angeles,209
2024-07-08,13,Backpack Pro,Accessories,35,63.99,True,20,False,New York,58
2024-07-08,1,Laptop Pro 15,Electronics,19,1299.99,True,0,False,New York,29
2024-07-08,5,Monitor 27inch,Electronics,20,399.99,False,0,False,Chicago,82
2024-07-08,12,Markers Pack,Stationery,161,6.99,False,0,False,New York,462
2024-07-08,12,Markers Pack,Stationery,83,6.99,False,0,False,Los Angeles,376
2024-07-08,14,Water Bottle,Accessories,115,19.99,False,0,False,Chicago,185
2024-07-08,14,Water Bottle,Accessories,110,19.99,False,0,False,Houston,238
2024-07-09,10,Pen Set,Stationery,124,12.99,False,0,False,Chicago,332
2024-07-09,12,Markers Pack,Stationery,251,6.29,True,10,False,Phoenix,890
2024-07-09,5,Monitor 27inch,Electronics,23,399.99,False,0,False,New York,71
2024-07-09,4,Mechanical Keyboard,Electronics,29,149.99,False,0,False,Chicago,123
2024-07-09,6,Office Chair,Furniture,17,299.99,False,0,False,New York,35
2024-07-10,7,Standing Desk,Furniture,7,599.99,False,0,False,Houston,12
2024-07-10,4,Mechanical Keyboard,Electronics,32,149.99,False,0,False,Phoenix,62
2024-07-10,2,Wireless Mouse,Electronics,60,29.99,False,0,False,Houston,202
2024-07-10,2,Wireless Mouse,Electronics,63,29.99,False,0,False,Phoenix,237
2024-07-10,15,Desk Lamp,Accessories,36,34.99,False,0,False,Phoenix,156
2024-07-10,5,Monitor 27inch,Electronics,34,399.99,False,0,True,Los Angeles,152
2024-07-10,12,Markers Pack,Stationery,120,6.99,False,0,False,Phoenix,187
2024-07-11,6,Office Chair,Furniture,18,299.99,False,0,False,Los Angeles,30
2024-07-11,6,Office Chair,Furniture,12,299.99,False,0,False,Los Angeles,19
2024-07-11,13,Backpack Pro,Accessories,14,79.99,False,0,False,Phoenix,50
2024-07-11,4,Mechanical Keyboard,Electronics,37,149.99,False,0,False,Phoenix,118
2024-07-11,5,Monitor 27inch,Electronics,20,399.99,False,0,False,Los Angeles,88
2024-07-12,7,Standing Desk,Furniture,9,599.99,False,0,False,New York,26
2024-07-12,5,Monitor 27inch,Electronics,24,399.99,False,0,False,Los Angeles,118
2024-07-13,12,Markers Pack,Stationery,226,6.99,False,0,False,Chicago,681
2024-07-13,10,Pen Set,Stationery,235,12.99,False,0,False,Los Angeles,745
2024-07-13,10,Pen Set,Stationery,199,12.99,False,0,False,New York,409
2024-07-13,14,Water Bottle,Accessories,148,19.99,False,0,False,Houston,394
2024-07-13,12,Markers Pack,Stationery,142,6.99,False,0,False,Chicago,565
2024-07-13,8,Bookshelf,Furniture,14,199.99,False,0,False,Phoenix,58
2024-07-14,1,Laptop Pro 15,Electronics,17,1299.99,False,0,False,Chicago,54
2024-07-15,1,Laptop Pro 15,Electronics,15,1299.99,False,0,False,Phoenix,53
2024-07-15,11,Printer Paper,Stationery,174,8.99,False,0,False,Houston,722
2024-07-15,8,Bookshelf,Furniture,13,199.99,False,0,False,Phoenix,38
2024-07-15,2,Wireless Mouse,Electronics,100,29.99,False,0,False,Phoenix,428
2024-07-15,4,Mechanical Keyboard,Electronics,39,149.99,False,0,False,New York,184
2024-07-15,9,Notebook A4,Stationery,80,4.99,False,0,False,Chicago,337
2024-07-15,1,Laptop Pro 15,Electronics,16,1299.99,False,0,False,Chicago,77
2024-07-16,2,Wireless Mouse,Electronics,83,29.99,False,0,False,Phoenix,377
2024-07-16,6,Office Chair,Furniture,10,299.99,False,0,True,Los Angeles,23
2024-07-16,7,Standing Desk,Furniture,11,599.99,False,0,False,New York,53
2024-07-16,4,Mechanical Keyboard,Electronics,40,149.99,False,0,False,Houston,142
2024-07-17,1,Laptop Pro 15,Electronics,12,1299.99,False,0,False,Chicago,52
2024-07-17,7,Standing Desk,Furniture,9,599.99,False,0,False,Los Angeles,27
2024-07-17,14,Water Bottle,Accessories,58,19.99,False,0,False,Los Angeles,258
2024-07-17,10,Pen Set,Stationery,199,12.99,False,0,False,Los Angeles,645
2024-07-17,7,Standing Desk,Furniture,15,509.99,True,15,False,Chicago,37
2024-07-18,6,Office Chair,Furniture,22,239.99,True,20,False,Los Angeles,72
2024-07-18,1,Laptop Pro 15,Electronics,22,1299.99,False,0,False,Chicago,58
2024-07-18,6,Office Chair,Furniture,12,299.99,False,0,False,Los Angeles,19
2024-07-18,6,Office Chair,Furniture,17,299.99,False,0,False,Chicago,37
2024-07-18,13,Backpack Pro,Accessories,38,79.99,False,0,False,Los Angeles,85
2024-07-18,4,Mechanical Keyboard,Electronics,31,149.99,False,0,False,Chicago,133
2024-07-19,14,Water Bottle,Accessories,203,15.99,True,20,False,Houston,788
2024-07-19,13,Backpack Pro,Accessories,18,79.99,False,0,False,New York,58
2024-07-19,2,Wireless Mouse,Electronics,72,29.99,False,0,False,Houston,347
2024-07-19,5,Monitor 27inch,Electronics,26,359.99,True,10,False,Los Angeles,72
2024-07-19,10,Pen Set,Stationery,163,9.74,True,25,False,Houston,663
2024-07-19,11,Printer Paper,Stationery,264,8.99,False,0,False,New York,1148
2024-07-20,6,Office Chair,Furniture,34,224.99,True,25,False,Chicago,165
2024-07-20,8,Bookshelf,Furniture,18,199.99,False,0,False,New York,64
2024-07-20,3,USB-C Hub,Electronics,62,49.99,False,0,False,New York,268
2024-07-20,1,Laptop Pro 15,Electronics,27,1299.99,False,0,False,Los Angeles,132
2024-07-21,6,Office Chair,Furniture,17,299.99,False,0,False,Houston,65
2024-07-21,5,Monitor 27inch,Electronics,24,399.99,False,0,False,Houston,101
2024-07-21,12,Markers Pack,Stationery,138,6.99,False,0,False,Phoenix,598
2024-07-21,10,Pen Set,Stationery,183,12.99,False,0,False,Los Angeles,518
2024-07-22,13,Backpack Pro,Accessories,29,79.99,False,0,True,Houston,134
2024-07-23,11,Printer Paper,Stationery,196,8.99,False,0,False,Houston,341
2024-07-23,6,Office Chair,Furniture,11,299.99,False,0,False,New York,38
2024-07-23,7,Standing Desk,Furniture,6,599.99,False,0,False,Houston,24
2024-07-24,5,Monitor 27inch,Electronics,28,399.99,False,0,False,Houston,119
2024-07-24,12,Markers Pack,Stationery,159,6.99,False,0,False,Los Angeles,417
2024-07-24,5,Monitor 27inch,Electronics,14,399.99,False,0,False,Houston,41
2024-07-24,4,Mechanical Keyboard,Electronics,37,149.99,False,0,False,Los Angeles,171
2024-07-24,13,Backpack Pro,Accessories,16,79.99,False,0,False,New York,63
2024-07-24,13,Backpack Pro,Accessories,23,79.99,False,0,False,Houston,47
2024-07-24,8,Bookshelf,Furniture,14,199.99,False,0,False,Phoenix,34
2024-07-24,2,Wireless Mouse,Electronics,49,29.99,False,0,False,Houston,163
2024-07-25,12,Markers Pack,Stationery,112,6.99,False,0,False,Phoenix,540
2024-07-25,9,Notebook A4,Stationery,232,4.99,False,0,False,Los Angeles,1092
2024-07-26,7,Standing Desk,Furniture,3,599.99,False,0,False,New York,7
2024-07-26,15,Desk Lamp,Accessories,32,34.99,False,0,False,New York,110
2024-07-26,4,Mechanical Keyboard,Electronics,33,149.99,False,0,False,New York,65
2024-07-26,4,Mechanical Keyboard,Electronics,34,149.99,False,0,False,New York,166
2024-07-26,7,Standing Desk,Furniture,8,599.99,False,0,False,New York,22
2024-07-26,9,Notebook A4,Stationery,121,4.99,False,0,False,Houston,557
2024-07-26,1,Laptop Pro 15,Electronics,14,1104.99,True,15,False,Houston,61
2024-07-26,8,Bookshelf,Furniture,24,179.99,True,10,False,Los Angeles,48
2024-07-26,11,Printer Paper,Stationery,102,8.99,False,0,True,Phoenix,400
2024-07-26,12,Markers Pack,Stationery,129,5.59,True,20,False,Chicago,473
2024-07-26,12,Markers Pack,Stationery,113,6.99,False,0,False,Houston,414
2024-07-27,13,Backpack Pro,Accessories,30,79.99,False,0,False,New York,144
2024-07-27,9,Notebook A4,Stationery,255,4.99,False,0,False,Houston,1031
2024-07-27,9,Notebook A4,Stationery,174,4.99,False,0,False,Phoenix,809
2024-07-28,5,Monitor 27inch,Electronics,39,399.99,False,0,False,Los Angeles,111
2024-07-28,9,Notebook A4,Stationery,381,4.99,True,0,False,Los Angeles,1508
2024-07-28,4,Mechanical Keyboard,Electronics,51,127.49,True,15,False,Houston,80
2024-07-29,9,Notebook A4,Stationery,329,3.99,True,20,False,Houston,987
2024-07-29,12,Markers Pack,Stationery,88,6.99,False,0,False,New York,158
2024-07-29,15,Desk Lamp,Accessories,29,34.99,False,0,False,New York,56
2024-07-29,9,Notebook A4,Stationery,229,4.99,False,0,False,Houston,1015
2024-07-30,6,Office Chair,Furniture,11,299.99,False,0,False,Houston,51
2024-07-30,6,Office Chair,Furniture,15,299.99,False,0,False,Chicago,31
2024-07-30,11,Printer Paper,Stationery,213,8.99,False,0,False,Los Angeles,988
2024-07-31,13,Backpack Pro,Accessories,19,79.99,False,0,False,Los Angeles,60
2024-07-31,10,Pen Set,Stationery,179,12.99,False,0,False,Phoenix,796
2024-07-31,5,Monitor 27inch,Electronics,33,359.99,True,10,False,Los Angeles,58
2024-07-31,11,Printer Paper,Stationery,163,8.99,False,0,True,New York,431
2024-07-31,12,Markers Pack,Stationery,115,6.99,False,0,False,Houston,259
2024-07-31,14,Water Bottle,Accessories,159,19.99,False,0,False,New York,331
2024-08-01,15,Desk Lamp,Accessories,21,34.99,False,0,False,New York,67
2024-08-01,8,Bookshelf,Furniture,12,199.99,False,0,False,New York,44
2024-08-01,11,Printer Paper,Stationery,87,8.99,False,0,False,Phoenix,315
2024-08-01,4,Mechanical Keyboard,Electronics,27,149.99,False,0,False,Phoenix,49
2024-08-01,2,Wireless Mouse,Electronics,86,29.99,False,0,False,Chicago,286
2024-08-01,10,Pen Set,Stationery,197,12.99,False,0,False,New York,453
2024-08-02,5,Monitor 27inch,Electronics,22,399.99,False,0,False,Los Angeles,38
2024-08-02,9,Notebook A4,Stationery,204,4.99,False,0,False,Houston,609
2024-08-02,4,Mechanical Keyboard,Electronics,9,149.99,False,0,False,Phoenix,39
2024-08-03,15,Desk Lamp,Accessories,60,29.74,True,15,False,New York,225
2024-08-03,6,Office Chair,Furniture,19,299.99,False,0,False,Phoenix,91
2024-08-03,7,Standing Desk,Furniture,10,599.99,False,0,False,Los Angeles,42
2024-08-03,4,Mechanical Keyboard,Electronics,24,149.99,False,0,False,Houston,96
2024-08-03,9,Notebook A4,Stationery,269,4.49,True,10,False,Phoenix,784
2024-08-03,8,Bookshelf,Furniture,18,199.99,False,0,False,Chicago,60
2024-08-05,10,Pen Set,Stationery,114,12.99,False,0,False,Phoenix,299
2024-08-05,11,Printer Paper,Stationery,107,8.99,False,0,False,Houston,484
2024-08-05,15,Desk Lamp,Accessories,28,27.99,True,20,False,Los Angeles,125
2024-08-05,12,Markers Pack,Stationery,130,6.99,False,0,False,Houston,424
2024-08-05,14,Water Bottle,Accessories,102,18.99,True,5,False,Houston,211
2024-08-05,12,Markers Pack,Stationery,119,6.99,False,0,False,Los Angeles,554
2024-08-05,10,Pen Set,Stationery,119,12.99,False,0,False,Los Angeles,548
2024-08-05,7,Standing Desk,Furniture,7,599.99,False,0,False,Phoenix,21
2024-08-05,10,Pen Set,Stationery,75,12.99,False,0,False,New York,193
2024-08-05,3,USB-C Hub,Electronics,56,49.99,False,0,False,Los Angeles,193
2024-08-06,1,Laptop Pro 15,Electronics,21,1299.99,False,0,False,Houston,101
2024-08-06,10,Pen Set,Stationery,138,12.99,False,0,False,Houston,352
2024-08-06,4,Mechanical Keyboard,Electronics,42,149.99,False,0,False,Houston,122
2024-08-07,2,Wireless Mouse,Electronics,62,29.99,False,0,False,Houston,194
2024-08-07,15,Desk Lamp,Accessories,45,34.99,False,0,False,Chicago,218
2024-08-07,4,Mechanical Keyboard,Electronics,40,149.99,False,0,False,Chicago,172
2024-08-07,3,USB-C Hub,Electronics,44,49.99,False,0,False,New York,186
2024-08-07,5,Monitor 27inch,Electronics,29,399.99,False,0,True,Houston,87
2024-08-08,5,Monitor 27inch,Electronics,34,339.99,True,15,False,New York,63
2024-08-08,9,Notebook A4,Stationery,223,4.99,False,0,False,Phoenix,910
2024-08-08,9,Notebook A4,Stationery,141,4.99,False,0,False,New York,600
2024-08-08,12,Markers Pack,Stationery,46,6.99,False,0,False,Chicago,124
2024-08-09,5,Monitor 27inch,Electronics,21,399.99,False,0,False,New York,71
2024-08-09,6,Office Chair,Furniture,15,299.99,False,0,False,New York,67
2024-08-09,10,Pen Set,Stationery,180,12.99,False,0,False,Los Angeles,540
2024-08-09,10,Pen Set,Stationery,269,12.34,True,5,False,Chicago,988
2024-08-09,8,Bookshelf,Furniture,17,199.99,False,0,False,New York,67
2024-08-10,6,Office Chair,Furniture,16,299.99,False,0,False,Phoenix,65
2024-08-10,7,Standing Desk,Furniture,14,599.99,False,0,False,New York,40
2024-08-11,2,Wireless Mouse,Electronics,180,29.99,False,0,False,Los Angeles,588
2024-08-11,13,Backpack Pro,Accessories,44,79.99,False,0,False,New York,185
2024-08-12,12,Markers Pack,Stationery,79,6.99,False,0,False,Phoenix,130
2024-08-12,14,Water Bottle,Accessories,109,19.99,False,0,False,Los Angeles,249
2024-08-12,15,Desk Lamp,Accessories,42,34.99,False,0,False,Los Angeles,73
2024-08-12,9,Notebook A4,Stationery,183,4.99,False,0,False,Houston,901
2024-08-12,10,Pen Set,Stationery,117,12.99,False,0,False,Chicago,476
2024-08-13,14,Water Bottle,Accessories,84,19.99,False,0,False,Chicago,148
2024-08-13,13,Backpack Pro,Accessories,29,79.99,False,0,False,Los Angeles,91
2024-08-13,4,Mechanical Keyboard,Electronics,50,134.99,True,10,False,Los Angeles,191
2024-08-13,11,Printer Paper,Stationery,198,8.54,True,5,False,Los Angeles,634
2024-08-14,6,Office Chair,Furniture,7,299.99,False,0,False,Chicago,14
2024-08-14,11,Printer Paper,Stationery,209,8.99,False,0,False,Houston,477
2024-08-15,14,Water Bottle,Accessories,176,19.99,False,0,False,Chicago,793
2024-08-15,4,Mechanical Keyboard,Electronics,28,149.99,False,0,False,New York,117
2024-08-15,12,Markers Pack,Stationery,109,6.99,False,0,False,Los Angeles,319
2024-08-15,1,Laptop Pro 15,Electronics,14,1299.99,False,0,False,Chicago,26
2024-08-15,9,Notebook A4,Stationery,276,4.99,False,0,False,Los Angeles,1186
2024-08-15,12,Markers Pack,Stationery,124,6.99,False,0,False,Los Angeles,491
2024-08-15,2,Wireless Mouse,Electronics,103,29.99,False,0,False,New York,385
2024-08-15,12,Markers Pack,Stationery,166,6.99,False,0,False,Phoenix,443
2024-08-16,9,Notebook A4,Stationery,213,4.99,False,0,False,Los Angeles,423
2024-08-16,14,Water Bottle,Accessories,95,19.99,False,0,False,Chicago,360
2024-08-16,8,Bookshelf,Furniture,9,199.99,False,0,False,Houston,42
2024-08-17,13,Backpack Pro,Accessories,48,79.99,False,0,False,Houston,144
2024-08-17,4,Mechanical Keyboard,Electronics,48,149.99,False,0,False,Los Angeles,216
2024-08-17,13,Backpack Pro,Accessories,28,79.99,False,0,False,Los Angeles,87
2024-08-17,5,Monitor 27inch,Electronics,25,399.99,False,0,False,Chicago,69
2024-08-17,7,Standing Desk,Furniture,13,599.99,False,0,False,Phoenix,59
2024-08-17,7,Standing Desk,Furniture,7,599.99,False,0,False,Houston,21
2024-08-17,5,Monitor 27inch,Electronics,22,399.99,False,0,False,Houston,86
2024-08-18,8,Bookshelf,Furniture,16,199.99,False,0,False,Phoenix,52
2024-08-18,15,Desk Lamp,Accessories,45,34.99,False,0,False,Houston,196
2024-08-18,11,Printer Paper,Stationery,270,8.99,False,0,False,Chicago,1059
2024-08-19,6,Office Chair,Furniture,18,299.99,False,0,True,Houston,44
2024-08-19,13,Backpack Pro,Accessories,27,79.99,False,0,False,Chicago,94
2024-08-19,9,Notebook A4,Stationery,149,4.99,False,0,False,Chicago,465
2024-08-19,11,Printer Paper,Stationery,183,8.99,False,0,False,Phoenix,717
2024-08-19,10,Pen Set,Stationery,178,12.99,False,0,False,Los Angeles,763
2024-08-20,4,Mechanical Keyboard,Electronics,44,149.99,False,0,False,Phoenix,83
2024-08-20,3,USB-C Hub,Electronics,52,49.99,False,0,False,New York,214
2024-08-20,6,Office Chair,Furniture,10,254.99,True,15,False,Houston,17
2024-08-22,2,Wireless Mouse,Electronics,75,29.99,False,0,False,Chicago,295
2024-08-22,8,Bookshelf,Furniture,17,199.99,False,0,False,Houston,48
2024-08-22,15,Desk Lamp,Accessories,28,34.99,False,0,False,Houston,120
2024-08-23,14,Water Bottle,Accessories,110,19.99,False,0,False,New York,325
2024-08-24,3,USB-C Hub,Electronics,74,49.99,False,0,False,Phoenix,168
2024-08-24,14,Water Bottle,Accessories,233,19.99,False,0,False,New York,461
2024-08-25,3,USB-C Hub,Electronics,54,42.49,True,15,False,Phoenix,251
2024-08-25,6,Office Chair,Furniture,20,299.99,False,0,False,Houston,87
2024-08-25,11,Printer Paper,Stationery,233,8.99,False,0,False,Chicago,793
2024-08-25,6,Office Chair,Furniture,25,254.99,True,15,False,Phoenix,42
2024-08-26,8,Bookshelf,Furniture,12,199.99,False,0,False,New York,59
2024-08-26,10,Pen Set,Stationery,187,12.99,False,0,False,Los Angeles,423
2024-08-27,13,Backpack Pro,Accessories,37,79.99,False,0,False,Los Angeles,134
2024-08-27,5,Monitor 27inch,Electronics,27,359.99,True,10,False,New York,109
2024-08-27,14,Water Bottle,Accessories,70,19.99,False,0,False,Los Angeles,211
2024-08-27,4,Mechanical Keyboard,Electronics,22,149.99,False,0,False,Phoenix,66
2024-08-27,6,Office Chair,Furniture,7,299.99,False,0,False,Phoenix,23
2024-08-28,11,Printer Paper,Stationery,113,8.99,False,0,False,Chicago,500
2024-08-28,14,Water Bottle,Accessories,73,19.99,False,0,False,New York,312
2024-08-28,3,USB-C Hub,Electronics,52,49.99,False,0,False,Chicago,104
2024-08-28,1,Laptop Pro 15,Electronics,3,1169.99,True,10,False,Houston,13
2024-08-29,2,Wireless Mouse,Electronics,24,29.99,False,0,False,Phoenix,119
2024-08-29,14,Water Bottle,Accessories,162,17.99,True,10,False,Houston,783
2024-08-30,10,Pen Set,Stationery,167,12.99,False,0,False,New York,450
2024-08-30,5,Monitor 27inch,Electronics,23,399.99,False,0,False,Phoenix,67
2024-08-30,15,Desk Lamp,Accessories,36,34.99,False,0,False,Phoenix,145
2024-08-30,5,Monitor 27inch,Electronics,21,399.99,False,0,False,Chicago,76
2024-08-30,8,Bookshelf,Furniture,11,199.99,False,0,False,Los Angeles,30
2024-08-30,8,Bookshelf,Furniture,17,179.99,True,10,False,Los Angeles,83
2024-08-31,4,Mechanical Keyboard,Electronics,36,149.99,False,0,False,Chicago,173
2024-08-31,12,Markers Pack,Stationery,191,6.99,False,0,False,Chicago,402
2024-08-31,1,Laptop Pro 15,Electronics,5,1299.99,False,0,False,Chicago,23
2024-08-31,3,USB-C Hub,Electronics,52,49.99,False,0,False,Chicago,162
2024-08-31,2,Wireless Mouse,Electronics,115,29.99,False,0,False,New York,444
2024-08-31,3,USB-C Hub,Electronics,53,49.99,False,0,False,New York,210
2024-08-31,11,Printer Paper,Stationery,379,7.64,True,15,False,Los Angeles,1148
2024-08-31,8,Bookshelf,Furniture,15,199.99,False,0,False,Chicago,35
2024-08-31,13,Backpack Pro,Accessories,23,63.99,True,20,False,Chicago,73
2024-08-31,3,USB-C Hub,Electronics,61,49.99,False,0,False,Los Angeles,139
2024-09-01,14,Water Bottle,Accessories,91,19.99,False,0,False,Chicago,402
2024-09-01,13,Backpack Pro,Accessories,38,79.99,False,0,False,Chicago,182
2024-09-02,6,Office Chair,Furniture,6,299.99,False,0,False,Los Angeles,10
2024-09-02,1,Laptop Pro 15,Electronics,18,1299.99,False,0,False,Los Angeles,75
2024-09-02,7,Standing Desk,Furniture,12,599.99,False,0,True,Chicago,41
2024-09-03,10,Pen Set,Stationery,105,12.99,False,0,False,Chicago,272
2024-09-03,9,Notebook A4,Stationery,230,4.99,False,0,False,New York,457
2024-09-03,1,Laptop Pro 15,Electronics,6,1299.99,False,0,False,Chicago,10
2024-09-03,2,Wireless Mouse,Electronics,55,29.99,False,0,False,New York,264
2024-09-03,3,USB-C Hub,Electronics,41,49.99,False,0,False,New York,101
2024-09-04,4,Mechanical Keyboard,Electronics,35,149.99,False,0,False,Phoenix,81
2024-09-04,4,Mechanical Keyboard,Electronics,19,149.99,False,0,False,New York,62
2024-09-04,13,Backpack Pro,Accessories,17,79.99,False,0,False,Los Angeles,71
2024-09-04,8,Bookshelf,Furniture,23,179.99,True,10,False,Phoenix,97
2024-09-04,12,Markers Pack,Stationery,309,6.64,True,5,True,Phoenix,1014
2024-09-05,3,USB-C Hub,Electronics,35,49.99,False,0,False,New York,134
2024-09-05,8,Bookshelf,Furniture,20,199.99,False,0,False,Houston,44
2024-09-05,8,Bookshelf,Furniture,28,199.99,False,0,False,Houston,132
2024-09-06,1,Laptop Pro 15,Electronics,26,974.99,True,25,False,New York,79
2024-09-06,14,Water Bottle,Accessories,123,19.99,False,0,False,Chicago,484
2024-09-07,13,Backpack Pro,Accessories,33,79.99,False,0,False,Chicago,97
2024-09-07,6,Office Chair,Furniture,22,299.99,True,0,False,Los Angeles,41
2024-09-08,8,Bookshelf,Furniture,18,199.99,False,0,False,Los Angeles,42
2024-09-08,5,Monitor 27inch,Electronics,36,399.99,True,0,False,Chicago,136
2024-09-08,11,Printer Paper,Stationery,252,8.99,False,0,True,Los Angeles,1047
2024-09-08,9,Notebook A4,Stationery,207,4.99,False,0,False,Chicago,868
2024-09-08,14,Water Bottle,Accessories,123,19.99,False,0,False,New York,513
2024-09-08,15,Desk Lamp,Accessories,65,31.49,True,10,False,Los Angeles,170
2024-09-08,14,Water Bottle,Accessories,175,19.99,False,0,False,Houston,762
2024-09-08,8,Bookshelf,Furniture,21,199.99,False,0,True,Houston,102
2024-09-08,2,Wireless Mouse,Electronics,162,29.99,False,0,False,Chicago,295
2024-09-08,12,Markers Pack,Stationery,146,6.99,False,0,False,Houston,530
2024-09-08,15,Desk Lamp,Accessories,68,34.99,False,0,True,Chicago,273
2024-09-09,6,Office Chair,Furniture,19,239.99,True,20,False,New York,52
2024-09-09,1,Laptop Pro 15,Electronics,15,1299.99,False,0,True,Chicago,28
2024-09-09,11,Printer Paper,Stationery,239,8.99,False,0,False,Los Angeles,543
2024-09-10,12,Markers Pack,Stationery,240,5.24,True,25,False,Chicago,423
2024-09-10,11,Printer Paper,Stationery,237,8.99,False,0,True,Chicago,955
2024-09-10,5,Monitor 27inch,Electronics,16,399.99,False,0,False,Phoenix,58
2024-09-10,13,Backpack Pro,Accessories,26,79.99,False,0,False,Phoenix,86
2024-09-10,9,Notebook A4,Stationery,239,4.99,False,0,False,Phoenix,729
2024-09-10,5,Monitor 27inch,Electronics,11,399.99,False,0,False,Los Angeles,27
2024-09-10,13,Backpack Pro,Accessories,53,67.99,True,15,False,Chicago,100
2024-09-10,13,Backpack Pro,Accessories,15,79.99,False,0,False,Chicago,67
2024-09-10,7,Standing Desk,Furniture,8,569.99,True,5,False,Phoenix,17
2024-09-10,4,Mechanical Keyboard,Electronics,31,149.99,False,0,False,Los Angeles,122
2024-09-10,5,Monitor 27inch,Electronics,22,399.99,False,0,False,Phoenix,108
2024-09-10,10,Pen Set,Stationery,124,12.99,False,0,False,Phoenix,461
2024-09-10,9,Notebook A4,Stationery,148,4.99,False,0,False,Phoenix,259
2024-09-11,9,Notebook A4,Stationery,193,4.99,False,0,False,Houston,475
2024-09-11,14,Water Bottle,Accessories,103,19.99,False,0,False,New York,491
2024-09-11,5,Monitor 27inch,Electronics,19,399.99,False,0,False,Houston,42
2024-09-11,15,Desk Lamp,Accessories,37,34.99,False,0,False,New York,68
2024-09-11,9,Notebook A4,Stationery,234,4.99,False,0,False,Los Angeles,1089
2024-09-11,13,Backpack Pro,Accessories,36,79.99,False,0,False,New York,87
2024-09-11,8,Bookshelf,Furniture,17,199.99,False,0,False,Houston,75
2024-09-12,15,Desk Lamp,Accessories,23,34.99,False,0,False,New York,40
2024-09-12,13,Backpack Pro,Accessories,33,79.99,False,0,False,Phoenix,77
2024-09-12,15,Desk Lamp,Accessories,36,34.99,False,0,False,Houston,152
2024-09-12,9,Notebook A4,Stationery,194,4.99,False,0,False,Houston,886
2024-09-12,15,Desk Lamp,Accessories,23,34.99,False,0,False,Phoenix,36
2024-09-13,3,USB-C Hub,Electronics,56,49.99,False,0,False,Houston,234
2024-09-13,5,Monitor 27inch,Electronics,30,319.99,True,20,False,Phoenix,81
2024-09-13,4,Mechanical Keyboard,Electronics,22,149.99,False,0,False,Phoenix,94
2024-09-13,3,USB-C Hub,Electronics,52,37.49,True,25,False,Chicago,213
2024-09-13,9,Notebook A4,Stationery,236,4.99,False,0,False,Phoenix,578
2024-09-13,12,Markers Pack,Stationery,161,6.99,False,0,False,Chicago,745
2024-09-14,7,Standing Desk,Furniture,8,599.99,False,0,False,New York,38
2024-09-14,10,Pen Set,Stationery,214,12.99,False,0,False,Phoenix,989
2024-09-14,3,USB-C Hub,Electronics,79,49.99,False,0,False,Los Angeles,334
2024-09-14,15,Desk Lamp,Accessories,69,34.99,False,0,False,New York,202
2024-09-14,12,Markers Pack,Stationery,105,6.99,False,0,False,Phoenix,441
2024-09-14,5,Monitor 27inch,Electronics,19,399.99,False,0,False,Chicago,74
2024-09-14,6,Office Chair,Furniture,26,299.99,False,0,True,Phoenix,83
2024-09-14,4,Mechanical Keyboard,Electronics,46,149.99,False,0,False,Phoenix,145
2024-09-14,3,USB-C Hub,Electronics,63,49.99,False,0,False,Houston,237
2024-09-14,9,Notebook A4,Stationery,349,4.99,False,0,False,Chicago,880
2024-09-14,5,Monitor 27inch,Electronics,30,399.99,False,0,False,Chicago,112
2024-09-15,12,Markers Pack,Stationery,98,6.99,False,0,False,New York,298
2024-09-15,1,Laptop Pro 15,Electronics,16,1299.99,False,0,False,Chicago,50
2024-09-15,15,Desk Lamp,Accessories,64,26.24,True,25,False,Los Angeles,244
2024-09-15,5,Monitor 27inch,Electronics,39,339.99,True,15,False,Phoenix,62
2024-09-16,5,Monitor 27inch,Electronics,23,399.99,False,0,False,Los Angeles,99
2024-09-16,3,USB-C Hub,Electronics,66,49.99,False,0,False,Phoenix,110
2024-09-16,9,Notebook A4,Stationery,192,4.99,False,0,False,Chicago,959
2024-09-16,1,Laptop Pro 15,Electronics,21,1299.99,False,0,False,Houston,37
2024-09-16,1,Laptop Pro 15,Electronics,1,1299.99,False,0,False,Phoenix,4
2024-09-16,12,Markers Pack,Stationery,145,6.29,True,10,False,Los Angeles,680
2024-09-16,9,Notebook A4,Stationery,200,4.99,False,0,False,Phoenix,703
2024-09-16,3,USB-C Hub,Electronics,31,49.99,False,0,False,Phoenix,72
2024-09-16,8,Bookshelf,Furniture,11,199.99,False,0,False,New York,44
2024-09-17,11,Printer Paper,Stationery,202,8.99,False,0,False,Houston,360
2024-09-17,4,Mechanical Keyboard,Electronics,13,149.99,False,0,False,Los Angeles,32
2024-09-17,12,Markers Pack,Stationery,159,6.99,False,0,False,Phoenix,475
2024-09-17,3,USB-C Hub,Electronics,52,49.99,False,0,False,New York,242
2024-09-17,10,Pen Set,Stationery,155,12.99,False,0,False,New York,736
2024-09-17,9,Notebook A4,Stationery,175,4.99,False,0,False,Chicago,556
2024-09-17,2,Wireless Mouse,Electronics,47,29.99,False,0,False,Chicago,214
2024-09-18,10,Pen Set,Stationery,119,12.99,False,0,False,Phoenix,366
2024-09-18,10,Pen Set,Stationery,221,11.04,True,15,False,Chicago,659
2024-09-18,6,Office Chair,Furniture,12,299.99,False,0,False,New York,20
2024-09-18,10,Pen Set,Stationery,297,9.74,True,25,False,Houston,1339
2024-09-19,3,USB-C Hub,Electronics,51,49.99,False,0,False,New York,115
2024-09-19,8,Bookshelf,Furniture,11,199.99,False,0,False,Phoenix,19
2024-09-19,11,Printer Paper,Stationery,101,8.99,False,0,False,Houston,170
2024-09-20,10,Pen Set,Stationery,159,12.99,False,0,False,Phoenix,295
2024-09-20,11,Printer Paper,Stationery,122,8.99,False,0,False,Chicago,383
2024-09-20,6,Office Chair,Furniture,11,299.99,False,0,False,Houston,25
2024-09-20,9,Notebook A4,Stationery,128,4.99,False,0,False,Phoenix,398
2024-09-20,15,Desk Lamp,Accessories,62,34.99,False,0,False,Houston,110
2024-09-20,6,Office Chair,Furniture,14,299.99,False,0,False,Chicago,30
2024-09-21,6,Office Chair,Furniture,5,299.99,False,0,False,New York,9
2024-09-21,13,Backpack Pro,Accessories,84,59.99,True,25,False,Houston,228
2024-09-21,10,Pen Set,Stationery,308,12.99,False,0,True,New York,739
2024-09-22,15,Desk Lamp,Accessories,75,34.99,False,0,False,Chicago,260
2024-09-22,7,Standing Desk,Furniture,8,599.99,False,0,False,New York,20
2024-09-22,5,Monitor 27inch,Electronics,27,399.99,False,0,False,New York,89
2024-09-22,11,Printer Paper,Stationery,303,8.99,False,0,False,Los Angeles,1046
2024-09-22,9,Notebook A4,Stationery,383,3.74,True,25,False,Houston,1496
2024-09-23,3,USB-C Hub,Electronics,59,49.99,False,0,False,New York,235
2024-09-23,2,Wireless Mouse,Electronics,151,29.99,False,0,True,Los Angeles,344
2024-09-23,3,USB-C Hub,Electronics,43,49.99,False,0,False,Houston,164
2024-09-23,13,Backpack Pro,Accessories,29,79.99,False,0,False,Chicago,139
2024-09-24,11,Printer Paper,Stationery,189,8.99,False,0,False,New York,476
2024-09-24,7,Standing Desk,Furniture,8,599.99,False,0,False,Houston,33
2024-09-24,8,Bookshelf,Furniture,7,199.99,False,0,True,Houston,11
2024-09-24,15,Desk Lamp,Accessories,43,34.99,False,0,False,Los Angeles,92
2024-09-24,15,Desk Lamp,Accessories,98,33.24,True,5,False,Los Angeles,476
2024-09-25,7,Standing Desk,Furniture,5,599.99,False,0,False,Houston,21
2024-09-25,13,Backpack Pro,Accessories,26,75.99,True,5,False,Houston,77
2024-09-25,2,Wireless Mouse,Electronics,36,29.99,False,0,False,Houston,72
2024-09-26,4,Mechanical Keyboard,Electronics,21,149.99,False,0,False,Chicago,52
2024-09-26,13,Backpack Pro,Accessories,27,79.99,False,0,False,Los Angeles,59
2024-09-26,7,Standing Desk,Furniture,4,599.99,False,0,False,Houston,10
2024-09-27,1,Laptop Pro 15,Electronics,9,1299.99,False,0,False,Houston,25
2024-09-27,1,Laptop Pro 15,Electronics,11,1299.99,False,0,False,Los Angeles,19
2024-09-27,10,Pen Set,Stationery,133,12.99,False,0,False,Houston,422
2024-09-28,15,Desk Lamp,Accessories,36,34.99,False,0,False,Phoenix,81
2024-09-28,15,Desk Lamp,Accessories,30,34.99,False,0,False,Chicago,47
2024-09-28,10,Pen Set,Stationery,198,12.99,False,0,False,Phoenix,312
2024-09-28,10,Pen Set,Stationery,184,12.99,False,0,False,Houston,390
2024-09-29,14,Water Bottle,Accessories,46,19.99,False,0,False,Chicago,219
2024-09-29,4,Mechanical Keyboard,Electronics,29,149.99,False,0,False,Houston,69
2024-09-29,15,Desk Lamp,Accessories,64,34.99,False,0,False,Chicago,171
2024-09-30,12,Markers Pack,Stationery,107,6.99,False,0,False,Phoenix,233
2024-09-30,5,Monitor 27inch,Electronics,22,399.99,False,0,False,Chicago,86
2024-09-30,1,Laptop Pro 15,Electronics,36,1104.99,True,15,False,Chicago,132
2024-09-30,11,Printer Paper,Stationery,175,8.99,False,0,False,Houston,404
2024-09-30,14,Water Bottle,Accessories,47,19.99,False,0,False,New York,219
2024-09-30,7,Standing Desk,Furniture,5,599.99,False,0,False,Houston,22
2024-09-30,3,USB-C Hub,Electronics,28,49.99,False,0,False,New York,99
2024-10-01,5,Monitor 27inch,Electronics,15,399.99,False,0,False,Phoenix,45
2024-10-01,13,Backpack Pro,Accessories,25,79.99,False,0,False,Los Angeles,103
2024-10-01,4,Mechanical Keyboard,Electronics,30,149.99,False,0,True,New York,79
2024-10-01,7,Standing Desk,Furniture,5,599.99,False,0,False,Houston,20
2024-10-01,11,Printer Paper,Stationery,151,8.99,False,0,False,Chicago,594
2024-10-02,5,Monitor 27inch,Electronics,23,399.99,False,0,False,Los Angeles,92
2024-10-02,10,Pen Set,Stationery,116,12.99,False,0,False,Los Angeles,527
2024-10-02,2,Wireless Mouse,Electronics,63,29.99,False,0,False,Los Angeles,126
2024-10-03,8,Bookshelf,Furniture,17,199.99,False,0,False,Chicago,57
2024-10-03,9,Notebook A4,Stationery,144,4.99,False,0,False,Phoenix,631
2024-10-04,6,Office Chair,Furniture,14,299.99,False,0,False,Chicago,26
2024-10-04,7,Standing Desk,Furniture,10,509.99,True,15,False,Houston,26
2024-10-04,13,Backpack Pro,Accessories,26,79.99,False,0,False,New York,48
2024-10-04,9,Notebook A4,Stationery,150,4.99,False,0,False,Los Angeles,627
2024-10-05,10,Pen Set,Stationery,288,12.99,False,0,False,New York,1364
2024-10-05,4,Mechanical Keyboard,Electronics,39,149.99,False,0,False,Chicago,104
2024-10-05,12,Markers Pack,Stationery,257,6.29,True,10,False,New York,1087
2024-10-05,7,Standing Desk,Furniture,14,599.99,False,0,False,Houston,39
2024-10-05,8,Bookshelf,Furniture,16,199.99,False,0,False,Houston,27
2024-10-05,10,Pen Set,Stationery,312,12.34,True,5,False,Chicago,718
2024-10-05,2,Wireless Mouse,Electronics,102,25.49,True,15,False,Houston,210
2024-10-05,6,Office Chair,Furniture,12,299.99,False,0,False,Houston,18
2024-10-05,6,Office Chair,Furniture,9,299.99,False,0,False,Houston,30
2024-10-06,14,Water Bottle,Accessories,114,19.99,False,0,False,Los Angeles,369
2024-10-06,7,Standing Desk,Furniture,12,599.99,False,0,False,New York,59
2024-10-06,3,USB-C Hub,Electronics,63,49.99,False,0,False,Houston,188
2024-10-07,15,Desk Lamp,Accessories,39,34.99,False,0,False,Los Angeles,66
2024-10-07,6,Office Chair,Furniture,17,299.99,False,0,False,New York,46
2024-10-08,15,Desk Lamp,Accessories,79,26.24,True,25,False,Houston,145
2024-10-08,3,USB-C Hub,Electronics,45,49.99,False,0,False,Los Angeles,200
2024-10-08,7,Standing Desk,Furniture,3,599.99,False,0,False,Phoenix,9
2024-10-08,1,Laptop Pro 15,Electronics,18,1299.99,False,0,False,New York,86
2024-10-08,12,Markers Pack,Stationery,159,6.99,False,0,False,Houston,682
2024-10-08,3,USB-C Hub,Electronics,40,49.99,False,0,False,Chicago,186
2024-10-08,4,Mechanical Keyboard,Electronics,33,149.99,False,0,False,New York,157
2024-10-08,8,Bookshelf,Furniture,12,199.99,False,0,False,Los Angeles,46
2024-10-08,2,Wireless Mouse,Electronics,92,29.99,False,0,False,Chicago,180
2024-10-09,14,Water Bottle,Accessories,84,19.99,False,0,False,Houston,248
2024-10-09,7,Standing Desk,Furniture,6,599.99,False,0,False,Houston,29
2024-10-09,11,Printer Paper,Stationery,184,8.99,False,0,True,Houston,764
2024-10-09,13,Backpack Pro,Accessories,28,79.99,False,0,False,New York,107
2024-10-09,5,Monitor 27inch,Electronics,26,399.99,False,0,False,Chicago,95
2024-10-09,7,Standing Desk,Furniture,8,599.99,False,0,False,Los Angeles,16
2024-10-09,12,Markers Pack,Stationery,150,6.99,False,0,False,Phoenix,346
2024-10-10,15,Desk Lamp,Accessories,64,33.24,True,5,False,Phoenix,288
2024-10-10,12,Markers Pack,Stationery,163,6.99,False,0,False,Los Angeles,656
2024-10-10,15,Desk Lamp,Accessories,27,34.99,False,0,False,Phoenix,58
2024-10-10,4,Mechanical Keyboard,Electronics,45,112.49,True,25,False,New York,157
2024-10-10,4,Mechanical Keyboard,Electronics,37,112.49,True,25,False,Houston,100
2024-10-11,3,USB-C Hub,Electronics,55,49.99,False,0,False,Los Angeles,153
2024-10-11,15,Desk Lamp,Accessories,50,34.99,False,0,False,Chicago,194
2024-10-11,6,Office Chair,Furniture,16,299.99,False,0,False,Los Angeles,38
2024-10-11,4,Mechanical Keyboard,Electronics,26,149.99,False,0,False,Phoenix,68
2024-10-11,10,Pen Set,Stationery,143,12.99,False,0,False,Houston,628
2024-10-12,5,Monitor 27inch,Electronics,16,399.99,False,0,False,Houston,42
2024-10-13,6,Office Chair,Furniture,22,299.99,False,0,False,Phoenix,53
2024-10-13,15,Desk Lamp,Accessories,54,34.99,False,0,False,New York,236
2024-10-13,10,Pen Set,Stationery,168,12.99,False,0,False,Los Angeles,389
2024-10-13,4,Mechanical Keyboard,Electronics,23,149.99,False,0,False,New York,97
2024-10-13,15,Desk Lamp,Accessories,50,34.99,False,0,False,Los Angeles,86
2024-10-13,13,Backpack Pro,Accessories,33,79.99,False,0,False,Houston,104
2024-10-13,13,Backpack Pro,Accessories,37,79.99,False,0,False,Houston,60
2024-10-13,8,Bookshelf,Furniture,15,199.99,False,0,False,Los Angeles,67
2024-10-14,3,USB-C Hub,Electronics,27,49.99,False,0,False,Chicago,82
2024-10-14,2,Wireless Mouse,Electronics,45,29.99,False,0,False,New York,143
2024-10-14,3,USB-C Hub,Electronics,53,39.99,True,20,False,Phoenix,229
2024-10-14,15,Desk Lamp,Accessories,48,34.99,False,0,False,Houston,172
2024-10-14,4,Mechanical Keyboard,Electronics,25,149.99,False,0,False,Chicago,41
2024-10-15,12,Markers Pack,Stationery,127,6.64,True,5,False,Chicago,354
2024-10-15,12,Markers Pack,Stationery,38,6.99,False,0,False,Los Angeles,66
2024-10-15,10,Pen Set,Stationery,178,12.99,False,0,False,Phoenix,579
2024-10-16,13,Backpack Pro,Accessories,25,79.99,False,0,False,Phoenix,124
2024-10-16,10,Pen Set,Stationery,96,12.99,False,0,False,Chicago,363
2024-10-16,9,Notebook A4,Stationery,219,4.99,False,0,False,Los Angeles,765
2024-10-16,13,Backpack Pro,Accessories,34,79.99,False,0,False,Houston,71
2024-10-17,9,Notebook A4,Stationery,244,4.99,False,0,False,New York,990
2024-10-17,2,Wireless Mouse,Electronics,112,26.99,True,10,False,Los Angeles,526
2024-10-17,11,Printer Paper,Stationery,214,8.99,False,0,False,Los Angeles,675
2024-10-17,1,Laptop Pro 15,Electronics,24,1104.99,True,15,False,Phoenix,81
2024-10-17,11,Printer Paper,Stationery,199,8.99,False,0,False,Phoenix,922
2024-10-17,4,Mechanical Keyboard,Electronics,27,149.99,False,0,False,Chicago,125
2024-10-18,6,Office Chair,Furniture,14,299.99,False,0,False,Houston,58
2024-10-18,15,Desk Lamp,Accessories,37,34.99,False,0,False,New York,82
2024-10-18,13,Backpack Pro,Accessories,30,79.99,False,0,False,New York,145
2024-10-19,6,Office Chair,Furniture,28,299.99,False,0,False,Chicago,92
2024-10-20,7,Standing Desk,Furniture,11,599.99,False,0,False,Chicago,28
2024-10-20,9,Notebook A4,Stationery,406,4.99,False,0,False,Chicago,673
2024-10-20,12,Markers Pack,Stationery,189,6.99,False,0,False,Los Angeles,631
2024-10-20,6,Office Chair,Furniture,12,299.99,False,0,False,Phoenix,44
2024-10-20,14,Water Bottle,Accessories,116,19.99,False,0,False,Chicago,547
2024-10-21,9,Notebook A4,Stationery,98,4.99,False,0,False,New York,402
2024-10-21,7,Standing Desk,Furniture,10,569.99,True,5,False,Chicago,16
2024-10-21,6,Office Chair,Furniture,17,299.99,False,0,False,New York,40
2024-10-21,7,Standing Desk,Furniture,7,599.99,False,0,False,Phoenix,30
2024-10-22,2,Wireless Mouse,Electronics,79,29.99,False,0,False,Chicago,355
2024-10-22,11,Printer Paper,Stationery,210,8.99,False,0,False,Phoenix,382
2024-10-22,15,Desk Lamp,Accessories,52,34.99,False,0,False,New York,160
2024-10-22,11,Printer Paper,Stationery,153,8.99,False,0,False,Phoenix,718
2024-10-22,1,Laptop Pro 15,Electronics,14,1299.99,False,0,False,Houston,22
2024-10-23,9,Notebook A4,Stationery,157,4.99,False,0,False,Los Angeles,498
2024-10-23,8,Bookshelf,Furniture,14,199.99,False,0,False,Houston,40
2024-10-23,3,USB-C Hub,Electronics,76,49.99,False,0,False,Los Angeles,216
2024-10-23,11,Printer Paper,Stationery,153,8.99,False,0,False,Chicago,333
2024-10-23,14,Water Bottle,Accessories,115,19.99,False,0,False,New York,375
2024-10-23,6,Office Chair,Furniture,7,299.99,False,0,False,Chicago,11
2024-10-23,11,Printer Paper,Stationery,259,8.99,False,0,True,Houston,783
2024-10-24,1,Laptop Pro 15,Electronics,27,1299.99,True,0,False,New York,61
2024-10-24,5,Monitor 27inch,Electronics,15,399.99,False,0,False,New York,24
2024-10-24,3,USB-C Hub,Electronics,31,49.99,False,0,False,Phoenix,95
2024-10-24,15,Desk Lamp,Accessories,36,34.99,False,0,False,Phoenix,162
2024-10-25,3,USB-C Hub,Electronics,90,49.99,False,0,False,Los Angeles,143
2024-10-25,5,Monitor 27inch,Electronics,23,399.99,False,0,False,Phoenix,78
2024-10-25,8,Bookshelf,Furniture,28,179.99,True,10,False,Chicago,62
2024-10-25,2,Wireless Mouse,Electronics,65,29.99,False,0,False,New York,197
2024-10-25,4,Mechanical Keyboard,Electronics,33,149.99,False,0,False,Phoenix,146
2024-10-25,14,Water Bottle,Accessories,102,19.99,False,0,False,Phoenix,366
2024-10-25,1,Laptop Pro 15,Electronics,13,1299.99,False,0,False,Chicago,47
2024-10-26,5,Monitor 27inch,Electronics,15,399.99,False,0,False,Houston,46
2024-10-26,5,Monitor 27inch,Electronics,30,399.99,False,0,False,Houston,111
2024-10-26,9,Notebook A4,Stationery,321,4.99,False,0,False,Phoenix,1584
2024-10-26,12,Markers Pack,Stationery,192,6.99,False,0,False,Phoenix,432
2024-10-26,5,Monitor 27inch,Electronics,19,399.99,False,0,False,New York,55
2024-10-26,14,Water Bottle,Accessories,143,19.99,False,0,False,Houston,228
2024-10-26,8,Bookshelf,Furniture,17,199.99,False,0,False,New York,75
2024-10-26,6,Office Chair,Furniture,15,299.99,False,0,False,New York,51
2024-10-26,7,Standing Desk,Furniture,7,599.99,False,0,False,Los Angeles,30
2024-10-27,2,Wireless Mouse,Electronics,78,29.99,False,0,False,Phoenix,150
2024-10-27,2,Wireless Mouse,Electronics,114,29.99,False,0,False,Los Angeles,275
2024-10-27,14,Water Bottle,Accessories,139,19.99,False,0,False,Phoenix,611
2024-10-27,3,USB-C Hub,Electronics,48,49.99,False,0,False,New York,103
2024-10-28,7,Standing Desk,Furniture,6,599.99,False,0,False,Phoenix,29
2024-10-28,11,Printer Paper,Stationery,188,8.09,True,10,False,Chicago,290
2024-10-28,1,Laptop Pro 15,Electronics,11,1299.99,False,0,False,Houston,22
2024-10-28,1,Laptop Pro 15,Electronics,18,1299.99,False,0,False,Los Angeles,65
2024-10-28,6,Office Chair,Furniture,12,299.99,False,0,False,Houston,37
2024-10-28,3,USB-C Hub,Electronics,39,49.99,False,0,False,Phoenix,161
2024-10-28,4,Mechanical Keyboard,Electronics,30,149.99,False,0,False,New York,100
2024-10-29,12,Markers Pack,Stationery,180,6.99,False,0,False,Phoenix,798
2024-10-29,7,Standing Desk,Furniture,9,599.99,False,0,False,Los Angeles,34
2024-10-29,13,Backpack Pro,Accessories,11,79.99,False,0,False,Phoenix,17
2024-10-29,13,Backpack Pro,Accessories,7,79.99,False,0,False,Los Angeles,22
2024-10-29,4,Mechanical Keyboard,Electronics,33,149.99,False,0,False,Phoenix,156
2024-10-29,12,Markers Pack,Stationery,129,6.99,False,0,False,Phoenix,446
2024-10-30,14,Water Bottle,Accessories,85,19.99,False,0,False,Houston,330
2024-10-30,10,Pen Set,Stationery,94,12.99,False,0,False,Houston,145
2024-10-30,2,Wireless Mouse,Electronics,79,29.99,False,0,False,Phoenix,252
2024-10-30,14,Water Bottle,Accessories,48,19.99,False,0,False,Chicago,94
2024-10-30,7,Standing Desk,Furniture,9,599.99,False,0,False,Phoenix,15
2024-10-30,7,Standing Desk,Furniture,5,599.99,False,0,False,Chicago,23
2024-10-30,1,Laptop Pro 15,Electronics,18,1299.99,False,0,False,Phoenix,76
2024-10-30,5,Monitor 27inch,Electronics,12,399.99,False,0,False,Houston,55
2024-10-31,9,Notebook A4,Stationery,147,4.99,False,0,False,Chicago,393
2024-10-31,1,Laptop Pro 15,Electronics,14,1299.99,False,0,False,Houston,40
2024-10-31,12,Markers Pack,Stationery,106,6.99,False,0,True,Chicago,439
2024-10-31,5,Monitor 27inch,Electronics,21,399.99,False,0,False,New York,89
2024-10-31,3,USB-C Hub,Electronics,58,49.99,False,0,False,Chicago,152
2024-11-01,3,USB-C Hub,Electronics,98,39.99,True,20,False,Chicago,148
2024-11-01,9,Notebook A4,Stationery,305,4.99,False,0,False,Los Angeles,754
2024-11-01,12,Markers Pack,Stationery,164,6.99,False,0,False,Phoenix,558
2024-11-01,15,Desk Lamp,Accessories,92,34.99,False,0,False,New York,225
2024-11-02,6,Office Chair,Furniture,23,299.99,False,0,False,Chicago,42
2024-11-02,1,Laptop Pro 15,Electronics,45,1299.99,True,0,False,Phoenix,77
2024-11-02,9,Notebook A4,Stationery,540,4.99,False,0,False,Houston,2095
2024-11-02,5,Monitor 27inch,Electronics,25,399.99,False,0,False,Phoenix,71
2024-11-02,9,Notebook A4,Stationery,323,4.99,False,0,False,New York,837
2024-11-02,13,Backpack Pro,Accessories,90,75.99,True,5,False,Houston,392
2024-11-03,1,Laptop Pro 15,Electronics,32,1299.99,False,0,False,Phoenix,107
2024-11-03,2,Wireless Mouse,Electronics,130,29.99,False,0,False,Chicago,438
2024-11-04,8,Bookshelf,Furniture,36,199.99,False,0,False,Phoenix,149
2024-11-04,3,USB-C Hub,Electronics,57,49.99,False,0,False,Phoenix,133
2024-11-05,3,USB-C Hub,Electronics,101,49.99,False,0,True,Phoenix,503
2024-11-05,4,Mechanical Keyboard,Electronics,57,149.99,False,0,False,Los Angeles,219
2024-11-06,13,Backpack Pro,Accessories,30,79.99,False,0,False,Phoenix,75
2024-11-06,2,Wireless Mouse,Electronics,183,29.99,False,0,False,Los Angeles,740
2024-11-06,13,Backpack Pro,Accessories,45,79.99,False,0,False,Houston,99
2024-11-06,10,Pen Set,Stationery,242,12.99,False,0,False,New York,961
2024-11-07,8,Bookshelf,Furniture,21,199.99,False,0,False,Los Angeles,43
2024-11-07,1,Laptop Pro 15,Electronics,20,1299.99,False,0,False,Houston,78
2024-11-07,3,USB-C Hub,Electronics,45,49.99,False,0,False,Phoenix,153
2024-11-07,11,Printer Paper,Stationery,237,8.99,False,0,False,Los Angeles,1060
2024-11-07,9,Notebook A4,Stationery,516,4.99,False,0,False,Chicago,1507
2024-11-08,11,Printer Paper,Stationery,414,8.99,False,0,True,New York,1848
2024-11-08,2,Wireless Mouse,Electronics,131,29.99,False,0,False,Los Angeles,646
2024-11-08,7,Standing Desk,Furniture,10,599.99,False,0,False,Houston,44
2024-11-09,5,Monitor 27inch,Electronics,71,399.99,True,0,False,Phoenix,132
2024-11-09,13,Backpack Pro,Accessories,54,79.99,False,0,False,Phoenix,86
2024-11-09,6,Office Chair,Furniture,23,299.99,False,0,False,Los Angeles,103
2024-11-09,9,Notebook A4,Stationery,337,4.99,False,0,False,Los Angeles,1173
2024-11-09,6,Office Chair,Furniture,20,299.99,False,0,False,Houston,68
2024-11-09,13,Backpack Pro,Accessories,55,63.99,True,20,False,Chicago,111
2024-11-09,2,Wireless Mouse,Electronics,152,29.99,False,0,False,New York,712
2024-11-10,10,Pen Set,Stationery,277,12.99,False,0,False,Houston,810
2024-11-10,2,Wireless Mouse,Electronics,132,29.99,False,0,False,Phoenix,216
2024-11-10,15,Desk Lamp,Accessories,100,26.24,True,25,False,Phoenix,426
2024-11-10,3,USB-C Hub,Electronics,93,49.99,False,0,False,New York,450
2024-11-10,7,Standing Desk,Furniture,15,599.99,False,0,False,New York,64
2024-11-10,5,Monitor 27inch,Electronics,43,399.99,False,0,False,Los Angeles,142
2024-11-10,11,Printer Paper,Stationery,103,8.99,False,0,False,New York,308
2024-11-11,4,Mechanical Keyboard,Electronics,45,149.99,False,0,False,Chicago,133
2024-11-11,7,Standing Desk,Furniture,13,599.99,False,0,False,Chicago,25
2024-11-11,15,Desk Lamp,Accessories,87,31.49,True,10,False,Los Angeles,374
2024-11-11,10,Pen Set,Stationery,328,12.99,False,0,False,Los Angeles,1189
2024-11-12,1,Laptop Pro 15,Electronics,15,1299.99,False,0,False,New York,69
2024-11-12,9,Notebook A4,Stationery,300,4.99,False,0,False,Chicago,1002
2024-11-12,3,USB-C Hub,Electronics,54,49.99,False,0,False,Phoenix,219
2024-11-12,5,Monitor 27inch,Electronics,31,399.99,False,0,False,Houston,139
2024-11-13,4,Mechanical Keyboard,Electronics,88,134.99,True,10,False,Chicago,419
2024-11-13,7,Standing Desk,Furniture,11,599.99,False,0,False,New York,32
2024-11-13,5,Monitor 27inch,Electronics,43,359.99,True,10,False,Chicago,163
2024-11-14,12,Markers Pack,Stationery,1,6.99,False,0,False,Phoenix,4
2024-11-14,3,USB-C Hub,Electronics,49,49.99,False,0,False,Phoenix,184
2024-11-14,1,Laptop Pro 15,Electronics,13,1299.99,False,0,False,Los Angeles,34
2024-11-14,11,Printer Paper,Stationery,257,8.99,False,0,True,Los Angeles,865
2024-11-14,6,Office Chair,Furniture,20,299.99,False,0,False,Los Angeles,50
2024-11-14,6,Office Chair,Furniture,19,299.99,False,0,False,New York,44
2024-11-15,9,Notebook A4,Stationery,403,4.99,False,0,False,New York,938
2024-11-15,3,USB-C Hub,Electronics,52,49.99,False,0,False,New York,93
2024-11-15,12,Markers Pack,Stationery,162,6.99,False,0,False,Phoenix,322
2024-11-15,4,Mechanical Keyboard,Electronics,34,149.99,False,0,False,Los Angeles,107
2024-11-15,8,Bookshelf,Furniture,27,199.99,False,0,False,Houston,65
2024-11-16,6,Office Chair,Furniture,16,299.99,False,0,False,Chicago,59
2024-11-16,4,Mechanical Keyboard,Electronics,109,149.99,True,0,True,Los Angeles,178
2024-11-17,15,Desk Lamp,Accessories,128,34.99,False,0,True,Los Angeles,198
2024-11-17,8,Bookshelf,Furniture,40,169.99,True,15,False,Chicago,177
2024-11-17,8,Bookshelf,Furniture,34,199.99,False,0,False,Phoenix,94
2024-11-17,1,Laptop Pro 15,Electronics,32,1299.99,False,0,True,Los Angeles,72
2024-11-18,6,Office Chair,Furniture,18,299.99,False,0,False,New York,52
2024-11-18,10,Pen Set,Stationery,275,12.99,False,0,True,Phoenix,1178
2024-11-19,10,Pen Set,Stationery,338,12.99,False,0,False,New York,1084
2024-11-19,5,Monitor 27inch,Electronics,34,319.99,True,20,False,Phoenix,133
2024-11-20,3,USB-C Hub,Electronics,91,49.99,False,0,False,Los Angeles,397
2024-11-20,11,Printer Paper,Stationery,367,8.99,False,0,False,Chicago,1567
2024-11-20,7,Standing Desk,Furniture,14,599.99,False,0,False,New York,57
2024-11-20,14,Water Bottle,Accessories,203,19.99,False,0,False,Houston,694
2024-11-20,5,Monitor 27inch,Electronics,56,319.99,True,20,False,Houston,233
2024-11-20,3,USB-C Hub,Electronics,50,49.99,False,0,False,Chicago,133
2024-11-20,7,Standing Desk,Furniture,10,599.99,False,0,False,Phoenix,17
2024-11-20,2,Wireless Mouse,Electronics,82,29.99,False,0,False,Los Angeles,330
2024-11-20,7,Standing Desk,Furniture,10,599.99,False,0,False,Phoenix,29
2024-11-21,1,Laptop Pro 15,Electronics,27,1299.99,False,0,False,Houston,133
2024-11-21,14,Water Bottle,Accessories,141,19.99,False,0,False,Chicago,282
2024-11-22,2,Wireless Mouse,Electronics,281,22.49,True,25,False,Phoenix,1134
2024-11-22,15,Desk Lamp,Accessories,58,34.99,False,0,False,Phoenix,272
2024-11-22,6,Office Chair,Furniture,10,299.99,False,0,False,Houston,40
2024-11-22,13,Backpack Pro,Accessories,35,79.99,False,0,False,Los Angeles,152
2024-11-23,5,Monitor 27inch,Electronics,45,399.99,False,0,False,Los Angeles,179
2024-11-23,2,Wireless Mouse,Electronics,100,29.99,False,0,False,Los Angeles,395
2024-11-23,2,Wireless Mouse,Electronics,127,22.49,True,25,False,Chicago,411
2024-11-24,13,Backpack Pro,Accessories,58,79.99,False,0,False,Houston,271
2024-11-24,8,Bookshelf,Furniture,22,199.99,False,0,False,Phoenix,71
2024-11-24,14,Water Bottle,Accessories,249,19.99,False,0,False,New York,1126
2024-11-24,7,Standing Desk,Furniture,11,599.99,False,0,False,Chicago,36
2024-11-24,14,Water Bottle,Accessories,231,19.99,False,0,False,Chicago,1018
2024-11-25,7,Standing Desk,Furniture,7,599.99,False,0,False,Chicago,30
2024-11-25,14,Water Bottle,Accessories,160,19.99,False,0,False,New York,773
2024-11-25,15,Desk Lamp,Accessories,83,34.99,False,0,False,Phoenix,395
2024-11-25,1,Laptop Pro 15,Electronics,35,974.99,True,25,False,Houston,111
2024-11-25,10,Pen Set,Stationery,287,12.99,False,0,False,New York,565
2024-11-25,9,Notebook A4,Stationery,307,4.99,False,0,False,Phoenix,1376
2024-11-26,8,Bookshelf,Furniture,16,199.99,False,0,False,New York,25
2024-11-26,6,Office Chair,Furniture,15,299.99,False,0,False,Phoenix,70
2024-11-26,6,Office Chair,Furniture,12,299.99,False,0,False,Houston,19
2024-11-26,1,Laptop Pro 15,Electronics,20,1299.99,False,0,False,Chicago,54
2024-11-26,4,Mechanical Keyboard,Electronics,32,149.99,False,0,True,Houston,97
2024-11-27,15,Desk Lamp,Accessories,89,34.99,False,0,False,Phoenix,398
2024-11-27,9,Notebook A4,Stationery,254,4.99,False,0,False,Chicago,695
2024-11-27,7,Standing Desk,Furniture,15,599.99,False,0,False,Houston,62
2024-11-28,9,Notebook A4,Stationery,493,4.74,True,5,False,Chicago,941
2024-11-28,14,Water Bottle,Accessories,138,19.99,False,0,False,New York,292
2024-11-28,2,Wireless Mouse,Electronics,150,29.99,False,0,False,Chicago,496
2024-11-29,7,Standing Desk,Furniture,9,599.99,False,0,False,Phoenix,42
2024-11-29,13,Backpack Pro,Accessories,62,79.99,True,0,False,Los Angeles,136
2024-11-29,2,Wireless Mouse,Electronics,139,29.99,False,0,False,Los Angeles,515
2024-11-29,2,Wireless Mouse,Electronics,115,29.99,False,0,False,Phoenix,441
2024-11-29,3,USB-C Hub,Electronics,60,49.99,False,0,False,Houston,183
2024-11-29,11,Printer Paper,Stationery,363,8.99,True,0,False,New York,1587
2024-11-29,4,Mechanical Keyboard,Electronics,46,149.99,False,0,False,New York,99
2024-11-30,5,Monitor 27inch,Electronics,10,359.99,True,10,False,Los Angeles,31
2024-12-01,9,Notebook A4,Stationery,151,4.99,False,0,False,Chicago,556
2024-12-01,8,Bookshelf,Furniture,38,199.99,False,0,False,Chicago,83
2024-12-01,13,Backpack Pro,Accessories,40,79.99,False,0,False,Los Angeles,184
2024-12-01,13,Backpack Pro,Accessories,56,79.99,False,0,False,New York,109
2024-12-01,9,Notebook A4,Stationery,262,4.99,False,0,False,Los Angeles,1136
2024-12-01,11,Printer Paper,Stationery,152,8.99,False,0,False,New York,429
2024-12-01,11,Printer Paper,Stationery,143,8.99,False,0,False,Phoenix,419
2024-12-02,1,Laptop Pro 15,Electronics,25,1299.99,False,0,False,Los Angeles,40
2024-12-02,13,Backpack Pro,Accessories,41,79.99,False,0,False,New York,92
2024-12-02,1,Laptop Pro 15,Electronics,35,1039.99,True,20,False,Phoenix,68
2024-12-02,6,Office Chair,Furniture,21,299.99,False,0,False,Phoenix,42
2024-12-02,8,Bookshelf,Furniture,28,199.99,False,0,False,Los Angeles,136
2024-12-02,3,USB-C Hub,Electronics,63,49.99,False,0,False,New York,183
2024-12-03,5,Monitor 27inch,Electronics,35,399.99,False,0,False,New York,75
2024-12-03,9,Notebook A4,Stationery,334,4.99,False,0,False,Houston,1029
2024-12-03,15,Desk Lamp,Accessories,27,34.99,False,0,False,Houston,57
2024-12-03,11,Printer Paper,Stationery,268,8.99,False,0,False,Los Angeles,1201
2024-12-03,7,Standing Desk,Furniture,13,599.99,False,0,False,Los Angeles,20
2024-12-04,8,Bookshelf,Furniture,25,199.99,False,0,False,Houston,80
2024-12-04,3,USB-C Hub,Electronics,45,49.99,False,0,False,Phoenix,142
2024-12-05,13,Backpack Pro,Accessories,42,79.99,False,0,False,Chicago,207
2024-12-05,6,Office Chair,Furniture,18,299.99,False,0,False,Houston,29
2024-12-05,11,Printer Paper,Stationery,238,8.99,False,0,False,Phoenix,813
2024-12-05,12,Markers Pack,Stationery,304,6.29,True,10,False,Los Angeles,1046
2024-12-06,15,Desk Lamp,Accessories,63,34.99,True,0,False,Phoenix,111
2024-12-06,6,Office Chair,Furniture,32,224.99,True,25,False,New York,154
2024-12-06,9,Notebook A4,Stationery,220,4.99,False,0,False,Houston,575
2024-12-06,14,Water Bottle,Accessories,195,19.99,False,0,False,New York,801
2024-12-06,1,Laptop Pro 15,Electronics,25,1299.99,False,0,False,Chicago,102
2024-12-06,2,Wireless Mouse,Electronics,118,29.99,True,0,True,Phoenix,262
2024-12-06,4,Mechanical Keyboard,Electronics,19,149.99,False,0,False,Houston,53
2024-12-06,11,Printer Paper,Stationery,273,8.99,False,0,False,Los Angeles,1204
2024-12-06,7,Standing Desk,Furniture,10,599.99,False,0,False,Phoenix,43
2024-12-07,6,Office Chair,Furniture,33,299.99,False,0,False,Houston,160
2024-12-07,5,Monitor 27inch,Electronics,49,399.99,False,0,False,Phoenix,90
2024-12-07,9,Notebook A4,Stationery,314,4.99,False,0,False,Los Angeles,1411
2024-12-08,1,Laptop Pro 15,Electronics,29,1299.99,False,0,False,Houston,98
2024-12-08,3,USB-C Hub,Electronics,124,49.99,False,0,False,Phoenix,509
2024-12-08,10,Pen Set,Stationery,277,12.99,False,0,False,New York,1343
2024-12-08,14,Water Bottle,Accessories,210,19.99,False,0,False,New York,335
2024-12-08,11,Printer Paper,Stationery,356,8.99,False,0,False,Los Angeles,1742
2024-12-08,13,Backpack Pro,Accessories,53,79.99,False,0,False,Houston,203
2024-12-08,7,Standing Desk,Furniture,17,599.99,False,0,False,Chicago,72
2024-12-08,11,Printer Paper,Stationery,465,8.99,False,0,False,Chicago,2232
2024-12-09,4,Mechanical Keyboard,Electronics,34,149.99,False,0,False,Los Angeles,55
2024-12-10,3,USB-C Hub,Electronics,70,49.99,False,0,False,Los Angeles,302
2024-12-10,4,Mechanical Keyboard,Electronics,52,149.99,False,0,False,Phoenix,91
2024-12-10,12,Markers Pack,Stationery,213,6.99,False,0,False,Houston,550
2024-12-10,10,Pen Set,Stationery,178,12.99,False,0,False,Los Angeles,724
2024-12-10,4,Mechanical Keyboard,Electronics,31,149.99,False,0,False,Los Angeles,119
2024-12-11,1,Laptop Pro 15,Electronics,30,1299.99,False,0,True,Phoenix,74
2024-12-11,4,Mechanical Keyboard,Electronics,32,149.99,False,0,False,Houston,98
2024-12-11,15,Desk Lamp,Accessories,66,34.99,False,0,False,Houston,131
2024-12-11,12,Markers Pack,Stationery,194,6.99,False,0,False,New York,398
2024-12-11,8,Bookshelf,Furniture,14,199.99,False,0,False,New York,22
2024-12-11,11,Printer Paper,Stationery,233,8.99,False,0,False,New York,1131
2024-12-11,12,Markers Pack,Stationery,192,6.99,False,0,False,New York,326
2024-12-12,1,Laptop Pro 15,Electronics,27,1299.99,False,0,False,Chicago,75
2024-12-12,15,Desk Lamp,Accessories,68,34.99,False,0,False,Houston,139
2024-12-12,9,Notebook A4,Stationery,354,4.99,False,0,False,Phoenix,710
2024-12-12,15,Desk Lamp,Accessories,76,34.99,False,0,False,Chicago,144
2024-12-12,12,Markers Pack,Stationery,168,6.99,False,0,False,New York,638
2024-12-12,3,USB-C Hub,Electronics,131,37.49,True,25,False,Chicago,224
2024-12-12,8,Bookshelf,Furniture,17,199.99,False,0,False,Houston,28
2024-12-12,8,Bookshelf,Furniture,15,199.99,False,0,False,Houston,43
2024-12-13,10,Pen Set,Stationery,509,11.69,True,10,False,Chicago,2170
2024-12-13,8,Bookshelf,Furniture,20,199.99,False,0,False,Los Angeles,56
2024-12-13,7,Standing Desk,Furniture,14,599.99,False,0,False,Houston,64
2024-12-14,9,Notebook A4,Stationery,383,4.49,True,10,False,New York,1039
2024-12-14,5,Monitor 27inch,Electronics,33,399.99,False,0,False,Los Angeles,62
2024-12-15,1,Laptop Pro 15,Electronics,26,1299.99,False,0,False,Los Angeles,95
2024-12-15,7,Standing Desk,Furniture,22,599.99,False,0,True,Los Angeles,40
2024-12-16,5,Monitor 27inch,Electronics,26,399.99,False,0,False,New York,92
2024-12-16,14,Water Bottle,Accessories,164,19.99,False,0,False,New York,760
2024-12-16,10,Pen Set,Stationery,259,12.99,False,0,False,Los Angeles,785
2024-12-16,7,Standing Desk,Furniture,11,599.99,False,0,False,New York,22
2024-12-16,12,Markers Pack,Stationery,207,6.99,False,0,False,Houston,677
2024-12-16,12,Markers Pack,Stationery,253,6.99,False,0,False,New York,446
2024-12-16,9,Notebook A4,Stationery,389,4.99,False,0,False,New York,1645
2024-12-16,6,Office Chair,Furniture,22,299.99,False,0,False,Los Angeles,83
2024-12-17,2,Wireless Mouse,Electronics,77,29.99,False,0,False,New York,316
2024-12-17,2,Wireless Mouse,Electronics,51,29.99,False,0,False,Los Angeles,226
2024-12-17,13,Backpack Pro,Accessories,42,79.99,False,0,False,Chicago,98
2024-12-17,8,Bookshelf,Furniture,21,199.99,False,0,False,New York,96
2024-12-17,3,USB-C Hub,Electronics,49,49.99,False,0,False,Houston,243
2024-12-17,13,Backpack Pro,Accessories,20,79.99,False,0,False,Phoenix,31
2024-12-18,11,Printer Paper,Stationery,138,8.99,False,0,True,Houston,383
2024-12-18,9,Notebook A4,Stationery,339,4.99,False,0,False,Chicago,770
2024-12-18,4,Mechanical Keyboard,Electronics,34,149.99,False,0,False,Houston,125
2024-12-18,11,Printer Paper,Stationery,282,8.99,False,0,False,Phoenix,1083
2024-12-18,6,Office Chair,Furniture,22,299.99,False,0,False,Chicago,80
2024-12-18,12,Markers Pack,Stationery,251,6.99,False,0,False,Phoenix,1168
2024-12-18,15,Desk Lamp,Accessories,65,34.99,False,0,False,Phoenix,204
2024-12-18,1,Laptop Pro 15,Electronics,25,1299.99,False,0,False,Chicago,77
2024-12-18,13,Backpack Pro,Accessories,57,67.99,True,15,False,Houston,177
2024-12-18,2,Wireless Mouse,Electronics,286,25.49,True,15,False,Phoenix,1200
2024-12-18,1,Laptop Pro 15,Electronics,47,974.99,True,25,False,Phoenix,188
2024-12-18,15,Desk Lamp,Accessories,59,34.99,False,0,False,New York,134
2024-12-18,6,Office Chair,Furniture,24,299.99,False,0,True,Chicago,42
2024-12-18,3,USB-C Hub,Electronics,51,49.99,False,0,False,Phoenix,86
2024-12-19,11,Printer Paper,Stationery,322,8.99,False,0,False,Los Angeles,1059
2024-12-19,2,Wireless Mouse,Electronics,148,29.99,False,0,False,Phoenix,413
2024-12-19,2,Wireless Mouse,Electronics,103,29.99,False,0,False,Chicago,274
2024-12-19,2,Wireless Mouse,Electronics,115,29.99,False,0,False,Phoenix,573
2024-12-19,9,Notebook A4,Stationery,293,4.99,False,0,False,Houston,1174
2024-12-20,9,Notebook A4,Stationery,498,4.74,True,5,False,Phoenix,2125
2024-12-20,7,Standing Desk,Furniture,9,599.99,False,0,False,Phoenix,27
2024-12-20,8,Bookshelf,Furniture,30,199.99,False,0,False,Phoenix,142
2024-12-20,10,Pen Set,Stationery,192,12.99,False,0,False,Los Angeles,424
2024-12-20,2,Wireless Mouse,Electronics,122,29.99,False,0,False,Houston,292
2024-12-20,5,Monitor 27inch,Electronics,22,399.99,False,0,False,Phoenix,58
2024-12-20,10,Pen Set,Stationery,279,12.99,False,0,False,Chicago,1262
2024-12-21,14,Water Bottle,Accessories,180,19.99,False,0,False,Chicago,515
2024-12-21,3,USB-C Hub,Electronics,121,49.99,False,0,False,Chicago,308
2024-12-21,9,Notebook A4,Stationery,356,4.99,False,0,False,Houston,603
2024-12-21,10,Pen Set,Stationery,141,12.99,False,0,False,Phoenix,444
2024-12-21,7,Standing Desk,Furniture,35,509.99,True,15,False,New York,110
2024-12-21,5,Monitor 27inch,Electronics,60,359.99,True,10,False,Phoenix,157
2024-12-21,15,Desk Lamp,Accessories,135,34.99,False,0,False,New York,409
2024-12-22,2,Wireless Mouse,Electronics,118,25.49,True,15,False,Chicago,256
2024-12-22,14,Water Bottle,Accessories,177,19.99,False,0,False,Phoenix,415
2024-12-22,9,Notebook A4,Stationery,437,4.99,False,0,False,New York,2010
2024-12-22,7,Standing Desk,Furniture,18,599.99,False,0,False,New York,65
2024-12-22,12,Markers Pack,Stationery,172,6.99,False,0,False,Phoenix,806
2024-12-24,13,Backpack Pro,Accessories,52,79.99,True,0,False,Houston,205
2024-12-24,1,Laptop Pro 15,Electronics,14,1299.99,False,0,False,Phoenix,38
2024-12-24,4,Mechanical Keyboard,Electronics,89,119.99,True,20,False,New York,212
2024-12-24,8,Bookshelf,Furniture,17,199.99,False,0,False,New York,69
2024-12-24,12,Markers Pack,Stationery,256,6.99,False,0,False,Chicago,569
2024-12-24,14,Water Bottle,Accessories,168,19.99,False,0,False,Houston,801
2024-12-24,15,Desk Lamp,Accessories,85,34.99,False,0,False,Houston,289
2024-12-24,2,Wireless Mouse,Electronics,130,29.99,False,0,False,Houston,404
2024-12-24,13,Backpack Pro,Accessories,57,75.99,True,5,False,Los Angeles,210
2024-12-25,9,Notebook A4,Stationery,605,4.49,True,10,False,Houston,1039
2024-12-25,13,Backpack Pro,Accessories,57,79.99,False,0,False,Houston,149
2024-12-25,15,Desk Lamp,Accessories,14,34.99,False,0,False,Chicago,48
2024-12-25,4,Mechanical Keyboard,Electronics,29,149.99,False,0,False,Houston,44
2024-12-25,11,Printer Paper,Stationery,200,8.99,False,0,False,New York,623
2024-12-26,3,USB-C Hub,Electronics,63,49.99,False,0,False,New York,102
2024-12-26,6,Office Chair,Furniture,18,299.99,False,0,False,Chicago,69
2024-12-26,6,Office Chair,Furniture,12,299.99,False,0,False,Los Angeles,56
2024-12-26,10,Pen Set,Stationery,207,12.99,False,0,False,Phoenix,911
2024-12-26,11,Printer Paper,Stationery,318,8.99,False,0,False,Chicago,501
2024-12-27,15,Desk Lamp,Accessories,70,34.99,False,0,False,Phoenix,266
2024-12-27,1,Laptop Pro 15,Electronics,26,1299.99,False,0,False,Los Angeles,58
2024-12-27,14,Water Bottle,Accessories,222,19.99,False,0,False,Phoenix,436
2024-12-27,5,Monitor 27inch,Electronics,31,399.99,False,0,False,Houston,149
2024-12-28,12,Markers Pack,Stationery,326,5.24,True,25,False,Los Angeles,1359
2024-12-28,10,Pen Set,Stationery,224,12.99,False,0,False,New York,707
2024-12-28,11,Printer Paper,Stationery,620,8.99,True,0,False,New York,1523
2024-12-28,11,Printer Paper,Stationery,613,8.99,False,0,False,New York,1099
2024-12-28,10,Pen Set,Stationery,211,12.99,False,0,False,New York,959
2024-12-28,3,USB-C Hub,Electronics,123,49.99,False,0,False,Los Angeles,196
2024-12-28,15,Desk Lamp,Accessories,70,33.24,True,5,False,Chicago,141
2024-12-28,12,Markers Pack,Stationery,358,6.99,True,0,False,Los Angeles,1552
2024-12-28,2,Wireless Mouse,Electronics,205,29.99,False,0,False,Los Angeles,438
2024-12-29,8,Bookshelf,Furniture,17,199.99,False,0,False,New York,74
2024-12-29,2,Wireless Mouse,Electronics,212,29.99,False,0,False,Chicago,361
2024-12-29,14,Water Bottle,Accessories,163,19.99,False,0,False,Phoenix,500
2024-12-29,10,Pen Set,Stationery,363,12.99,False,0,False,Los Angeles,1217
2024-12-30,2,Wireless Mouse,Electronics,168,29.99,False,0,False,Houston,542
2024-12-30,7,Standing Desk,Furniture,21,479.99,True,20,False,Houston,41
2024-12-31,5,Monitor 27inch,Electronics,31,399.99,False,0,False,Los Angeles,63
2024-12-31,4,Mechanical Keyboard,Electronics,46,149.99,False,0,False,Los Angeles,223
2024-12-31,12,Markers Pack,Stationery,197,5.94,True,15,False,Los Angeles,708
2024-12-31,9,Notebook A4,Stationery,560,4.74,True,5,False,New York,1771
2024-12-31,6,Office Chair,Furniture,20,299.99,False,0,False,Chicago,62
2024-12-31,6,Office Chair,Furniture,19,299.99,False,0,False,Houston,66
